Author,Profile Image,Date (Absolute),Date (Original),Post Link,Likes,Comments,Text,Images (Original),Image Count
온리리온 2호점,https://yt3.googleusercontent.com/jlIhMicbFwdmtEkjkNHgxHZUiEBDWpoSITR1McD7DLbviDYWMkJ2gxlwW634wrMOhFKxV7806U0=s0,2026-02-18 16:28:58,3개월 전(수정됨),https://www.youtube.com/post/UgkxAD16ntFxfGDb6MTWFA-0hpM2lhmuaKAK,25,5,"커뮤니티 규칙 3줄요약 :

1. 정치, 선정적 등 정책위반 게시물 삭제 가능

2. 스포일러, 비틱(자랑) 주의 표시

3. 과도한 닉언, 저격 자제 (댓글은 ㄱㅊ)




커뮤니티 규칙 전문



1. 정치, 비방, 욕설, 분쟁, 선정적 게시물은 임의 판단 하에 삭제될 수 있습니다.

(유튜브 정책, 분쟁 방지를 위한 규칙입니다. 수위와 정도는 전적으로 임의 판단합니다.)



2. 스포일러, 비틱(자랑) 게시글의 경우 되도록 미리보기 방지 이미지와 함께, (스포주의)/(비틱주의)를 내용 앞에 붙여주세요.

(스포일러 기준의 경우 메인스와 테마극장이 나온 목,금요일입니다. 공식적으로 공개되지 않은 컨텐츠 또한 경우에 따라 삭제될 수 있습니다.)



3. 과도한 닉네임 언급, 저격성 게시물은 자제해주세요.

(댓글에서는 소통 가능하며, 게시글 또한 단순 소통 목적의 경우 삭제하지 않습니다.)



그 외는 전부 자유입니다. 어떤 주제든 환영합니다!


커뮤니티, 규칙에 대한 건의사항, 궁금하신 사항이 있으시면 여기에 댓글 달아주세요!",,0
루포,https://yt3.googleusercontent.com/L-XO0jpjfoZyw0-33fBmLatRfca7etj9v7kcw-w4w5c4sIHWmlEbRnzSMLk04IHItbNDowTS=s0,2026-06-09 11:05:21,6시간 전,https://www.youtube.com/post/UgkxR-vQLaHaf5lZ_SW19cEY7-ZihZyv0SXy,1,2,오늘따라 많이 어지럽네....좀 힘든 날이 될거같아...,,0
마리사랑단,https://yt3.googleusercontent.com/GllUzNYohgivBjdzxF3AHFjKYOKlDAxcPwzJGCHjDJKLm396fxWx2QDveqj_GVm0OX5UB2iArLA=s0,2026-06-08 19:47:31,21시간 전(수정됨),https://www.youtube.com/post/UgkxDRjBZgLQCn-k344r-X8yJ9TtYN2yY72w,3,10,"온리리온땅 2호점땅의 커뮤니티땅의 활성화를 위해 만든 아카이브땅입니다
링크땅은 댓글땅에 달았어요",,0
코노 히스클리프다,https://yt3.googleusercontent.com/MTy3Vepc-RhRgFUGFsYMZvStd_w5f6qLqxLwe2qHsswm6s-L_S5Qz3nPtZow4llar4ynfD189Yk=s0,2026-06-08 18:27:29,22시간 전(수정됨),https://www.youtube.com/post/Ugkxp5W22lPC47i0qX4bXcE0xsLEO6dvya66,2,1,"위대해져라 이상, 오티스!!

좋은 의미와 나쁜 의미


좋은 의미: 료슈가 강해진다


나쁜 의미: 오티스랑 이상이 료슈의 강화 재료가 된다(의미 료슈가 스킬 중에서 정확히는 모르지만 아군을 공격하는 스킬이 있는데 처치하면 료슈가 강해진다)",https://yt3.ggpht.com/1-dHHaUxPKmBbdh6EqGwVrv1XkZRwdWFFf7AeVsLaf9hf-1ya8Zw8hl6MvwM2tUQ0YISV4gKcu6b-1M=s0,1
루포,https://yt3.googleusercontent.com/L-XO0jpjfoZyw0-33fBmLatRfca7etj9v7kcw-w4w5c4sIHWmlEbRnzSMLk04IHItbNDowTS=s0,2026-06-08 18:17:51,22시간 전,https://www.youtube.com/post/UgkxaUBmVT69CI_eNe_IbSgm6X5FPORwclFb,4,2,생각 없이 그리는 이상한 배경(아직 미완),https://yt3.ggpht.com/sh35uizpKEB4zsVCY8fwcbkTZl8JQyDPbzgycuepXDUW5R5ItuKCkRuUQYZsA_JzKfru5XJug7XmrpU=s0,1
루포,https://yt3.googleusercontent.com/L-XO0jpjfoZyw0-33fBmLatRfca7etj9v7kcw-w4w5c4sIHWmlEbRnzSMLk04IHItbNDowTS=s0,2026-06-08 11:17:23,22시간 전,https://www.youtube.com/post/UgkxMz36Kpq3NvkanJOFgO59goj_AXrIh7Zj,3,1,붓팬+싸인팬 낙서,https://yt3.ggpht.com/Mj2fUgksB8sHviI-m-nDVADfwwyIMh8nwAPInZyczIKUeU-9_QFQ46ySAlkUL4oqnSkxBa3kl63w=s0,1
루포,https://yt3.googleusercontent.com/L-XO0jpjfoZyw0-33fBmLatRfca7etj9v7kcw-w4w5c4sIHWmlEbRnzSMLk04IHItbNDowTS=s0,2026-06-08 17:48:32,23시간 전,https://www.youtube.com/post/Ugkx8x0UC9MFQglT8oYT_sOZZ2TumFFkUzgR,7,1,자....도시락을 까야겠지?♂️,https://yt3.ggpht.com/o9DnUtaWzsVMsgeBrN_j8fWA7DPL_aD0zMAwPy7jgC6qYECeEV1ZXyNR6Td8833LN4lViQyS_feYCC4=s0,1
온리리온 비밀지점,https://yt3.googleusercontent.com/PadAE7-CoLtyyLKTdk8exebQ3UPWZtjz_elHLUFDWCGtWMNV1_dBxzCuJ1rWwTc06_f_CYzDrg=s0,2026-06-08 17:17:40,23시간 전,https://www.youtube.com/post/UgkxXY84HBaPIe1enk17eyRNGKusIvk8rcC7,2,0,"생방공?지



오늘도 노마이크 작업방
시간은 평소처럼 7~8 시작

사실 공지할 필요는 없긴한데
수요일까지 바빠질거같아서 공지함",https://yt3.ggpht.com/ti6lY_AOtEwxLMfswpVos88ce28EG4wyKVESVPDaL94ZBfuN5ArORqSQOr5DC1bZgqhHJRyNVzWC2Q=s0,1
온리리온 2호점,https://yt3.googleusercontent.com/jlIhMicbFwdmtEkjkNHgxHZUiEBDWpoSITR1McD7DLbviDYWMkJ2gxlwW634wrMOhFKxV7806U0=s0,2026-06-08 17:15:05,23시간 전,https://www.youtube.com/post/UgkxFSnXxvN3DCrW9eU6w5jg21mZodP7gLuV,52,12,신규 엘다인 추측,"https://yt3.ggpht.com/JRYRCPvGJKbYS1mMG1THrHRl8ZlMIW1rrF5-_-ZAkckXZ3UOPcK2w73TzT2UKeVRd-aNfIohDaMv_Q=s0
https://yt3.ggpht.com/Nn_sQLYdVhvharPGM_8gZCOq4SNrfSHN1HD5S7K3i1zomBoEPGJZRCCjKt9PLprqLn3r1DShTKnQ=s0",2
캔,https://yt3.googleusercontent.com/nQ5VrMdOVG8uTxVQ70uu9TWVl9NzftA5DQSWDBPfC0hmlu5jQgI45vq8fg5dh_yxlgPog6LJLQ=s0,2026-06-08 17:11:52,23시간 전,https://www.youtube.com/post/UgkxdSC27nDUBYicelRLdKxTvffCV49ZGQSn,2,1,은석아ㅜㅜㅜㅡ,https://yt3.ggpht.com/4lvsfqQQ8SGUH7sQGHH13iCMBMmYVpkx5kzRka4v-_TbyUnP9QCgArgtagObQS6_4Rnz2WXd4F0gZxY=s0,1
캔,https://yt3.googleusercontent.com/nQ5VrMdOVG8uTxVQ70uu9TWVl9NzftA5DQSWDBPfC0hmlu5jQgI45vq8fg5dh_yxlgPog6LJLQ=s0,2026-06-08 17:08:02,23시간 전,https://www.youtube.com/post/Ugkxd0hZny7YcYlS5_FnrlGIbAXUcGR1rD8v,2,1,,https://yt3.ggpht.com/aAy-pwnd8tNpKZxeqGaRIdpd4ePrc-mg-we64IrDDdv8P4flUKq5Q_EzNGSFU8X16ipcPSjNaofutA=s0,1
온리리온 비밀지점,https://yt3.googleusercontent.com/PadAE7-CoLtyyLKTdk8exebQ3UPWZtjz_elHLUFDWCGtWMNV1_dBxzCuJ1rWwTc06_f_CYzDrg=s0,2026-06-08 07:22:31,1일 전(수정됨),https://www.youtube.com/post/UgkxlnBYGARqcmo6wzPiJwX9w3wL0VCL1sbq,5,3,이제야 밝혀진 리온의 정체,https://yt3.ggpht.com/HLasvXLB5AQJQicqT5Qn8IrSh8vy18Ttvl4HFMBav9eKIzh95CQKGhFFbIrPOTaa44gayHsQm7aJm18=s0,1
온리리온 비밀지점,https://yt3.googleusercontent.com/PadAE7-CoLtyyLKTdk8exebQ3UPWZtjz_elHLUFDWCGtWMNV1_dBxzCuJ1rWwTc06_f_CYzDrg=s0,2026-06-08 07:16:19,1일 전,https://www.youtube.com/post/UgkxS09o3xn7lwDb_AIyWCtQ_ivtUqDcwJC3,4,3,어디선가 본 이드,"https://yt3.ggpht.com/bi_ujncVbiRNxXZQBkA_Vv4ZLM31JT6U0qsOGyn87kSBpyxAcQRXn52zIHs5RIYYSwLJX-ycVMsd=s0
https://yt3.ggpht.com/yZ6BM00xihilVb9NhqLKC5-jgkvEC8EnQPFZpK69sUTtbpTdpzo0mxAMds87D_OCy4Ls_gMiLI682A=s0",2
대승,https://yt3.googleusercontent.com/nBZBJjTIA4vIO_caJlJWFfeKZU8JzjiUeHNFUGI5UoPqmHnkwcDF-NWDdB7zcBDhEaOuTvjPCg=s0,2026-06-08 06:13:33,1일 전,https://www.youtube.com/post/UgkxY_7Jmn_pmsWLUPrSPvnA1QNamNBSbF8j,8,2,여기 맛집이네요..1234등이 전부 이집에서 나왔네,https://yt3.ggpht.com/pnDlkI2cDjD8cxj2luDjOh9m68-10eMqgTaYFEl5Xu1vC0kBIwSbdVl1qYv_zDV_vHT7X6zbiCMDmw=s0,1
Edgalic,https://yt3.googleusercontent.com/JFEjBZp3b79yxyHFQ8F2vAhiFYz1gKVfG2Xsn68DfBk5DZlXHmtd4yponWafXqNx6vpA4xjMXtE=s0,2026-06-08 04:49:18,1일 전(수정됨),https://www.youtube.com/post/Ugkx3_y5HX4a2YUEUWrKOCh_aiB7uWPl1t6a,6,1,"다시 돌아온 새벽속 문학시간
이번에 시집 참여에 떨어졌습니다
그렇지만 후회나 실망감은 없고 오히려 더 분발해야지 라는 마음이 들더군요 여름이라 그런가? 뭔가 청춘을 보내는 기분이랄까
아무튼 참가자분들 모두 응원합니다 그리고 또 새벽에 잠 안자고 쓴 시 들려 드리겠습니다.
죠안 관련 시입니다.새벽이니 또 헛소리를 하자면 흠 뭔가 사슬이 무언가를 억제하는 모습 보다는 누구와 누구를 이어주는 물건이라 느껴졌고
인연은 쉽게 끊어지지 않듯이 사슬도 쉽게 끊어지지는 않는 법이죠.
믿음은 당신에게 날개를 달아드려요 리벤처라는 게임에서 처음 들은 말 입니다.그 말을 듣고 나서 든 생각은 믿음만 있다면 무엇이든 될수있구나 라는 생각 이었습니다.
그렇지만 다음 장면에서 주인공이 절벽에서 뛰어내렸지만 그대로 떨어져 죽는 장면을 보고 조금 충격이었습니다.
아마 이런 충격이 죠안이 자신이 믿던 신에게 배신 당한 기분이었을 것 같습니다 그래서 쓴 시였죠.
이야기가 좀 길어졌네요 시는 아래에 있습니다 혹시 시는 어딨고 헛소리만 써져있어 황당해 하실분에게 하는 말입니다 오지랖이 좀 넓어서 그래요 
이야기가 길긴 하지만 나름 유익한 이야기라서 그냥 쓰고 싶어요 시도 좋지만 가끔은 그냥 말도 도움이 되죠 
아무튼 다음에는 진짜 시처럼 행이나 여러 구성 요소들을 좀 공부해서 제대로 한번 써볼 겁니다 시를 좋아하지만 잘 하는건 아니고 애초에 남들에게 보여준 적도 없어서 이번이 처음으로 남들에게 제가 쓴 시를 보여준 거니끼요 저의 실력을 아직 잘 모르니 열심히해야죠 
원래 잘하는거랑 좋아하는게 항상 같은것일 수는 없는 법이죠
이번에 실패했다고 해서 포기할 이유가 될수는 없잖아요 작년까지 트릭컬 시작 하기전에는 나름 시를 진심으로 좋아하고 열심히 썼었으니까요 
이번일로 오랫만에 시를 쓰니까 기분이 좋네요 앞으로도 저의 시를 쓰는 길은 계속 될겁니다.
솔직히 시나 일부 어려운 작품을 보면 이해가 어려운 것도 있는데 제 시도 이해하기 어려운 부분이 있으니 나름 좋은 시 아닐까요? 아닌것 같네요.



제목:요정은 태어날때부터 날개가 달려있다

믿음은 나에게 날개를 달아 주었다
나는 날개를 뻗었다
나무를 갉아먹는 벌레들을 내려보았다

벌레는 강하게 저항했다
그들은그들끼리 뭉쳐서 그물을 만들었다
아니 사슬을 영원히 늘어나 끊이지 않는 사슬을
사슬이 나의 날개를 꺾는다

날개가 꺾였지만 내 믿음을 굳건하다
그때 믿음이 꺾였다
신은 나에게 날개를 주었다

그러나 벌레에게 날개를 준다고 해서
더는 벌레가 아닌것은 아니다
생각이 든 순간 난 날개를 숨겼다

그때 한 벌레가 손을 뻗었다
내가 내려보던 그 벌레가",,0
토게의 팬텀퍼레이드 생활,https://yt3.googleusercontent.com/xqWSRg0zOx6oXwJ1Lo1BGqWewPErjQbQcLPo3dnPMzUI9WLPeHi5xKvtRHaWXGCM07Vd42rB2g=s0,2026-06-07 22:40:14,1일 전,https://www.youtube.com/post/UgkxUop3mWyzZyhAx9me792kjhK_GDzVkKZe,4,2,지옥같은 여기서 꺼내주세요,"https://yt3.ggpht.com/ph71bxNEf2_uburncAkBqTq55U35vTk9tZa_JNRGnFLxp9lLW6X6IsKfb0swoXHr0gIwsipR2Oqx=s0
https://yt3.ggpht.com/uEKKPxGHgqK1Kkn-ffTrfQpq5FdubCHiocxOvnFTyt-vHJIjCLYNiH3E8eUdY4k3pOb_krOPB1ErPA=s0
https://yt3.ggpht.com/Qkg2XX__to36uS9H1w12XqYYU7QrMhBgxRB_KbWgJY_JZIFWmaKyntHT1XY7byEsfcrNactnaR4h8Q=s0
https://yt3.ggpht.com/0EqGpyUGspeJct10se3-KZ3fyqC_7IRWY3cRJuhcAPxmA4vyoUE8bDbdDW3-k7aUeO76tSELaEhSb08=s0
https://yt3.ggpht.com/2VEPtT-P9qdOXqn27a1FaYe1W_Ey_caLbBDPyUKNco5uS4hU9YFS9R0HMRqftl_eaJcE8qXvIvzL=s0",5
짱킹갓존재,https://yt3.googleusercontent.com/IfbNPAwousNx1zo1l9h2fAsI3j4GZgywRQSJAoHI03Ia75dMCiYV8unQOpSeds2DOsSL_OJWqw=s0,2026-06-07 21:51:29,1일 전,https://www.youtube.com/post/UgkxuquQmpn2kEKVRf8VA9gh30p7qbZJmD3j,5,1,추천 잘했다(?),https://yt3.ggpht.com/gIMKstlAIVDmCGv5uWm5WLWtCmAbXFLfSZ5jVG8V3dkqhdTMOFYoaXvcrUNQN_3EFKwkUOyuRlef=s0,1
캔,https://yt3.googleusercontent.com/nQ5VrMdOVG8uTxVQ70uu9TWVl9NzftA5DQSWDBPfC0hmlu5jQgI45vq8fg5dh_yxlgPog6LJLQ=s0,2026-06-07 21:48:08,1일 전,https://www.youtube.com/post/Ugkx3OCZQc2TI43VCXywfsdR-LAL0E6zlGrY,2,1,주인장 찾아요,https://yt3.ggpht.com/Pmb2fhIc7Ck1Np2rAonwn4FIS0NVKY-PgfoXBQOpBj11SdtYkwPVhtZIIOvQ9TFUSns7ajP5oU3b7g=s0,1
캔,https://yt3.googleusercontent.com/nQ5VrMdOVG8uTxVQ70uu9TWVl9NzftA5DQSWDBPfC0hmlu5jQgI45vq8fg5dh_yxlgPog6LJLQ=s0,2026-06-07 21:37:28,1일 전(수정됨),https://www.youtube.com/post/Ugkx23OZeuNBdhwuwA5Rrv3S9n1XoQZZh4Y9,2,1,5만원 짜리 볼작(수정),https://yt3.ggpht.com/euR3FNpF9wDRFnjodryf7NKzZaiRXdPE3LYc38Rq-8ysAgyjGM8Ra3pPteOfxfM1VXvBJrYNCqfLi5M=s0,1
캔,https://yt3.googleusercontent.com/nQ5VrMdOVG8uTxVQ70uu9TWVl9NzftA5DQSWDBPfC0hmlu5jQgI45vq8fg5dh_yxlgPog6LJLQ=s0,2026-06-07 21:33:25,1일 전,https://www.youtube.com/post/Ugkx7eQWKPt5LOKsdbM4l62tNDvUYZTG8IYg,2,1,,"https://yt3.ggpht.com/zrhOosvBe2OjPaPWrv6w3khJjApttF7Qgqs7uI2XM8vngbu1zD60coo7tcfuXS0w1UBlHaWD328goA0=s0
https://yt3.ggpht.com/qeumCj6pUz9e7UgAS_P6d-swPdlDptXHoW8vRWH2k0spAS_LJHy8YwAfvYojG4XpFzgymVojcwP8=s0",2
캔,https://yt3.googleusercontent.com/nQ5VrMdOVG8uTxVQ70uu9TWVl9NzftA5DQSWDBPfC0hmlu5jQgI45vq8fg5dh_yxlgPog6LJLQ=s0,2026-06-07 21:30:13,1일 전,https://www.youtube.com/post/UgkxJqvuDfcv4x2xArRfXhVBZKwPIoc_u9st,2,1,어흐,"https://yt3.ggpht.com/PFp_2XtxhjuYSm5vMt5G00ZNmwUzkylWOX6AiA5-4lmxk3FA6U1km8imFC48qrKzJsvv9az0e9D9Eg=s0
https://yt3.ggpht.com/70dssBcEUmAu4xzOgbs6_hNFXa88MQFLlfgZ8cNLHTNTqE38A7s2Rdh26ZNOPOU-gOIlL-_xSuDDvw=s0
https://yt3.ggpht.com/W_iH9Kv5BEAWI3HhojwPK2pL7ODunwZ86TW5eO8VtRJ5gUH2F1jthU7KW7-pONnEOkFziRDuI7VPzX4=s0
https://yt3.ggpht.com/EHl5mfGCqxOVsWLFeAqrdso5LOxv81i3vTfPDefBMmHNJiMySLMN7WwgGD23SWU3hPNtMXc8-kPU1g=s0
https://yt3.ggpht.com/XjNQNK2MS_0pFbJVBkOjuyrommxnr-aox9h3O2ixjI87OoNODmu39VQ52mIbYRVNEKU_gLocMEmARQ=s0
https://yt3.ggpht.com/bY4A2nO5CcLRkkn7ZwRthCTVlEAwVa-fb5LkcODapXW52IC2e0gNp9ADNJ9bKbimkPL07uMse7NNWwI=s0",6
온리리온 2호점,https://yt3.googleusercontent.com/jlIhMicbFwdmtEkjkNHgxHZUiEBDWpoSITR1McD7DLbviDYWMkJ2gxlwW634wrMOhFKxV7806U0=s0,2026-06-07 20:52:05,1일 전,https://www.youtube.com/post/UgkxciqY39lE1lALS0w_my4cF2DgorZunwe6,23,3,"트릭컬 볼팝 가사집 / 시집 회지에 참여하실 분을 공개합니다!



정말로 예상치 못하게 많은 분들이 신청해주셨습니다



참여자 분들 :


‪@인생자막‬


‪@시온덜크‬


‪@kimchika224‬
  (진행)


‪@온리리온2호점‬
 (모집)


‪@왓다옴‬


‪@활발마녀‬


‪@orioncloud1772‬


‪@puremom_rapidmania‬
 


신청해주신 모든 분들께 감사의 말씀드리며, 인원이 많아져 참여하지 못하긴 분들께는 정말 아쉽지만 사과의 말씀 드립니다. 다음에 더 좋은 기회 만들어보도록 하겠습니다!

시볼븽(가제) (아직 안정해진 프로젝트 이름...)
어쨌든 회지 프로젝트 많은 관심 계속 부탁드립니다! 좋은 결과물로 찾아뵙겠습니다!",https://yt3.ggpht.com/usgy0jppdt6-t7pa60sOmZOnJXkwxfEvV4AO5nXkmeTICxqQR62SAX2VAdByNsIWNPcZbQ-RGOVcaQ=s0,1
온리리온 비밀지점,https://yt3.googleusercontent.com/PadAE7-CoLtyyLKTdk8exebQ3UPWZtjz_elHLUFDWCGtWMNV1_dBxzCuJ1rWwTc06_f_CYzDrg=s0,2026-06-07 19:48:50,1일 전,https://www.youtube.com/post/UgkxWSquOFKFNwOsgb9C-vfsU-_FjfcytZHM,3,4,"이리와 맨두.



(자랑)

그린사람 : 
‪@소피_노이엔뮐러‬","https://yt3.ggpht.com/ySJW5Wg53poou7-9qFBqibm40A8xjGFysGHyoGlgni5fVU9bOpGXWGwBIccmYz1ckbz9zIq7ByD5OQ=s0
https://yt3.ggpht.com/vwtLIBE-jdjcU5vbgMDJe9yPipuhJwnrEH3-k7qIWIpa5qMUxFXgnOg5V15F_8Nbrw4fcHhGdERypDU=s0",2
와쿠와쿠 프린세스,https://yt3.googleusercontent.com/v-k6Fkgv_nHs-fYbrByeX65pWKqKdkeAkj8hQCa156_RsufyTeAdLVDcdzuQrUy1DHWKjatp=s0,2026-06-07 16:04:42,2일 전,https://www.youtube.com/post/UgkxT5GjrgLkFG20G1D4iQBbfdP7wIjPtjEp,6,4,"리코는 맛있다.
그림-====",https://yt3.ggpht.com/qnwDTXnaIMlhm0fWIvNA9dBWShjnTBFaridXMQpcdn_YXVbfuvQ0r-zn3gKYGzya1-yk0Ttk-tztDw=s0,1
루포,https://yt3.googleusercontent.com/L-XO0jpjfoZyw0-33fBmLatRfca7etj9v7kcw-w4w5c4sIHWmlEbRnzSMLk04IHItbNDowTS=s0,2026-06-07 15:39:45,2일 전,https://www.youtube.com/post/Ugkxgf7EVydNmfDuxD5hXzhZJpqI3PpCwz6d,4,2,병실 창가에서 야수파 리포 그리는중♡,"https://yt3.ggpht.com/yIdGunXDXwDFXpHqovm3sxXqV_06fZGcmA-hDN1CgB9f5K9sqR8eW5jWOw3PrU67HXBLpm_kaJlZ=s0
https://yt3.ggpht.com/vvBF2Ol5q0vz5iS80VUT2QRpgHv_3qMGA4NBNckB5ykVGNLgJymz7wRu4QMU3nW6JUxXwODLWXlrig=s0",2
마리사랑단,https://yt3.googleusercontent.com/GllUzNYohgivBjdzxF3AHFjKYOKlDAxcPwzJGCHjDJKLm396fxWx2QDveqj_GVm0OX5UB2iArLA=s0,2026-06-07 14:48:26,2일 전,https://www.youtube.com/post/Ugkx3XHA1Ak6UhL5rESjsGdesO1XLdJRaWz8,7,1,용못덜,https://yt3.ggpht.com/yNaKHHMcvLFHwn3fwVy-cwWDdsECKgOfZr8QJ3UMtHY6c3fpD0e-FTHtO0s52PkKpOSnLVz5XpCQ=s0,1
외않되?,https://yt3.googleusercontent.com/45ctuo-EVYibovmu3AiutbEGj6I-VPf4QLhZMYiTWj5ROKuqlHHx2vnNjw7NHafQfIUPEmnsLBE=s0,2026-06-07 13:33:11,2일 전,https://www.youtube.com/post/UgkxW3LKUXNDHZOKWYdQ_Mnk5rQ8_GpLjUMT,7,2,"리코 뒷모습

내가 리코 팬아트의 시작을 열겠다!",https://yt3.ggpht.com/NSl56VUC5C4H5Vs7bxM1wY9gSeF8HE5BNrVh1Q5WyTY5XrkOrrTGbq0MbfV44sumRzPWZVLKZF35x20=s0,1
마리사랑단,https://yt3.googleusercontent.com/GllUzNYohgivBjdzxF3AHFjKYOKlDAxcPwzJGCHjDJKLm396fxWx2QDveqj_GVm0OX5UB2iArLA=s0,2026-06-07 05:44:46,2일 전,https://www.youtube.com/post/UgkxQmuFH5KeG2-od1Ksyx3DPvc-odk4y3mx,24,2,누군가를 닮은 리포,"https://yt3.ggpht.com/qu3WzBbGk7PeddLa9PBrgUcU_YbH2S-7j8cuN-ppRB-utl39UsKC447l5Vldh8B2FaTAlo-VdoSq=s0
https://yt3.ggpht.com/ArmFH16EzIcxQIX3DyHPsaYyl06HZL2-vBXRAbsnmapEgJLGAgfG5_Dd5PyXUSogj4VcEfBtk0EjRQ=s0",2
Edgalic,https://yt3.googleusercontent.com/JFEjBZp3b79yxyHFQ8F2vAhiFYz1gKVfG2Xsn68DfBk5DZlXHmtd4yponWafXqNx6vpA4xjMXtE=s0,2026-06-07 05:10:05,2일 전,https://www.youtube.com/post/UgkxCq6dsOu_MqXqpwviJpypNIpxKso0C_87,2,2,"새벽동안 잠 안자고 쓴시
새벽에 쓴거라서 종이에 안썼어요
리온 관련 시고요
졸려서 헛소리를 하자면 리온은 스토리에 출현 안하는 것도 있지만 이 캐릭터가 본인 테극에서 성장하는 걸 보여줬고 티그나 에르핀,레비,헤일리,오르도 성장하는 모습을 잘 보여줬는데 왜 더 성장 시키질 않는 걸 보니 리온은 로리가 맞는거 같아요


따뜻한 마을을 떠나
차가운 도시로 
도시속 영웅을 꿈꾸며
지나간 별볼일 없는 밤들

빛나는 도시와 조명
그렇지 못하는 영웅
미래를 꿈꾸는 사자
어둠속 길을 밝혀 주는 별빛

꿈꾸는 환상속 영웅
그리운 그곳에
한걸음 한걸음 다가가
따뜻한 고향을 향해
도시의 불빛은 별빛을 가릴뿐이야

그리고 이 노래 듣고 딱 생각나서 쓴 시에요

https://youtu.be/WJ6Zf732O1A?si=3j3KW...",,0
마리사랑단,https://yt3.googleusercontent.com/GllUzNYohgivBjdzxF3AHFjKYOKlDAxcPwzJGCHjDJKLm396fxWx2QDveqj_GVm0OX5UB2iArLA=s0,2026-06-06 13:52:05,3일 전,https://www.youtube.com/post/UgkxAz2VR3t9KokaQYgVXpjGmeHvwVDioRwJ,5,3,"연습삼아 그린 저퀄 팬아트


https://youtu.be/pP2X97teJNI",https://yt3.ggpht.com/dkUFa7xqwQdCrEUJbmAct7u7VELDOwfjoB6G02Y6D8_MXm4QjzJUvD2IFkSWaQGxlfazgKyMv1zfcg=s0,1
캔,https://yt3.googleusercontent.com/nQ5VrMdOVG8uTxVQ70uu9TWVl9NzftA5DQSWDBPfC0hmlu5jQgI45vq8fg5dh_yxlgPog6LJLQ=s0,2026-06-06 09:26:16,3일 전,https://www.youtube.com/post/UgkxWjAbQlZPWd7ccPpQDns9sIOaUH6YGFzU,4,3,나한테 왜그래요 에피드,"https://yt3.ggpht.com/9it5NxqZlynjVj619tQXcmOc8qKn3iqLytMX4XIX-LLz4id-5kPtYAL2rp8ippar-3BbZKxYGDSf=s0
https://yt3.ggpht.com/VEKaozluTgMbCynOld3zWZ4CkMw1B_58AISvGziHZhst2IQu1hrMEgTnkFiKpzW-Ujl5z0zjmvSS=s0",2
루포,https://yt3.googleusercontent.com/L-XO0jpjfoZyw0-33fBmLatRfca7etj9v7kcw-w4w5c4sIHWmlEbRnzSMLk04IHItbNDowTS=s0,2026-06-05 17:07:07,3일 전,https://www.youtube.com/post/Ugkx9Rtqvmo2HSAcQrL6O2y3Knot4yfeGYiE,8,9,기묘한 리포들,"https://yt3.ggpht.com/EyKsx4D3RkS6ACwtXaZijSQl2dikwZXieXxz9nprJ4DsWwlKDPhk8i2TRDMK5wq4TDlSN3Q_ZTzQ=s0
https://yt3.ggpht.com/kiUT-OhijlKowKRW2_BJqaEcvK7c99fQFA3QhRX_bwipdFiAJffE5oWwxaJtLIo_7My_8P_wCzTB4_c=s0
https://yt3.ggpht.com/j78OT5eZHX7vg3OvbVKumSt0cfq5blSRhsd32P1BUVFqx6fmsfN9DDKsc00xc_hB62Gpu843Eg1oTw=s0
https://yt3.ggpht.com/KbffHWqCw7FBUSMAGytP0NMIwYZCSh3hYsN6_VLR90wvlf6FVtXW0XDBAlrE0C-ijV4vVnrZU8Qvpg=s0
https://yt3.ggpht.com/N8rmHDcKiHNS2qUKAB5vuog-GB05Vzo6vKwFe2CasjqnsKa8J5nrZEbpYAtUc-m2l2Bj-f8Y04vmhe0=s0",5
왓다옴,https://yt3.googleusercontent.com/lIVXDjDhmiliiSLdEhB8xyPKiwJYgpZl9jYsUpy-dkKULUylKCXLbvAgkWYVMD9H4_PmYylnefw=s0,2026-06-05 16:59:48,4일 전,https://www.youtube.com/post/Ugkx23PBg7oBftPmsf3nUuZuNsQBr8KT4hoJ,40,9,옆에 붙이고 왔어요,"https://yt3.ggpht.com/i7RK_aR_B14w-hnl4iAhURvn_IYEkeCpgdIBx-v_g1xid7CeLeQ1HiqaSTWsDliFzGaYD1yq_lzw=s0
https://yt3.ggpht.com/nhZYuDJrTQD5AItbBtULubhO7CtZ0jausjRsNJfv0GRF5bxZIMiG92VlzV2m_R11Gilekjo9ZsAK6Q=s0
https://yt3.ggpht.com/ss-AKbswkf_jrfT5BN3gscoEvICgEvKRSfKphUM4jHSQtibYklI5czm5m67BQl2mW_pNGP_rrLpNlUk=s0
https://yt3.ggpht.com/0juwpQ8t83YSPH8xPdj9Zzpk2lsHy6CPy8dD0TdDV8eofvMd_wclYFXnngnyhCqD2k9CC86g1rQFNTE=s0
https://yt3.ggpht.com/-ITBdwFTikRLE0tE4eXS-MRKWsC_Rh7SDMhsy8nnY9bvB5DWM53fiNd_W-FPlDIYQU6MOHW9lSlxi5o=s0",5
루포,https://yt3.googleusercontent.com/L-XO0jpjfoZyw0-33fBmLatRfca7etj9v7kcw-w4w5c4sIHWmlEbRnzSMLk04IHItbNDowTS=s0,2026-06-05 09:40:25,4일 전,https://www.youtube.com/post/UgkxZmu6tFdBCOHitUM03iN92oC13tzDV5No,10,5,굿즈아닌 굿즈2,"https://yt3.ggpht.com/7DhusyOOiM6FUMHvKiPUmcWzYAVW7j44KiyLExlMYLMUoEk8lPGk4-o1ztaX-Pw_PLLBXP31k0ST6A=s0
https://yt3.ggpht.com/sY-s3tepswGrSog5ddBxuYmvLl3sxrZgIKlrQR5u0bc12iQaQOKXZHDg7L32kPbai3urZwgfEAu-Mw=s0
https://yt3.ggpht.com/rc6Iyx_45Hgyh-X44O1O9WVBybV5smlF__mw-6SEoHDxjUqZ-V6ZQaEchuBNk93aPztAJyc3uXjFlQ=s0
https://yt3.ggpht.com/ijPg3LZ6-_ymkwwJ5PhnDO6H_XgtcfficxzCHHV3SE9p46qYHt6p7doFXxDuG9C9fnw3bOazLu0yZXA=s0",4
온리리온 비밀지점,https://yt3.googleusercontent.com/PadAE7-CoLtyyLKTdk8exebQ3UPWZtjz_elHLUFDWCGtWMNV1_dBxzCuJ1rWwTc06_f_CYzDrg=s0,2026-06-05 15:33:58,4일 전,https://www.youtube.com/post/UgkxHTA0a95oGjM7AeIborEk70jqrRHp-ruc,7,4,"휴방공지


오늘 휴방

사유 : 현?업 바쁨",https://yt3.ggpht.com/APMjy673lJ36piJYigGwCWuI82XbvU7nnJfwEHzMZtRV8Ak3zOt4yasTOUFmaHhPJvxL-53vbjJYOQQ=s0,1
Edgalic,https://yt3.googleusercontent.com/JFEjBZp3b79yxyHFQ8F2vAhiFYz1gKVfG2Xsn68DfBk5DZlXHmtd4yponWafXqNx6vpA4xjMXtE=s0,2026-06-05 01:10:10,4일 전,https://www.youtube.com/post/Ugkx8-CQzGw9hHVB3vHhu3e3BOd-07r5DDvL,9,2,"유튜브가 반려한 시
더 트릭컬을 읽고 엘드르가 어마무시한 나쁜놈인걸 알게되고 쓴 시? 비스무리한것
제목:가짜 나무(아마 바꿀수도 있음 3시간동안 고민해서 지었는데 다른 좋은 제목으로 바꿀지도 물론 내용도 여러번 갈아 엎을 예정)
해석이 없으면 이해 못 할수도 있는 부분이 있어서 해석은 댓글에 최대한 빨리 쓸게용 다음 시만 다 완성하고





글씨 못 알아 보겠는 분들(나 포함)을 위한 내용
난 도망가야 만 한다
나를 따라 오는게 있다 (도망가야해)
난 그저 그들을 만들었고 재웠다
그후 다른곳으로 떠나 다시 뿌리를 내린다
나를 따라오는 옛날이 있다 (더 멀리)
내가 내버려두고 떠난 자들
고통과 절망속에서 모든걸 잊어버린채 잊혀지는 자들
나를 따라오는 죄책감이 있다 (미안해 정말)
내가 만든 나의 아이들
그리고 내가 상처 입힌 아이들
나를 따라오는 후회가 있다 (왜 그랬을까?)
널 왜 그렇게 쉽게 보내 주었을까?
난 아직 서투른데 난 아직 배울게 많은데
아 난 아직도 제자리구나 
항상 어딘가로 도망을 가도
그저 고통과 절망이라는 씨앗을 뿌리고
그들의 행복을 뿌리로 거둘뿐인
가짜 나무구나",https://yt3.ggpht.com/f-BmOXDw2uNMkoi2PV-sL80f0JCND-XcSm06s3GMSDfWEjQJwP2PbrbX8skEM0KnLpL144yKCQeO6g=s0,1
캔,https://yt3.googleusercontent.com/nQ5VrMdOVG8uTxVQ70uu9TWVl9NzftA5DQSWDBPfC0hmlu5jQgI45vq8fg5dh_yxlgPog6LJLQ=s0,2026-06-04 21:52:18,4일 전,https://www.youtube.com/post/UgkxsXyCA7GM_rWO47UnAN2SvypXJWhLpuWG,4,1,,https://yt3.ggpht.com/i5KwsN8tylZz6jopdaNZ0mRJv1HgRe2pqoyDh3QUb9rcJIx-bgyhEiDfTPseuMT1ylOrn0x5zY-I=s0,1
캔,https://yt3.googleusercontent.com/nQ5VrMdOVG8uTxVQ70uu9TWVl9NzftA5DQSWDBPfC0hmlu5jQgI45vq8fg5dh_yxlgPog6LJLQ=s0,2026-06-04 14:46:38,4일 전,https://www.youtube.com/post/UgkxYLOBOAVDn-_daugabnfjWbbDrUbzdmgZ,5,2,힘내라 힘,https://yt3.ggpht.com/qCDWTW1cdlG7KnHUghwP_1RwUk4jxFnQFjEhCfRp2rjzxTnAx2Ub0mAnMtJAcXi3q0sQUl0-d7r39w=s0,1
와쿠와쿠 프린세스,https://yt3.googleusercontent.com/v-k6Fkgv_nHs-fYbrByeX65pWKqKdkeAkj8hQCa156_RsufyTeAdLVDcdzuQrUy1DHWKjatp=s0,2026-06-04 21:45:46,4일 전,https://www.youtube.com/post/UgkxMPtRMQp2g7kmvHHTL7El4LLQ3e7F7faH,21,3,순수 따잇 누구냐,https://yt3.ggpht.com/hZNhL47Tx2dw6rwAVM2mD2QjDKLcAdhJzQ48pEUejFW20Z5ge6iH9mP-xe9pUqdt5nhgT2co6k5CiNg=s0,1
코노 히스클리프다,https://yt3.googleusercontent.com/MTy3Vepc-RhRgFUGFsYMZvStd_w5f6qLqxLwe2qHsswm6s-L_S5Qz3nPtZow4llar4ynfD189Yk=s0,2026-06-04 20:42:45,4일 전,https://www.youtube.com/post/UgkxgUQfkhd1ACV9a_nn6Xg01nSX2NSE_ZV_,4,1,"(비틱인가? 아무튼)
으아아악 노가다 엄청 힘드네 검지 아비 이상 정가로 얻었다","https://yt3.ggpht.com/ta9AdnyGvsZdiMbM1hoUuk3ppn1PXjSUBgGYuN0jwgH9_hNcNNr9C6QPC7D9TAMsiBfbUzYMhHmwmw=s0
https://yt3.ggpht.com/orxuu6jJ08K9GBcOXL6m2OrHZ3nY-_pz-ECM3zam4f4jmCMNIPs3q5vGPqoFEJfdZC3urmCxCCb9=s0",2
루포,https://yt3.googleusercontent.com/L-XO0jpjfoZyw0-33fBmLatRfca7etj9v7kcw-w4w5c4sIHWmlEbRnzSMLk04IHItbNDowTS=s0,2026-06-04 19:58:45,4일 전,https://www.youtube.com/post/UgkxQLe3HT2IekltzuHjdK2As_xwyhWCGVo8,7,2,저번 일본에서 선물 받은 카드,"https://yt3.ggpht.com/l5URQgyd-mwjtsunLmh31s2O7VKabjDEPr1eKa8D2zhMC7eUvH29zIqd_Z3J4GmEdcz7coSY9C2U0As=s0
https://yt3.ggpht.com/QaZEUw6H2cH7TlGZ7IGwxar5poCwMd2cyR2DMW-E5LJ3bwhfuXFT3-3ly-Dc4539qYgKEvV8aam6vDk=s0
https://yt3.ggpht.com/7dlHjb_YoMARtLuarGfb-fdN_g6PT1hirh3D40QZw2fjO8D2kunDeah-K4WjnwgzzxWFEbnm9CFarg=s0
https://yt3.ggpht.com/4XgVGbkjY5RBaPq8Q3EmLQl0IQMF-5koBy350gZI7QQVtPlxoq7qZjmnEk7JhDOSN_UFWf1jU9RZ=s0
https://yt3.ggpht.com/fxIapCnQfJK8P-vDMn8soz7dnVRt28ez6PvlAe3AC6t_gwZfhuk_kRheBOAtPH3LybDW8Hq9DkDP=s0
https://yt3.ggpht.com/-Do_cEHPgRCk7n1AZ0x3I5bbo8l1ii_5Jbof75CdQ2wWnkCYrLvOi1ZZrBuL_FSK4tJKeRliUxH0Wg=s0
https://yt3.ggpht.com/8kryaQ5OBTcXdYeWYegrEAYGHPp3VVnTplORHOzxb1fSibcguTZpEimiytRsmuiVJwZWTRJioqHn=s0",7
우이_Ui,https://yt3.googleusercontent.com/0T9Zhhm4OTbv51-9V0ymmvsSeCblvb_BEuL6YeNbhhgUwUZQdNuDOnZSoyDe-OJNKyine6xDqg=s0,2026-06-04 19:55:57,4일 전,https://www.youtube.com/post/UgkxHxqPtD-QTQ1lIi6zaPiyjJlYtg18fSR0,5,3,"모두들
해맑게 한번 웃고 앞으로 보며 나아가기를",,0
루포,https://yt3.googleusercontent.com/L-XO0jpjfoZyw0-33fBmLatRfca7etj9v7kcw-w4w5c4sIHWmlEbRnzSMLk04IHItbNDowTS=s0,2026-06-04 18:08:54,4일 전,https://www.youtube.com/post/UgkxBzQsG67LpqJiEpBhfPDd_k-BC7R1oQYB,60,2,그런 것이냐? ^^,https://yt3.ggpht.com/DWCDerqa_i2P4FEBbSQfj0KFekWNgwcfVPxdTTMDvAKmzINR8EHyzaLlmNjSHCW_rKrK5R74iSvY0A=s0,1
온리리온 비밀지점,https://yt3.googleusercontent.com/PadAE7-CoLtyyLKTdk8exebQ3UPWZtjz_elHLUFDWCGtWMNV1_dBxzCuJ1rWwTc06_f_CYzDrg=s0,2026-06-04 18:03:35,4일 전,https://www.youtube.com/post/UgkxfQJpgllOhQPnyYjbJ4YMo26WVwiWSL0G,6,5,"늦?방 공지

버스 잘못타서 산에 갇힘

탈출못하면 늦방



(맨날 다녔던 동네 조그만 뒷산이라 안전함. 지도보고 잘 가는중)",https://yt3.ggpht.com/aNFJF5J1MSX8nIUxnL8Ob1_XemORQOL5SxMWtYmwQc-xi9TkltrOgXCzpDHf8PjM1F0FCO4s6uOxPQ=s0,1
루포,https://yt3.googleusercontent.com/L-XO0jpjfoZyw0-33fBmLatRfca7etj9v7kcw-w4w5c4sIHWmlEbRnzSMLk04IHItbNDowTS=s0,2026-06-04 17:49:54,4일 전,https://www.youtube.com/post/UgkxidfIQp1FEhyDrNAd9pVY84QEomeHWPKa,33,6,왜 프로포즈가 생각나지..중독인가?,https://yt3.ggpht.com/KLgrN09MvGf4tTC24ChHOM-NT7Tzv68DB6JrdFgp47gh_gV78Z86QTtUWS5Qp_S5vbbTpuoRvsITtg=s0,1
스터디,https://yt3.googleusercontent.com/L_JdrRr-BteWXu2bhIM1K0maSqVUmGip8I7pck6ZAS9-Eg_1ktYBWtHLEu36drSSDA9M_-P-OA=s0,2026-06-04 12:15:54,5일 전,https://www.youtube.com/post/UgkxYxRV9zwiTwh5ISi7m2RQUA7Qn3IW2QS7,4,1,죠고 그림 (100/14일차),https://yt3.ggpht.com/-DH7m3V3COEKvnRZYWs7ncTB1G1Rds1cT5GwxFuIT5qLz7pKA-YP7WMpd-m7nANs8cfRSSEXeYgnSw=s0,1
코노 히스클리프다,https://yt3.googleusercontent.com/MTy3Vepc-RhRgFUGFsYMZvStd_w5f6qLqxLwe2qHsswm6s-L_S5Qz3nPtZow4llar4ynfD189Yk=s0,2026-06-04 09:42:13,5일 전,https://www.youtube.com/post/UgkxHNMMpzFrla2mlbLKMHOLML-NGQrJUiS1,6,1,코미 그리다가...... 이렇게 됬네(코미는 사랑입니다),"https://yt3.ggpht.com/HTLmBMLFw_IiHCCd3zQPZYEcLdvdGVYr0ouRpk_94jR1BrofhOIi7K6fCW9oklptDZn7S_GDOGaOmYA=s0
https://yt3.ggpht.com/q9DXaBKmZ2FD05opn4BgI_VcvODR7f6A8uJuPtK8MiGtBadrJNC8SoGrCggB5teLNbvTn129FW0qkg=s0",2
코노 히스클리프다,https://yt3.googleusercontent.com/MTy3Vepc-RhRgFUGFsYMZvStd_w5f6qLqxLwe2qHsswm6s-L_S5Qz3nPtZow4llar4ynfD189Yk=s0,2026-06-04 09:39:00,5일 전,https://www.youtube.com/post/UgkxwSZmpCdwQhIi3LYgOgn10rC5ZgeGoX5l,0,1,"(비틱 입니다)
간지나는 히스클리프 E.G.O
바로 흉탄 입니다 여러분(물론 성능은 구리지만)",https://yt3.ggpht.com/rViuADSptZxYNRswmobqakb-xPydsHiNhJ5HCDywq2Dcerk0ZavXa5wKa72tzdp_c9gf5bmVnmID1ig=s0,1
캔,https://yt3.googleusercontent.com/nQ5VrMdOVG8uTxVQ70uu9TWVl9NzftA5DQSWDBPfC0hmlu5jQgI45vq8fg5dh_yxlgPog6LJLQ=s0,2026-06-04 07:52:29,5일 전,https://www.youtube.com/post/Ugkxom0rRG51ZUskOKhpPeZ13afu7iJTsc8s,4,1,도망쳐야할거 같은 비주얼,https://yt3.ggpht.com/NXO_F8J0Pi_j_5cxnPNtUN_NJRhaI3mqxvXEPnPUJq6fZeltsyGV0Yv9_47LffTH_MPAfUZNw9F6pg=s0,1
캔,https://yt3.googleusercontent.com/nQ5VrMdOVG8uTxVQ70uu9TWVl9NzftA5DQSWDBPfC0hmlu5jQgI45vq8fg5dh_yxlgPog6LJLQ=s0,2026-06-03 23:25:43,5일 전,https://www.youtube.com/post/UgkxerwLh0t3BuyYIpln0J_DCQHcNpl8owqh,5,2,이건 사야됨,"https://yt3.ggpht.com/ACfOa97inBjtWTuqSZaBG3h1gmP_7b0zrsq5ydLCagzhsh0DrqVOAnFZSBho18oeq8CCkux2m_Wq=s0
https://yt3.ggpht.com/rohrZuTyEZm2OuTOW1rndQf4v_nBs0hz7oEft1FvacVzpMBydZE66NTXMvKBe3aitLDoWxSGNQZjpg=s0",2
Edgalic,https://yt3.googleusercontent.com/JFEjBZp3b79yxyHFQ8F2vAhiFYz1gKVfG2Xsn68DfBk5DZlXHmtd4yponWafXqNx6vpA4xjMXtE=s0,2026-06-03 21:41:34,5일 전,https://www.youtube.com/post/UgkxEL1E_6kCYevdwjurdKNJtedGqeiu_1Bs,8,2,맨두 먹으면서 시 쓰기,https://yt3.ggpht.com/UKxek4njWDYyeBiGo2cDPO9q-xh_ybFmgj0s1c4gVNnaPuLPcQxcGUx420-Wo8PITkHogbS6pAqZ=s0,1
와쿠와쿠 프린세스,https://yt3.googleusercontent.com/v-k6Fkgv_nHs-fYbrByeX65pWKqKdkeAkj8hQCa156_RsufyTeAdLVDcdzuQrUy1DHWKjatp=s0,2026-06-03 19:16:30,5일 전,https://www.youtube.com/post/UgkxwB6lSxqVZlXfM09WiUDjMmhMRSmVo28I,9,2,"끝나자바자 버스 놓쳐서 1차위기, 버스 놓쳤다고 걸어가다 2차 위기, 겨우 도착해서 열차 남은게 무궁화 호 없고 ktx만 있어서 3차 위기 집 진짜 겨우 왔다.",,0
온리리온 비밀지점,https://yt3.googleusercontent.com/PadAE7-CoLtyyLKTdk8exebQ3UPWZtjz_elHLUFDWCGtWMNV1_dBxzCuJ1rWwTc06_f_CYzDrg=s0,2026-06-03 18:41:54,5일 전,https://www.youtube.com/post/Ugkx3rn710zv_R_g09Fwj-crVl3aakjcjLvL,6,7,"휴방공지


쉴게요


앞으로 휴방공지 다시 원래대로
커뮤니티에 올릴 예정 (불편하긴한데 일단)


소드마스터 비둘기 보고가셈 대신",https://yt3.ggpht.com/_I478LlwUDPNFP3SSmJJD8ZoYOnVVgG310gzX9uLVcC-50zdTlZu3087ekDgqPj2zfUrBOQcFIGgm5k=s0,1
외않되?,https://yt3.googleusercontent.com/45ctuo-EVYibovmu3AiutbEGj6I-VPf4QLhZMYiTWj5ROKuqlHHx2vnNjw7NHafQfIUPEmnsLBE=s0,2026-06-03 10:52:33,5일 전,https://www.youtube.com/post/Ugkxd3323752dvbbbRrnGFcTowhFYUiVwjkm,26,4,난 시는 못쓰지만 그림은 그리지,https://yt3.ggpht.com/4c9TInjuG1VHD0qjeBIEFJfNpjXM5wbl1O_HKh-1UCCDc0c8LiB6VnzamthHZeoJZ4qagECSe8fRXg=s0,1
와쿠와쿠 프린세스,https://yt3.googleusercontent.com/v-k6Fkgv_nHs-fYbrByeX65pWKqKdkeAkj8hQCa156_RsufyTeAdLVDcdzuQrUy1DHWKjatp=s0,2026-06-03 13:56:09,6일 전,https://www.youtube.com/post/UgkxcLnJjL4tcMFqWMG-KXQvl1MHQgTQ8QE_,15,9,아니 나는 에르핀 그렸눈데 옆에서 리온 시온 그리면 나는 뭐가 되,https://yt3.ggpht.com/l37X0WSQ_ovccooP_2v-pl3QyN34_7fmSJXainkQG23v1OMfSXC1xwze6r2As2rV62EDhu6EhaLXhPE=s0,1
와쿠와쿠 프린세스,https://yt3.googleusercontent.com/v-k6Fkgv_nHs-fYbrByeX65pWKqKdkeAkj8hQCa156_RsufyTeAdLVDcdzuQrUy1DHWKjatp=s0,2026-06-03 13:42:04,6일 전,https://www.youtube.com/post/Ugkx2b-t8niU03udVUGTLdbHmPvqOfk3cLDB,13,4,메시지룸 1,https://yt3.ggpht.com/fw9vwwSS4Mlq4RVn9xUHMDvmMv0Yp-4a2Y7J8htfniWb3SKgMnphFmpiRSgkCHC8d1rCyaf_pvlb6A=s0,1
루포,https://yt3.googleusercontent.com/L-XO0jpjfoZyw0-33fBmLatRfca7etj9v7kcw-w4w5c4sIHWmlEbRnzSMLk04IHItbNDowTS=s0,2026-06-03 13:27:14,6일 전(수정됨),https://www.youtube.com/post/UgkxR8bKPQ9jGAznPqLGiFbh4mvE7fECXHHK,5,1,선명도 살짝 올린 버전(폰으로 가볍게 편집한거라 화질이..음음),https://yt3.ggpht.com/tQABSPGK3qhhu_fS4StgB3uaUTkgQETfcCVTDbwO7CeDC4IWhqBdPLdf1mXLgEbxVbV0MhOvmgtJpQ=s0,1
루포,https://yt3.googleusercontent.com/L-XO0jpjfoZyw0-33fBmLatRfca7etj9v7kcw-w4w5c4sIHWmlEbRnzSMLk04IHItbNDowTS=s0,2026-06-03 05:46:26,6일 전,https://www.youtube.com/post/UgkxVd6-OPETv796pdtbZ-B4z1ekHfBOoInX,6,2,Leonbus,"https://yt3.ggpht.com/VWg8vaApSjZRlTE93XC2kEKHec34zBFJQpMk03f68yB83i0UYFw2KZjyks9XZqw6wcoC3Tn2f0BY8A=s0
https://yt3.ggpht.com/AW8QLA8FuvDvm00zgcmr40d4T3X5Ju0-OYk98dkL0L0ViGVZ2sSS8E8tVjjDFTVIEiZ3ZCG9acM4aw=s0
https://yt3.ggpht.com/iMhzOauTPUVTxc-5ogqijn5G49oRuAT_qczEfYfrX6qA-y-38bBZ8M8sAemySZOOAC1nAjwQPmq8Ew=s0",3
와쿠와쿠 프린세스,https://yt3.googleusercontent.com/v-k6Fkgv_nHs-fYbrByeX65pWKqKdkeAkj8hQCa156_RsufyTeAdLVDcdzuQrUy1DHWKjatp=s0,2026-06-03 09:33:07,6일 전,https://www.youtube.com/post/Ugkx8kQpXHX2tLU9UGUv4cIygrg-S_V_6L_s,10,3,대구 겁나 멀다 헤ㅔㅎㅎㅎ,https://yt3.ggpht.com/XofS3iwsWZKGH-f63GvHmKagz8DKgBoJWDvOs_nxSht8YBYiUNnjedXWe6RZqPBRu2IAZ2RbxQw5OQ=s0,1
와쿠와쿠 프린세스,https://yt3.googleusercontent.com/v-k6Fkgv_nHs-fYbrByeX65pWKqKdkeAkj8hQCa156_RsufyTeAdLVDcdzuQrUy1DHWKjatp=s0,2026-06-03 06:24:57,6일 전,https://www.youtube.com/post/Ugkx1TQHl6M3ke7TOveZBZF23Vcesj0xcfWy,7,5,주변에 그림 잘그리는 친구 둬야하는 이유,https://yt3.ggpht.com/3qB82pz5I65CpJZV4AOcvX_DwzFpvilvxm4elOe8W53cZjasPtFIc2jhn8ry1AWNYnSl_hzoh7_u=s0,1
온리리온 비밀지점,https://yt3.googleusercontent.com/PadAE7-CoLtyyLKTdk8exebQ3UPWZtjz_elHLUFDWCGtWMNV1_dBxzCuJ1rWwTc06_f_CYzDrg=s0,2026-06-02 23:14:03,6일 전,https://www.youtube.com/post/UgkxkjyYqrJ5EAcq3GQf3WgC2hxAFQIo-Gyx,5,4,"방송에서 까먹고 얘기안했는데

치지직에서 영화 다시보기 하거든요

대신 그거하면 유튜브에선 못킴

볼까요 말까요

영화는

황해 <- 이건 안봤고요 뭔지모름

용서받지 못한 자 <- 이건 군대 영화인데 봤고요 GOAT고요

군대 특집 할까요 대신 챗치려면 치지직 계정 있어야함",,0
와쿠와쿠 프린세스,https://yt3.googleusercontent.com/v-k6Fkgv_nHs-fYbrByeX65pWKqKdkeAkj8hQCa156_RsufyTeAdLVDcdzuQrUy1DHWKjatp=s0,2026-06-02 21:15:39,6일 전,https://www.youtube.com/post/UgkxmScq1xTsAbHosIV3MAmpTnUoZfKAfV8s,23,2,헤헿 내일 간다..... 헿... 헤헿ㅎ......,https://yt3.ggpht.com/CKN03M33_FzHHviozbHv2fSlRv97pX0ZNadrtYHMSS16kkgC79qCufkDAjAfzLjLOnMHINIJ-HKP=s0,1
온리리온 2호점,https://yt3.googleusercontent.com/jlIhMicbFwdmtEkjkNHgxHZUiEBDWpoSITR1McD7DLbviDYWMkJ2gxlwW634wrMOhFKxV7806U0=s0,2026-06-02 19:39:56,6일 전(수정됨),https://www.youtube.com/post/UgkxVUmjcdu-inq7QNqHqDdX7d2ZHgxmKLX1,62,12,"트릭컬 볼팝 가사집 / 시집 회지에 참여하실 분을 모집합니다!



볼팝 만드시는 분들 위주로 가사, 시를 모아서 9월 행사(미정)에서 합동 회지로 판매할 예정입니다

6~8명 모집 예정이며 상황에 따라 변동될 수 있습니다. 인당 3~4편의 작품을 수록합니다

회지 비용 부담이 있으며, 작업 조율을 위한 연락 수단이 필요합니다



신청 링크 : 
https://forms.gle/BW5xnXT7RAngXAjr6


마감 : 금요일 
23:59
 까지 (마감됨)


기타 문의나 질문 있으시면 댓글 / 유튜브 커뮤니티 / 이메일 9neuen9@naver.com 으로 연락 주세요!","https://yt3.ggpht.com/58b87e-Z397lQnXWBQxtQQU7kOlw1LWQ7ojJOPhGt0N4RnVPMn1rqD3TQtPvLWZSaC6MOcXRIeozTw=s0
https://yt3.ggpht.com/Ac90F92IAQo8fGs_488YXnL2kKbnw-ljYTA5MEkd9gN-1KaVZtJciwox8qiHnekerK5H_uELWMMt=s0
https://yt3.ggpht.com/KCkarDO6rPQwUeOhB-7onWY_RrwA8h-5JV4fOMYFf15ePVHCNiDBCeOWMu3PH37uGFDTughqlrt59Bs=s0
https://yt3.ggpht.com/6mDyKdolBDnQ6bFV-1hepQxxPQf9733zcScQlXkdnKLQbBO6xFi4lSVTqrYO2G43gXoC_A1tV5v3=s0",4
스터디,https://yt3.googleusercontent.com/L_JdrRr-BteWXu2bhIM1K0maSqVUmGip8I7pck6ZAS9-Eg_1ktYBWtHLEu36drSSDA9M_-P-OA=s0,2026-06-02 19:39:08,6일 전,https://www.youtube.com/post/Ugkxa98gt1KJ44qeCO2yVoZ3zcIA1ufMy1Od,5,1,죠고 그림 (100/13일차),https://yt3.ggpht.com/x3GrZycxGE7d8TKF5cJbPJVU06CLnu_m5FRoqHmrwNCJNiDK5Jj57gI7bAnb47IgxlIMTEZQfxKiEQ=s0,1
왓다옴,https://yt3.googleusercontent.com/lIVXDjDhmiliiSLdEhB8xyPKiwJYgpZl9jYsUpy-dkKULUylKCXLbvAgkWYVMD9H4_PmYylnefw=s0,2026-06-02 18:48:39,6일 전(수정됨),https://www.youtube.com/post/UgkxjL7bjp09Yt7IhWp3wMvB08x01vqBYIPr,5,3,"ㄹㅍㅇ, ㅂㅅㅇㄴ ㅋㄹ!",,0
레몬좍,https://yt3.googleusercontent.com/IMTQD9ZbrrqrEH-Tqo9d072VnIhiTj_xCnDS41ovLnwSqKaMPK3fdy25MbusxXpNDEiA5rMNuA=s0,2026-06-02 16:32:42,7일 전,https://www.youtube.com/post/UgkxO0fZUJZx2cCbAyU1Tx-espCDYTAJXuwi,80,4,"?!

숭배합니다 히어로 역사상 최고

GOAT","https://yt3.ggpht.com/HU1EJ87tCqWDiM22Qq2n92hjouOOOJxxjmrv3OF5wpukDtkGNnrlTjoG-JP_Gr8uLB7h7282q3jW=s0
https://yt3.ggpht.com/KMueYTQw-_uBP284qmKka3OWz-Rl7onuq3AlFJVOkQPqCqZVhQXMPU6CGEx3ilOumsAwtjv-b6Hj=s0",2
토게의 팬텀퍼레이드 생활,https://yt3.googleusercontent.com/xqWSRg0zOx6oXwJ1Lo1BGqWewPErjQbQcLPo3dnPMzUI9WLPeHi5xKvtRHaWXGCM07Vd42rB2g=s0,2026-06-01 22:56:44,7일 전,https://www.youtube.com/post/UgkxhP-mN1Xo7EuxmYO1R7CFWbcGD6hG4i7M,1,2,제미나이가 만든 프로필🤯🤯,https://yt3.ggpht.com/E8lX4kEfENrtocepqyqqZrB3z8xXnCAXCxeCTE84Wl0_oHPe4KRqME5AyQqXOpsIjIMYuN2J9ye10w=s0,1
온리리온 비밀지점,https://yt3.googleusercontent.com/PadAE7-CoLtyyLKTdk8exebQ3UPWZtjz_elHLUFDWCGtWMNV1_dBxzCuJ1rWwTc06_f_CYzDrg=s0,2026-06-01 20:47:25,7일 전,https://www.youtube.com/post/UgkxTOkdn0wXaXv9jtTHXoz5m670N_mmFQbH,6,1,,https://yt3.ggpht.com/xnHL9taK1NpBXhODD7Axw6X-nDuS_X9XDtxkAlXBiSoOlGZv9pb6tJ0tcBrUAYTqvxCUZw6ZCpyZ=s0,1
와쿠와쿠 프린세스,https://yt3.googleusercontent.com/v-k6Fkgv_nHs-fYbrByeX65pWKqKdkeAkj8hQCa156_RsufyTeAdLVDcdzuQrUy1DHWKjatp=s0,2026-06-01 20:37:05,7일 전,https://www.youtube.com/post/UgkxJugv5-4WCPe92UF3Vb0n1RnzSFH9zUVD,6,1,박태언 - 상사꽃 사랑 추천합니다,,0
스터디,https://yt3.googleusercontent.com/L_JdrRr-BteWXu2bhIM1K0maSqVUmGip8I7pck6ZAS9-Eg_1ktYBWtHLEu36drSSDA9M_-P-OA=s0,2026-06-01 19:15:38,7일 전,https://www.youtube.com/post/UgkxiQQopOD0oS0pDGoVqRMfXVTWgcCOKXKz,6,1,죠고 그림 (100/12일차),https://yt3.ggpht.com/ze7syt1B3GpdRcj0kMpEB-hNhiOuqG7LDwnb70fh4DnTLu_wDhRKNqAyZuLCmgqOgsPlfZFtLR8nCcg=s0,1
왓다옴,https://yt3.googleusercontent.com/lIVXDjDhmiliiSLdEhB8xyPKiwJYgpZl9jYsUpy-dkKULUylKCXLbvAgkWYVMD9H4_PmYylnefw=s0,2026-05-31 21:43:11,8일 전(수정됨),https://www.youtube.com/post/UgkxZRTrw8s_x6jE9phSH3X3XBbuaRHnohiE,12,4,야매 시 (출처: 나),"https://yt3.ggpht.com/660GexWQzPSFyoUCDGQHx_GpVLC6YtG6eTfgQbV-4ZkJ6nGeCZ7XAc8Ild2IrBBnrmKwq0iuFT7Pkg=s0
https://yt3.ggpht.com/3W-xru23bJS_M-FKVQREsgaLJ6JM-HgmGvxaDIzjFDSkqXkplo_vsxbKDZC1TgPajlHzkm0nVI4CNf8=s0",2
루포,https://yt3.googleusercontent.com/L-XO0jpjfoZyw0-33fBmLatRfca7etj9v7kcw-w4w5c4sIHWmlEbRnzSMLk04IHItbNDowTS=s0,2026-05-31 19:48:46,8일 전,https://www.youtube.com/post/UgkxHgL8ZjUmK1d5d40qwNIwItVF1caB4qFZ,7,12,사악한 리포,"https://yt3.ggpht.com/kzlPfSpja4qv9hZNDmY4k3X9DevQewuv67VHod4ZSiy9X4YoDcD3Ni-MPfI5g8dEkaOFaCJ0mLU3Ew=s0
https://yt3.ggpht.com/dF7OcK_5lTAFs9MOH3uoqtyOW5oDOOuXhaxB3fwkooOFoY8HCuiGFZtxUv7VsiQVt6Suj7BXvoiP1TA=s0",2
스터디,https://yt3.googleusercontent.com/L_JdrRr-BteWXu2bhIM1K0maSqVUmGip8I7pck6ZAS9-Eg_1ktYBWtHLEu36drSSDA9M_-P-OA=s0,2026-05-31 19:00:07,8일 전,https://www.youtube.com/post/Ugkxx-3eUBOn3sz3mqXtdQkdh3JdHGGxWeLn,5,1,죠고 그림 (100/11일차),https://yt3.ggpht.com/VsRsvXZmYIHa49KAbKgiJFep697z93MddxiBkqtj-RU1RT1ONmbvwq1UTQffcGiIXE3MZzXZ2Q7bWg=s0,1
Edgalic,https://yt3.googleusercontent.com/JFEjBZp3b79yxyHFQ8F2vAhiFYz1gKVfG2Xsn68DfBk5DZlXHmtd4yponWafXqNx6vpA4xjMXtE=s0,2026-05-31 08:52:48,9일 전,https://www.youtube.com/post/UgkxwbqwUQn6K-aWdpABvloBiVTKgPwJq7jm,3,4,"춤춘건데요 보면 주농 보낼거에요 
https://youtube.com/shorts/wlThbyMwZb...",,0
Edgalic,https://yt3.googleusercontent.com/JFEjBZp3b79yxyHFQ8F2vAhiFYz1gKVfG2Xsn68DfBk5DZlXHmtd4yponWafXqNx6vpA4xjMXtE=s0,2026-05-30 22:56:17,9일 전,https://www.youtube.com/post/Ugkx8yClgL8Hsm9AqyusN8XogowY58Y89Qa9,10,2,온리리온 처럼 귀엽고 맛있는? 계란후라이랑 밥!,https://yt3.ggpht.com/XIUL9kcT6C0xpflAoc65cht3vmBilhll_RPSpUeC0p5F9Q2rpt1n4eYFVtnWV6q8Oqbwki2y5ICm=s0,1
마리사랑단,https://yt3.googleusercontent.com/GllUzNYohgivBjdzxF3AHFjKYOKlDAxcPwzJGCHjDJKLm396fxWx2QDveqj_GVm0OX5UB2iArLA=s0,2026-05-31 00:34:35,9일 전,https://www.youtube.com/post/Ugkx8ryeNrGtiPKiDXLTX8z0KEbmsq1yaxyZ,5,1,"자동 표정 감지 어플을 업데이트 했습니다.

구글 api를 로컬 AI 엔진으로 변경하여 반응속도와 정확성을 향상했습니다.


https://youtu.be/WeDovMIQ0LQ?si=CAQGu...",,0
루포,https://yt3.googleusercontent.com/L-XO0jpjfoZyw0-33fBmLatRfca7etj9v7kcw-w4w5c4sIHWmlEbRnzSMLk04IHItbNDowTS=s0,2026-05-30 23:57:04,9일 전,https://www.youtube.com/post/Ugkx7BmOLg4KU5RufTkVElVRCvou0mhlWX5g,11,2,개인적으로 림버스 최애 캐릭터,https://yt3.ggpht.com/uuP_sYWC1SlbTCFoCFrSZUd9GUxDP0V3KAWc6zeRUWU5NjGtyxw28dydP4N3x7dn1_WTbrleHVl5og=s0,1
스터디,https://yt3.googleusercontent.com/L_JdrRr-BteWXu2bhIM1K0maSqVUmGip8I7pck6ZAS9-Eg_1ktYBWtHLEu36drSSDA9M_-P-OA=s0,2026-05-30 20:56:26,9일 전,https://www.youtube.com/post/UgkxQeksGqJBh_SQtOnUq3w4hWxCf7sDEw5k,8,1,죠고 그림 (100/10일차),https://yt3.ggpht.com/xuQ1Tij0d-z_IrjutaGHzHmMyMLpw9q0B_ItSP8HkqUVlWw-EBewzP2HYIvtUYDgTK_ESl-gitF3k0o=s0,1
와쿠와쿠 프린세스,https://yt3.googleusercontent.com/v-k6Fkgv_nHs-fYbrByeX65pWKqKdkeAkj8hQCa156_RsufyTeAdLVDcdzuQrUy1DHWKjatp=s0,2026-05-30 19:45:14,9일 전(수정됨),https://www.youtube.com/post/UgkxnXnimSVRoJ0PjBrpVhIwKmhL-SWWMGWD,6,2,"평소의 온리리온
그림 - 내가 안그림.",https://yt3.ggpht.com/U0MFQ3O2k4pswG5xtgs69JzgYcP2QwYWZ7PfuGL-JeeBmjpfJ9dW8FpaiHM5jTXPhCHBJJWQpFqMdg=s0,1
와쿠와쿠 프린세스,https://yt3.googleusercontent.com/v-k6Fkgv_nHs-fYbrByeX65pWKqKdkeAkj8hQCa156_RsufyTeAdLVDcdzuQrUy1DHWKjatp=s0,2026-05-30 18:47:32,9일 전(수정됨),https://www.youtube.com/post/UgkxGB47zgmt-pfql8GvqACkKwIBJ0kGp_0f,7,3,"그대가 나에게 손 내밀 때,
그대가 나에게 따스함 주실 때,
그대의 그림자 밑에서 생각합니다.

그대의 은총을 받은 만큼 돌려주겠다고.
그대 주변의 굽어 뒤틀린 나무를 쳐내겠다고.
그대의 그림자에 자리잡은 뿌리를 배어내겠다고.


그대가 우리를 가꾸듯, 우리도 그대를 가꿀지니.
그대와 우리가 아름답게 행복하게.
서로가 서로를 위해.
영원히 영원토록.
ㄴ>이걸 국어 수행평가로 재출함",,0
캔,https://yt3.googleusercontent.com/nQ5VrMdOVG8uTxVQ70uu9TWVl9NzftA5DQSWDBPfC0hmlu5jQgI45vq8fg5dh_yxlgPog6LJLQ=s0,2026-05-30 18:42:12,9일 전,https://www.youtube.com/post/UgkxjRzpI_e2e7yxcmoTDevkyzvzk7tTupl4,5,2,,"https://yt3.ggpht.com/TQQdK_8L2e_0V7EPFKhKHzH9xiJY_57VC6fJyilOPvNodt0N0VNNBRg7eFedZgaICqXriO9obs7m=s0
https://yt3.ggpht.com/48cLRzXbg7NDnjQBRlLxQAvKVYF2mZJ0RRfZ1ytzZJYKJWpZj1e5ELuWpLgUd4BC-MHC6cVBqNxq6Hc=s0
https://yt3.ggpht.com/kD6Swv7XY61c7VKhI1n9M5xRe3V3jNV5siFAmt4sVvcbdW8hz7AJC5QuoAXBYjSGuivq1UDICvNTa7Y=s0
https://yt3.ggpht.com/nQSvSUvYxXaqlZ0dPAlVajnX-r3STuTDSpPerab0v_Lh1B633BaLMVTCSpLFSxOih-fPu151w3B4BPM=s0",4
코노 히스클리프다,https://yt3.googleusercontent.com/MTy3Vepc-RhRgFUGFsYMZvStd_w5f6qLqxLwe2qHsswm6s-L_S5Qz3nPtZow4llar4ynfD189Yk=s0,2026-05-30 17:07:36,10일 전,https://www.youtube.com/post/Ugkx0ss829SX7AmkVmwzGnTM14DMdgYW_oM4,2,1,"(자랑)
게임칩을 사면 인형도 줘요(플스 쪽은 구피를 주던데 닌텐도는 아이작을 주네요)","https://yt3.ggpht.com/lsqYupGVUFdhGYDtjlcdSGqHX7ICz-gwiqkF9hC-h6FrMFUuDfGLeM-fBTa3vfzCeHrREAPDGNGVqA=s0
https://yt3.ggpht.com/q-a4e_PUsNDBYXY7vWU2fxhtBHJsLvHHvC4if32npe_kn15v3-2eYYwuZqDuubsO3Fb7qpyXflJs4Q=s0",2
코노 히스클리프다,https://yt3.googleusercontent.com/MTy3Vepc-RhRgFUGFsYMZvStd_w5f6qLqxLwe2qHsswm6s-L_S5Qz3nPtZow4llar4ynfD189Yk=s0,2026-05-30 08:50:24,10일 전,https://www.youtube.com/post/Ugkxx7cLnMn9XBR4DT4pGEqqtsh_Pd2nrpBK,3,1,저런 할아버지가 이런 괴물 이라니,"https://yt3.ggpht.com/e1VQD9eVPhmh8XOXBwkwMca9BL5cLWBjiYoI4xBhygX0lsklFK777D19FNvlOmyre1cxXpu_C-SN0qs=s0
https://yt3.ggpht.com/ht7lxw-KfCIdmitzfzBXGTHqVg5tYxfgCiJg0_doatvMrPs9QTVCGgivGw2JT7md5kNdYiBYdxCJBQ=s0",2
스터디,https://yt3.googleusercontent.com/L_JdrRr-BteWXu2bhIM1K0maSqVUmGip8I7pck6ZAS9-Eg_1ktYBWtHLEu36drSSDA9M_-P-OA=s0,2026-05-30 13:53:40,10일 전,https://www.youtube.com/post/Ugkxy0tEtDDIpsqguDWi6jFvsetkXupHFKIj,9,3,대충,"https://yt3.ggpht.com/RworkZqlHFFUm6yiEoT5fucWXOC01PcysVdiuMlRWa_-SDMsruHYOk_GQkrQwIChOHiNV8Ov7kDHde4=s0
https://yt3.ggpht.com/mAE2Ryg-JXsWxvbtHuMLyGra5YouqfSFPVcyh2FSpgpXWetFni9_0N0ug0ItVghiLtlLhZC8NlCTPvc=s0
https://yt3.ggpht.com/NpoLHk3F3RqZXKoRvi6i3WvK-Z_aTlrlEstfwoaPSiVqPIsn5cATrrrEzlMMuYdZIJoQJwQ4w2fhX98=s0
https://yt3.ggpht.com/WVOch7CV1vPynUyY0GZ-aWoIVgBpJKW_oMzELveUNulMPiNsQP8J4RT1zqC_2QVA9XY6-3zjSWZETA=s0",4
ABS Disk,https://yt3.googleusercontent.com/ytc/AIdro_kcqkdX-iRudrzS4KmfonNRdM0GfIZJk3qRzTj6c4NE9aM=s0,2026-05-30 12:23:45,10일 전,https://www.youtube.com/post/Ugkxsjy5_S099NIfNMot8xIk1SJGiQ99L-cM,13,1,찾아보니까 어느새 누가 만든 진짜 슈파볼트 데칼,https://yt3.ggpht.com/7S8DwxR5YuCPjNF6VBHK6km2YTh_JOeJw5K2n0xIknebPdGhX7HQ3sDeAsoExo6HibluMMJh3VDxecE=s0,1
온리리온 비밀지점,https://yt3.googleusercontent.com/PadAE7-CoLtyyLKTdk8exebQ3UPWZtjz_elHLUFDWCGtWMNV1_dBxzCuJ1rWwTc06_f_CYzDrg=s0,2026-05-30 12:19:50,10일 전,https://www.youtube.com/post/Ugkxi4uafFY6dlNfxd1u9zdtyKS4yOPi9DDf,9,7,"소피 노이엔뮐러 닉으로
커미션 넣은 리포 ㅎㅎ",https://yt3.ggpht.com/rPXz8FXNRAWuYc3vXCqaGxjuvwqAo2PGSysphRtYul78mQjm0l_NL-jN9xzMDzrlJgWWp3sOt29X5X0=s0,1
마리사랑단,https://yt3.googleusercontent.com/GllUzNYohgivBjdzxF3AHFjKYOKlDAxcPwzJGCHjDJKLm396fxWx2QDveqj_GVm0OX5UB2iArLA=s0,2026-05-30 03:27:52,10일 전,https://www.youtube.com/post/UgkxcoDkQIP9gluyIFiv5gQl0ntNNM2aCqRJ,5,1,"딸딸딸딸딸딸딸딸딸딸딸딸딸딸딸딸딸딸딸딸딸딸딸딸딸딸딸딸딸딸딸딸딸딸딸딸딸딸딸딸딸딸딸딸딸딸딸딸딸딸딸딸딸딸딸딸딸딸딸딸딸딸딸딸딸딸딸딸딸딸딸딸딸딸딸딸딸딸딸딸딸딸딸딸딸딸딸딸딸딸딸딸딸딸딸딸딸딸딸딸딸딸딸딸딸딸


https://youtu.be/9b5pVUhDzRY",https://yt3.ggpht.com/mnxQapwWkr-yGHmEZpopgrk4OCNanZL66BfQFZkRnPOYa6nQWAhElNDev6D93yLkipQAChyMrp9tHw=s0,1
루포,https://yt3.googleusercontent.com/L-XO0jpjfoZyw0-33fBmLatRfca7etj9v7kcw-w4w5c4sIHWmlEbRnzSMLk04IHItbNDowTS=s0,2026-05-29 23:40:21,10일 전,https://www.youtube.com/post/Ugkxcl8_aTgKA0Am0KKcwk1i7wXjcJ2kfcUw,12,3,날먹 낙서2,https://yt3.ggpht.com/y3ksy2G4G0OfSrWnsnghq8Nyr7dE1w0iojZn3kDyTrzS_n_WV0iXpYp9XkonOg1zeCksE0UaiyJhWgg=s0,1
코노 히스클리프다,https://yt3.googleusercontent.com/MTy3Vepc-RhRgFUGFsYMZvStd_w5f6qLqxLwe2qHsswm6s-L_S5Qz3nPtZow4llar4ynfD189Yk=s0,2026-05-29 21:02:57,10일 전,https://www.youtube.com/post/Ugkx6LPUdQFbl_mBMXl_woikHklRdBpojaxs,4,1,내 캐릭터 눈이~!!!(아 맞다 저 눈의 능력은 엄청 사기이다),https://yt3.ggpht.com/hvDYxOnFrbaIrI95OZMeI4T-5FX5oSfkL2qoyNm65yFSL3gdDIrZ8tWMHJrcL6vSZQ1Dj86xnjzkHvA=s0,1
스터디,https://yt3.googleusercontent.com/L_JdrRr-BteWXu2bhIM1K0maSqVUmGip8I7pck6ZAS9-Eg_1ktYBWtHLEu36drSSDA9M_-P-OA=s0,2026-05-29 18:58:44,10일 전,https://www.youtube.com/post/UgkxkadHI_GY26fciOpDg8iyEg1pjbuHCg2K,4,1,죠고 그림 (100/9일차),https://yt3.ggpht.com/iLbYsh1MYrjtf5s_nMxqCWFp4Nfl8ykP9m-iUpO6SgnatarBdp7DTpWlUkaT1tzKvpjEu2rFUMzbtg=s0,1
루포,https://yt3.googleusercontent.com/L-XO0jpjfoZyw0-33fBmLatRfca7etj9v7kcw-w4w5c4sIHWmlEbRnzSMLk04IHItbNDowTS=s0,2026-05-28 19:51:23,11일 전,https://www.youtube.com/post/UgkxvxSE70azExVrVNFCeyLGvCvxNNBEV9zE,8,6,이제 벨튀를 못하는 것이다 ㅠ,https://yt3.ggpht.com/Z8nvuksrtZlvXkG7pVDveEK8H9--QdBs7N-bUoZ1TGh4ijJGKodwGLjrY7rzUto1Z33C70KGFKhyLQ=s0,1
스터디,https://yt3.googleusercontent.com/L_JdrRr-BteWXu2bhIM1K0maSqVUmGip8I7pck6ZAS9-Eg_1ktYBWtHLEu36drSSDA9M_-P-OA=s0,2026-05-28 19:01:34,11일 전,https://www.youtube.com/post/UgkxMml_vp6DhXgM_6o9mzLFeh4KFs5VS8Sh,6,1,죠고 그림 (100/8일차),https://yt3.ggpht.com/Cdskk2vHHtw7QYUSmkyI-6AVonucbNJ0KI4Zny-GCICDmzfIyrJhay_LtFTJR9Eed60VJSV-ogkVHNE=s0,1
온리리온 비밀지점,https://yt3.googleusercontent.com/PadAE7-CoLtyyLKTdk8exebQ3UPWZtjz_elHLUFDWCGtWMNV1_dBxzCuJ1rWwTc06_f_CYzDrg=s0,2026-05-28 17:50:56,11일 전,https://www.youtube.com/post/UgkxaEiOo7PXAcymSowq9BafmG7yzqwwOIt0,7,4,"오늘(28)은 휴방입니다

낮방송 + 일정 생겨서 그렇구요

또 바빠질지도 모르지만

최대한 일정하고 정기적인 방향으로 바꿔볼게요 

항상 봐주시는 분들 감사합니다",https://yt3.ggpht.com/4gp2JqyuENe2zCeNYEAN8xuTdF6dElZLhwYUmi3F6YFS9OOEzE-bum0l0I9eWjKa5tgrgRLBEAeq=s0,1
와쿠와쿠 프린세스,https://yt3.googleusercontent.com/M0inxKssh0G3WxZ6fZOwBH8J6X37mokY6mw8BNEdX1lv50MKsWXPb33ow6ccBhv9RLXwTSMYASw=s0,2026-05-28 01:56:51,12일 전,https://www.youtube.com/post/Ugkx8FQHmfctHXz22uJPeP8G04Q5FcPxbxBy,5,2,"https://www.youtube.com/watch?v=Zoug_...
 으으 이래서 내가 잠을 못자 오늘부터 하루에 한시간씩 자면서 존버 타야겠다",,0
캔,https://yt3.googleusercontent.com/nQ5VrMdOVG8uTxVQ70uu9TWVl9NzftA5DQSWDBPfC0hmlu5jQgI45vq8fg5dh_yxlgPog6LJLQ=s0,2026-05-27 23:58:29,12일 전,https://www.youtube.com/post/UgkxIp5PxOEmeLKNOOeoKbaYjXa2v1t_0lFO,4,3,수학쌤이 트릭컬을 안다..😱,https://yt3.ggpht.com/qY-KsQsMEtXeAxhy6vJYA4k_fGofdG4TvW3rJaTs7yFEpQupavFNlsZ3x5wWDdwHXZhQQKMlwBDm9Q=s0,1
루포,https://yt3.googleusercontent.com/L-XO0jpjfoZyw0-33fBmLatRfca7etj9v7kcw-w4w5c4sIHWmlEbRnzSMLk04IHItbNDowTS=s0,2026-05-27 21:11:36,12일 전(수정됨),https://www.youtube.com/post/Ugkxq9POdjGultWtYEegTU0yAEdi2Ngy5Ncs,6,4,힘이들땐 하늘을 봐~♡,"https://yt3.ggpht.com/gbTT1Rb0EB06oVivMd7O0FGlXIfzbO5UZF7Nd5YaiZljSSlJus6bEK9qC6UGinXjymkC6iqXIEjrh_I=s0
https://yt3.ggpht.com/-1rzQenfpX8vjtQiBF-JTS0g0HcDiE2uqajmCN7mvocDx0GWxi4AKdKvGyOABKRFwE2GRO34Wtu-Pw=s0",2
스터디,https://yt3.googleusercontent.com/L_JdrRr-BteWXu2bhIM1K0maSqVUmGip8I7pck6ZAS9-Eg_1ktYBWtHLEu36drSSDA9M_-P-OA=s0,2026-05-27 14:11:24,12일 전,https://www.youtube.com/post/Ugkx_5ZT9gMYkI-OTF_awzAii8jFRb07zWJU,4,1,죠고 그림 (100/7일차),https://yt3.ggpht.com/JCGrIOdqYG7cKkDMK9ryRASAONDKeJDRy_weDmkzpXRYQHdeqPsQun-Znbia3ewiydyN3mbjo7hL=s0,1
온리리온 2호점,https://yt3.googleusercontent.com/jlIhMicbFwdmtEkjkNHgxHZUiEBDWpoSITR1McD7DLbviDYWMkJ2gxlwW634wrMOhFKxV7806U0=s0,2026-05-27 19:51:27,12일 전,https://www.youtube.com/post/UgkxP4XvENF9KpQqOjBdVSCPMGcCWRybz0Cv,15,3,"생방공지


9시에시작
대신늦게까지함",,0
루포,https://yt3.googleusercontent.com/L-XO0jpjfoZyw0-33fBmLatRfca7etj9v7kcw-w4w5c4sIHWmlEbRnzSMLk04IHItbNDowTS=s0,2026-05-27 16:16:00,13일 전,https://www.youtube.com/post/UgkxNFQjILBBI9v9rR1lf0KeJdCC1MWT40v6,20,6,쌀먹 낙서♡,https://yt3.ggpht.com/LLog6HZ9W3iEVXUfSDdfju6XiYS8F1haHA4hQcR3OTjWn182sIIlCcjDeBUstXPCpFioI2jcTwT9VQ=s0,1
캔,https://yt3.googleusercontent.com/nQ5VrMdOVG8uTxVQ70uu9TWVl9NzftA5DQSWDBPfC0hmlu5jQgI45vq8fg5dh_yxlgPog6LJLQ=s0,2026-05-26 23:33:09,13일 전,https://www.youtube.com/post/UgkxQlXCVVh1AjrPa3IKZ_iFUzwyomR4zSDv,2,1,알아.,"https://yt3.ggpht.com/rU_rQO_75plcg2r9zqGwqljzvqxrKfNAp9wcbVKRe5yo-ujhYU2-TEfhHhisUJDav3we8Hvo3mFtIg=s0
https://yt3.ggpht.com/t9SFiZGKjA-Z-XS3OtJiHUybCimCilBWTL58PDV2Ohjp2L1IUv1JJNp9zBkONQZrjCOMwf6fyA1qDnY=s0",2
와쿠와쿠 프린세스,https://yt3.googleusercontent.com/v-k6Fkgv_nHs-fYbrByeX65pWKqKdkeAkj8hQCa156_RsufyTeAdLVDcdzuQrUy1DHWKjatp=s0,2026-05-26 21:08:40,13일 전,https://www.youtube.com/post/UgkxauQNoS0DtprvOJk_Z1WWh_S8GyO_6yRX,13,3,이거 네이버에서 나오는거였냐고 ㅋㅋㅋ,https://yt3.ggpht.com/LBdzCTqchdwaMVdUkFwPa5T9luE580VlxEVeakreAH0PximmDzaNo-Cym8rOBLhbJ849CE5Y06j0KQ=s0,1
루포,https://yt3.googleusercontent.com/L-XO0jpjfoZyw0-33fBmLatRfca7etj9v7kcw-w4w5c4sIHWmlEbRnzSMLk04IHItbNDowTS=s0,2026-05-26 21:03:40,13일 전,https://www.youtube.com/post/Ugkx592oe-C_1yRGNBNyynpH3A779DKzYQv8,13,2,으흐흐...무서운 리포 낙서👻,https://yt3.ggpht.com/kB1CZ-aBBi9qnKnFkgdl76CMs6_5fHdmkGmU-hh5MinbcxS64yA3wdXPwiZsrRMZozcalgZc3jgv=s0,1
코노 히스클리프다,https://yt3.googleusercontent.com/MTy3Vepc-RhRgFUGFsYMZvStd_w5f6qLqxLwe2qHsswm6s-L_S5Qz3nPtZow4llar4ynfD189Yk=s0,2026-05-26 20:09:49,13일 전,https://www.youtube.com/post/Ugkxbso2q8H1l3dfEDey8J3qW4CE7_OFn_fr,16,1,그레도 폐기작 정도는 아니다(볼펜으로 그렸다 보니 지우고 다시 그리고 싶어도 못한다),"https://yt3.ggpht.com/aFZhFBekoT_tGf-hv2Ye94zjQsNG4QfxPTgx6y3vVD24TKMFIYqlILtvO7R3Tzm-Divm1KSxe05-cw=s0
https://yt3.ggpht.com/tTuaURY4s33RZmAvZi8sxhyJLzyP52Ng5k7wjUYEsXwuPOqq1fRn4ZqHgUUq0cikLiDdgCthrsWQ=s0",2
스터디,https://yt3.googleusercontent.com/L_JdrRr-BteWXu2bhIM1K0maSqVUmGip8I7pck6ZAS9-Eg_1ktYBWtHLEu36drSSDA9M_-P-OA=s0,2026-05-26 19:52:32,13일 전,https://www.youtube.com/post/Ugkx5cE2NL9FBeu8XD1q2AhiDY9YiampJjoT,4,1,죠고 그림 (100/6일차),https://yt3.ggpht.com/ncraVOLeoTcLgyhwkS5dyQVlu-Acs5dzkNDcBDgfKz7bI8J12fsSJAVv1UneynJl8ap5IiRnflMErQ=s0,1
스터디,https://yt3.googleusercontent.com/L_JdrRr-BteWXu2bhIM1K0maSqVUmGip8I7pck6ZAS9-Eg_1ktYBWtHLEu36drSSDA9M_-P-OA=s0,2026-05-26 19:50:37,13일 전,https://www.youtube.com/post/UgkxOlX93e_VsEPW0G4rW7J-Z0epGFYlWjw6,9,1,리포,https://yt3.ggpht.com/lvGVlkKSg3F4J3LR1cC13Gr2g2Q6Hi4PJlvGRDufao67tL82Ga4CTaodcTfFdUR5-WfJ34PrqniT=s0,1
마리사랑단,https://yt3.googleusercontent.com/GllUzNYohgivBjdzxF3AHFjKYOKlDAxcPwzJGCHjDJKLm396fxWx2QDveqj_GVm0OX5UB2iArLA=s0,2026-05-26 19:33:22,13일 전,https://www.youtube.com/post/Ugkx95ok8G-nJzndRK3aJKAI1259ygZtUBP6,9,5,"재미로 만든 채널 배너

멘헤라 느낌 낭낭하게 넣었습니다","https://yt3.ggpht.com/VniVgrB0NIiNLsDtDM2TIqqQvwgLWwdsJgt0QTYvNwXVaPCcVGKg2DEiRZTqqJJ5_l2HPUkb_WfJtv4=s0
https://yt3.ggpht.com/wKlnrSAbdSDE13a8Ugc1USdxfLLsUnECVuE-05KNyMFQTF_1RH5g-ipGsepShBpO9gYfdiT9wuVuJA=s0",2
루포,https://yt3.googleusercontent.com/L-XO0jpjfoZyw0-33fBmLatRfca7etj9v7kcw-w4w5c4sIHWmlEbRnzSMLk04IHItbNDowTS=s0,2026-05-26 17:37:34,13일 전(수정됨),https://www.youtube.com/post/UgkxVWT67lERa4-VsvSQYno-yZKzoxccQnRJ,11,3,으흐흐...♡ 붓팬 쪼아요~♡,https://yt3.ggpht.com/8Bekcd3ivQFbgMBAU47hbPbgbzUblCZQy5xEfPElRVK4fOqxAqNwIM8-uL0P7b_BgilXpkx3WyI8=s0,1
루포,https://yt3.googleusercontent.com/L-XO0jpjfoZyw0-33fBmLatRfca7etj9v7kcw-w4w5c4sIHWmlEbRnzSMLk04IHItbNDowTS=s0,2026-05-26 17:36:50,13일 전,https://www.youtube.com/post/UgkxTPzadLMOrn-4LgCEJiUOPLtBoVm5b46s,17,3,할로윈 리포 디자인 해보려 여러게 낙서하는중,"https://yt3.ggpht.com/m4_0Su3p091IeecseUfRFnU1MXVnXi9VbZNBt8g9sRE6ufXuXRByeNNDNuHeCmpaDuGeGQGM2-U4=s0
https://yt3.ggpht.com/zP8raA-iyYZ_NoyJk8jCL3eROJajLpKq2-Rnsh8Q_pWjlCG--OZg-DVmGXE5EEolitoUNYKyb6ClFw=s0",2
루포,https://yt3.googleusercontent.com/L-XO0jpjfoZyw0-33fBmLatRfca7etj9v7kcw-w4w5c4sIHWmlEbRnzSMLk04IHItbNDowTS=s0,2026-05-26 17:11:12,13일 전,https://www.youtube.com/post/UgkxeUUMe8nZPS-Q0ZX3InC9bx8aCqmYeNcZ,34,2,크아악!!!내 정ㄱ...♂️.아니 지갑이...!!!♡,"https://yt3.ggpht.com/kqfLiqQxp_-tJNKqABYxuLSrKioHxvM2UIICbl314Ssq463joNrm8WAxnrUO0RcoU7owCVvoqrG9=s0
https://yt3.ggpht.com/tK-Pkn29vOo3vLIsr0udcwBTykPFjPnWNK6yXTVRC_6P_M9NTc62jlOaASmJ486cwGrQweSTKwd6Jw=s0
https://yt3.ggpht.com/-kKST7M9Dx6YSQyLdR3El-Ui-nj9s9veTDQI7lyCtBx4nd0YafVEkcgjnQ49h0Ml_Q678C-3FbIC=s0
https://yt3.ggpht.com/gwQsnCYyt8wM-WRYNrmnS8XQR6J0R63EcxddXp8WIVd_tjqgG6DLWC4PITYkRZUIYCIrgDuBaLAf=s0
https://yt3.ggpht.com/vh5IoiGwFlDFHzdyTP7tuqDmVCrHV6SyUSYmRi4_YvnMliTKK0216VvyfunXyFhdHvLsI06mdDbdNA=s0
https://yt3.ggpht.com/2uTAJRGXUekEm6udTDKh6Y7dg7vzs0UM4sfVZFRUY4ztg5tUlhyMGZ8VIYwFf6dF_6LkEGEXYlF02w=s0
https://yt3.ggpht.com/2IhZwo2dKE80fBpw8ard6nOPiLymhHXFNB54R6qzdjmf2iRwCXzx1CfAPs4uC9wDt4loITqMzkKduOI=s0",7
코노 히스클리프다,https://yt3.googleusercontent.com/MTy3Vepc-RhRgFUGFsYMZvStd_w5f6qLqxLwe2qHsswm6s-L_S5Qz3nPtZow4llar4ynfD189Yk=s0,2026-05-26 12:56:52,2주 전,https://www.youtube.com/post/UgkxkI0PfAcCuG9oCcFslqBciDY3SQjam-rp,3,1,그나마 나스쥬로 쪽이 낫다,"https://yt3.ggpht.com/dflAcvDJpSVU3T2gKbrinfMtr7jqdXHSvaLr1MjhlWaJ8d7r14WzNZe3dTqOXVlDkT26YX6lGouqhbo=s0
https://yt3.ggpht.com/WK1bIcV2lTaNsYgxkbKSCRZDG6-FRNniw7q-2lraBbKJPSsMTKuKur6oHWj0oHYBmTbmf1JFaxq2ag=s0
https://yt3.ggpht.com/DL7DL8sl60zPgw4Lz-kADNSmdaw0sIogyx3P8nAzlcEcocsUtmcyN107Lu6DFJhZhyT_2bTM639LjQ=s0",3
마리사랑단,https://yt3.googleusercontent.com/GllUzNYohgivBjdzxF3AHFjKYOKlDAxcPwzJGCHjDJKLm396fxWx2QDveqj_GVm0OX5UB2iArLA=s0,2026-05-26 02:06:53,2주 전,https://www.youtube.com/post/UgkxYI3BN0DtgH8BFPDvFhL7FPb7Ts3dUk9q,4,1,"온리리온의 편지(음해)


https://youtu.be/JFTirDdiQGk?si=pIny4...",,0
와쿠와쿠 프린세스,https://yt3.googleusercontent.com/v-k6Fkgv_nHs-fYbrByeX65pWKqKdkeAkj8hQCa156_RsufyTeAdLVDcdzuQrUy1DHWKjatp=s0,2026-05-25 20:38:09,2주 전,https://www.youtube.com/post/UgkxzBw5M2gtvds_b1th84gtMXktnx_y2GDU,4,1,"https://youtu.be/Glfp3OFQVcQ?si=2ByFd...
 온리리온을 기다리며",,0
루포,https://yt3.googleusercontent.com/L-XO0jpjfoZyw0-33fBmLatRfca7etj9v7kcw-w4w5c4sIHWmlEbRnzSMLk04IHItbNDowTS=s0,2026-05-25 20:24:56,2주 전,https://www.youtube.com/post/Ugkxj7Rs_AAvOqNBdw2AMHl25elG2rjMuj5s,9,2,대충 그려본 프로포즈(나토리) 리포,https://yt3.ggpht.com/7fL5Fo4wkeoSWj5XD3Z0ts3wwNTyrxmYP5j4u0bkluT3ZlTsNNpyXxPxV7OjKmDoEnqUErKTysIZ=s0,1
스터디,https://yt3.googleusercontent.com/L_JdrRr-BteWXu2bhIM1K0maSqVUmGip8I7pck6ZAS9-Eg_1ktYBWtHLEu36drSSDA9M_-P-OA=s0,2026-05-25 19:57:26,2주 전,https://www.youtube.com/post/Ugkx-I2s5yByo_yxqJaazMcD4LUWJi5TPvZA,4,1,죠고 그림 (100/5일차),https://yt3.ggpht.com/RJKBiHHJg1pdsKyNJ4rdHD8hq6JqTMS_gi1q_b0HT7eUuEvynD1bmF3OzjUHGhC5uz9ciy2XTLGg=s0,1
스터디,https://yt3.googleusercontent.com/L_JdrRr-BteWXu2bhIM1K0maSqVUmGip8I7pck6ZAS9-Eg_1ktYBWtHLEu36drSSDA9M_-P-OA=s0,2026-05-25 16:47:44,2주 전,https://www.youtube.com/post/UgkxStHKA-J_Z2BbQACRZcVVXZpz6AsmGw-T,5,1,죠고 그림 (100/4일차),https://yt3.ggpht.com/qIVKMgyszPXoes3IrUxZvoA6ZR-lKphTalE6RHoQW4auFfuXxhg3_oUmGrUgY88hZ6o-itTPwYK_GMQ=s0,1
루포,https://yt3.googleusercontent.com/L-XO0jpjfoZyw0-33fBmLatRfca7etj9v7kcw-w4w5c4sIHWmlEbRnzSMLk04IHItbNDowTS=s0,2026-05-25 14:16:45,2주 전,https://www.youtube.com/post/UgkxKqdwKDu1H_V8FLpfbEWO_D53ePNCrfJF,11,5,...,"https://yt3.ggpht.com/SS8rz4V2S2c2iQi7Xt9psSaveuGpTCBQlF4bhAQ1annzCQY1eHoZVmamTsIhqqiqf9rsTAVwZ5x--hw=s0
https://yt3.ggpht.com/TuFTecvpXnRuJovafwRU8T4-rC2schrAk_5WZRxtJSv8DM9v0O8b3QMegdqI1hePaSHS-Cb3gH-N8w=s0
https://yt3.ggpht.com/Usz0ZCbMdEVuzg259tgXY53Q0TwCwKN2abk_5QOSl17QHqw9uY6XFZyKQt6gpISq6Lz64Nf7euVIWA=s0
https://yt3.ggpht.com/6_q69wWWrLHUI_nQflkfD6M4j5kJkOxtHovIScttFAJk9hJAyHFZGZ6ZXMWvpi-qZQSTbReuunQuSw=s0
https://yt3.ggpht.com/BdOVCo60SCZdnb3c6sywfY_S1_aWth7kasxzMco2ox_ywJm81N881cozbxnE_NK4mkEPvhKESlDg=s0",5
코노 히스클리프다,https://yt3.googleusercontent.com/MTy3Vepc-RhRgFUGFsYMZvStd_w5f6qLqxLwe2qHsswm6s-L_S5Qz3nPtZow4llar4ynfD189Yk=s0,2026-05-25 13:08:18,2주 전(수정됨),https://www.youtube.com/post/Ugkx520NqNF5IPxE09Srm4EMNDyk2Q4oDUha,13,3,"폴랑 테극(스포 주의?)


똑같이 그려 보았지만 뭔가 이상해서 폐기작이 됬네요","https://yt3.ggpht.com/tVbhkl69M5GQpmJLC91YzILYaYB4avJibYADoSTZcuEFHR4bYhru35f_iN5SABmyHKA0UX2mSqyH9A=s0
https://yt3.ggpht.com/LHZpiiCvyTmSnDLFsu52krTwzMS4I6Uzyha1YKRbJtpF-Z9XvjXmwuikmh7yIpYsvOzf2vt8GMWrNBo=s0",2
Edgalic,https://yt3.googleusercontent.com/JFEjBZp3b79yxyHFQ8F2vAhiFYz1gKVfG2Xsn68DfBk5DZlXHmtd4yponWafXqNx6vpA4xjMXtE=s0,2026-05-24 22:04:23,2주 전,https://www.youtube.com/post/Ugkx6oD4miEYA5L1laKZvBMz8gqTF1t_PLzF,5,4,지금까지 안 켰으니 나도 그냥 잘래  으으 수면시간 질투나,,0
Edgalic,https://yt3.googleusercontent.com/JFEjBZp3b79yxyHFQ8F2vAhiFYz1gKVfG2Xsn68DfBk5DZlXHmtd4yponWafXqNx6vpA4xjMXtE=s0,2026-05-24 20:01:06,2주 전(수정됨),https://www.youtube.com/post/UgkxM33r9yX-s5fk3XNcJsvxVfdtOlfq_5IP,3,5,오늘은 부처니 오신날이라 늦게 자도 되니까 새벽 방송 하겠지?하겠지?하겠지?하겠지?하겠지?하겠지?하겠지?하겠지?하겠지?하겠지?하겠지?하겠지?하겠지?하겠지?하겠지?하겠지?하겠지?하겠지?하겠지?하겠지?하겠지?하겠지?하겠지?하겠지?하겠지?하겠지?하겠지?하겠지?하겠지?하겠지?하겠지?하겠지?하겠지?하겠지?하겠지?하겠지?하겠지?하겠지?하겠지?하겠지?하겠지?하겠지?하겠지?하겠지?하겠지?하겠지?하겠지?하겠지?하겠지?하겠지?하겠지?하겠지?하겠지?하겠지?하겠지?하겠지?하겠지?하겠지?하겠지?하겠지?하겠지?하겠지?하겠지?하겠지?하겠지?하겠지?하겠지?하겠지?하겠지?하겠지?하겠지?하겠지?하겠지?하겠지?하겠지?하겠지?하겠지?하겠지?하겠지?하겠지?하겠지?하겠지?하겠지?하겠지?하겠지?하겠지?하겠지?하겠지?하겠지?하겠지?하겠지?하겠지?하겠지?하겠지?하겠지?하겠지?하겠지?하겠지?하겠지?하겠지?하겠지?하겠지?하겠지?하겠지?하겠지?,,0
루포,https://yt3.googleusercontent.com/L-XO0jpjfoZyw0-33fBmLatRfca7etj9v7kcw-w4w5c4sIHWmlEbRnzSMLk04IHItbNDowTS=s0,2026-05-24 17:36:13,2주 전,https://www.youtube.com/post/UgkxLan4__fofd05995CBl0HKp4Icem52I-b,8,5,날 어흐♡감으로 써버리면 베니해 버린다..!,https://yt3.ggpht.com/vuKW_9FOPLeoQYVQ-dryRLFdZ71NjzwwncBG8sVuq_EjIw_PJrXmwyomaSLjWdmLuAFnf2nUVgNIhpo=s0,1
ABS Disk,https://yt3.googleusercontent.com/ytc/AIdro_kcqkdX-iRudrzS4KmfonNRdM0GfIZJk3qRzTj6c4NE9aM=s0,2026-05-24 02:32:13,2주 전,https://www.youtube.com/post/UgkxuPIOVgVxBu5qAwf_kee0tzT1n2eEZBIP,10,3,흔한 택배,https://yt3.ggpht.com/RT_0oI83D62kh1C8Oy2c3i6OVAe8far7pzsxwZuLsgTzaUxfW9yEQ_VgrjyMt53QMRz2dGYO1FGXgA=s0,1
온리리온 2호점,https://yt3.googleusercontent.com/jlIhMicbFwdmtEkjkNHgxHZUiEBDWpoSITR1McD7DLbviDYWMkJ2gxlwW634wrMOhFKxV7806U0=s0,2026-05-23 23:56:58,2주 전(수정됨),https://www.youtube.com/post/UgkxJ_wX5_da-F_N_-nhTOL9KYAdPv3AuknT,10,8,"생방공지

죄송합니다

불가피한 사정으로 오늘 있을 방송 공지가 늦어졌습니다

걱정하실 상황은 아니니 마무리 후 방송일정 공지하겠습니다

진짜
죄송해요",,0
잉여같은,https://yt3.googleusercontent.com/ytc/AIdro_novj2poaxbX09Ur209f4GRIR9noBTjaKLkyAcWh0oRqCQ=s0,2026-05-23 22:43:16,2주 전,https://www.youtube.com/post/Ugkx2sWSBfgg4jMidbvApNH6LFCsTIqLOfSB,9,2,외식했당,"https://yt3.ggpht.com/XxDJBCTKRqIzQ3UI_QhPerqGHhejvcJmoIRvSRX8tMIgZfAxiVirf2wo5l-tDq4O_JFPHYNhOTpqFQ=s0
https://yt3.ggpht.com/QaETRnltvTwFOnrHuBqJ_dbSyd9fmiKalO_Wmap8fQ0pjEvJaULr8lOmjpsNuk7U31tsm1TeeCyiqA=s0",2
마리사랑단,https://yt3.googleusercontent.com/GllUzNYohgivBjdzxF3AHFjKYOKlDAxcPwzJGCHjDJKLm396fxWx2QDveqj_GVm0OX5UB2iArLA=s0,2026-05-23 22:41:18,2주 전,https://www.youtube.com/post/Ugkxt-9P8PiV-TTgbWnVsphhEY0lfOkUI1ae,6,3,방쟌니..... 언제와.....,,0
스터디,https://yt3.googleusercontent.com/L_JdrRr-BteWXu2bhIM1K0maSqVUmGip8I7pck6ZAS9-Eg_1ktYBWtHLEu36drSSDA9M_-P-OA=s0,2026-05-23 20:59:20,2주 전,https://www.youtube.com/post/UgkxLJV_aXlxrIu8MdMINBnzDbAFebasjji_,5,1,죠고 그림 (100/3일차),https://yt3.ggpht.com/zR56UlpQvA2Zp5RPqnlZka6HVpdz8UDwEBoMXKb7tGXXaCH_37maw8RYgiuN4iQhw8ttHOhkfzs4=s0,1
캔,https://yt3.googleusercontent.com/nQ5VrMdOVG8uTxVQ70uu9TWVl9NzftA5DQSWDBPfC0hmlu5jQgI45vq8fg5dh_yxlgPog6LJLQ=s0,2026-05-23 20:42:11,2주 전,https://www.youtube.com/post/UgkxJENFrGhC88r3ImKRG_v2fIxeZGjChZLn,2,2,이 자심감에 넘쳐흐른 말라멀렁한 볼따구를 보세요😍,https://yt3.ggpht.com/QO7oGV-97LHns8iLfKmoswrnt82lr77BRc4AP8897C9XX42Wnas4lfOlFrJWFOZ6X14u44QnJap3nQ=s0,1
Edgalic,https://yt3.googleusercontent.com/JFEjBZp3b79yxyHFQ8F2vAhiFYz1gKVfG2Xsn68DfBk5DZlXHmtd4yponWafXqNx6vpA4xjMXtE=s0,2026-05-23 19:21:42,2주 전,https://www.youtube.com/post/UgkxrV5ScRM2KQNfRPK0c4J8wYvXG5zPbyYe,6,0,"보1지 마세요 2트 
https://youtu.be/-1234-EC5iA?si=Ar68G...",,0
루포,https://yt3.googleusercontent.com/L-XO0jpjfoZyw0-33fBmLatRfca7etj9v7kcw-w4w5c4sIHWmlEbRnzSMLk04IHItbNDowTS=s0,2026-05-23 18:41:14,2주 전,https://www.youtube.com/post/UgkxoWR-50lsxU7k5j2dfrLzr2mx9VHJCXCd,7,4,잠방 보고 생각나서 그린 팬아트,"https://yt3.ggpht.com/j2dNraZyT_NK510uTgNtIQVv3OEFSyxqnLU5iA-XwZfWBECe2BNcj6t5apDJeLD9UTy-1foVM6eKpg=s0
https://yt3.ggpht.com/P_e92Wstmo7PCEFWaqSkQ8RlW8jnT7k0mup4cLUqZlI4KNkK8HxvSXximdQKMY16jD4_5h7rTaUvKA=s0",2
와쿠와쿠 프린세스,https://yt3.googleusercontent.com/v-k6Fkgv_nHs-fYbrByeX65pWKqKdkeAkj8hQCa156_RsufyTeAdLVDcdzuQrUy1DHWKjatp=s0,2026-05-23 17:09:13,2주 전,https://www.youtube.com/post/Ugkx7ykFsfV9KS36L_YRiEgDPLWk9F3TdvPW,12,5,노래방 정산,https://yt3.ggpht.com/rlCxUe17kroFA01ftirjsDD3sryGutceVIiwfrmJTLov08UE9sRxBadxiYgCO7tUxSawxR3Gq65ZcVc=s0,1
온리리온 2호점,https://yt3.googleusercontent.com/jlIhMicbFwdmtEkjkNHgxHZUiEBDWpoSITR1McD7DLbviDYWMkJ2gxlwW634wrMOhFKxV7806U0=s0,2026-05-23 15:35:14,2주 전,https://www.youtube.com/post/UgkxTJZZ-4S7jE8_1hXkJbrQ-BK3pKUwruLE,12,2,"오늘 4시 노래방 뱅송


노래방 환경에 따라 늦어질 수 있음

않관부",,0
스터디,https://yt3.googleusercontent.com/L_JdrRr-BteWXu2bhIM1K0maSqVUmGip8I7pck6ZAS9-Eg_1ktYBWtHLEu36drSSDA9M_-P-OA=s0,2026-05-23 02:51:40,2주 전,https://www.youtube.com/post/UgkxcdwJ8CeTYlOvGUSeUR4044NUYSBGbPHe,6,0,죠고 그림 (100/2일차),https://yt3.ggpht.com/BUuyUy-6Njju843QTZApdstLG04u3cDiMwTgqTvkzMyrZrnVvFplV2scWBGX0EcZgFr5bKfuf3TkEFQ=s0,1
와쿠와쿠 프린세스,https://yt3.googleusercontent.com/v-k6Fkgv_nHs-fYbrByeX65pWKqKdkeAkj8hQCa156_RsufyTeAdLVDcdzuQrUy1DHWKjatp=s0,2026-05-23 00:15:27,2주 전,https://www.youtube.com/post/UgkxmtHIS8cvFdi_0stn2IuEoxAmpiOVn40V,17,5,볼평들에게 말하는거거든!,https://yt3.ggpht.com/0CAY19LnjpJfys2LWir_qvwaE5qHI7kRSa9P2Ycxy0g8o1hkKB1AHMX0ZmPx3aH5Rdwrix-oUhKu=s0,1
루포,https://yt3.googleusercontent.com/L-XO0jpjfoZyw0-33fBmLatRfca7etj9v7kcw-w4w5c4sIHWmlEbRnzSMLk04IHItbNDowTS=s0,2026-05-22 22:34:12,2주 전,https://www.youtube.com/post/Ugkxr-Hmtwm1Ipw-BrW0ExdH0gxaqwevHRuO,15,1,란 꼬까옷 구상중,https://yt3.ggpht.com/LLwX9w2idnfDEfUHg11dshQnxstMQu-Jb49ICpCjlHtk9LyYkvK6lDEqDWZ4TxQ4NCS7bgIlgasbDsg=s0,1
호소임,https://yt3.googleusercontent.com/ruMlzqjm6xtIN7x0Sk3Od43e0qDSdEZqOz1Fmt4qMiGGrUwn18Zddhs2dbH1evhYa8D8wIpRrg=s0,2026-05-22 20:59:24,2주 전(수정됨),https://www.youtube.com/post/UgkxUUuiCKglHCu4NxnVL5kvmZD-zKIb7Sfc,5,2,"오늘 기분 너무좋았는데 휴방이라니 우울해질테닷
나 활발이구나 지금
그럼 숨참아야 겠다",https://yt3.ggpht.com/Xd7DxtN_Lcu3KRXKnigfw3D31dXzG2ZYeMzz6StmjACGlMYtAugjIl7mDny3n2rFVPsfiiLglZn5wA=s0,1
마리사랑단,https://yt3.googleusercontent.com/GllUzNYohgivBjdzxF3AHFjKYOKlDAxcPwzJGCHjDJKLm396fxWx2QDveqj_GVm0OX5UB2iArLA=s0,2026-05-22 19:36:11,2주 전,https://www.youtube.com/post/UgkxNLuy5if0WsoAMxzl-j4PUIdmgG_aSbwH,5,0,"애기리포(온돌이) 수정입니다

머리카락 물리 움직임에 있던 치명적 결함을 해결하고

기존의 의상을 재활용하여 몇가지 어레인지 버전을 추가했습니다


https://youtu.be/n35dom4A6UY",,0
온리리온 2호점,https://yt3.googleusercontent.com/jlIhMicbFwdmtEkjkNHgxHZUiEBDWpoSITR1McD7DLbviDYWMkJ2gxlwW634wrMOhFKxV7806U0=s0,2026-05-22 17:49:52,2주 전,https://www.youtube.com/post/UgkxlqVxqpRRzlPHvqzVgzrSDI9MmtlnAiEn,31,17,"생방공지

복귀가 늦어져서
오늘 늦방은 취소되고
토요일 돌아옵니다


대신 노래방이든 뭐든 함",https://yt3.ggpht.com/T7Nhc-W0rmNr6hVg9i6NXa8deEh4lhCPeATRIrV-KQrWvudeWRTPXMRA_vAZdfM_qJ79WEu_jmGg5F8=s0,1
루포,https://yt3.googleusercontent.com/L-XO0jpjfoZyw0-33fBmLatRfca7etj9v7kcw-w4w5c4sIHWmlEbRnzSMLk04IHItbNDowTS=s0,2026-05-22 17:16:47,2주 전,https://www.youtube.com/post/UgkxvzsOrc4awvg4sYSFNYGcw3qneBReJ-at,5,5,일본에서 찍은 디즈니랜드 입구,https://yt3.ggpht.com/OWfXKPCDgQP3ruuaB_xkloBat3t8l5iB77qIPq689NFrWizs1mNn4a90-O56cdSgA3HscQiboSJV1Xo=s0,1
와쿠와쿠 프린세스,https://yt3.googleusercontent.com/v-k6Fkgv_nHs-fYbrByeX65pWKqKdkeAkj8hQCa156_RsufyTeAdLVDcdzuQrUy1DHWKjatp=s0,2026-05-22 06:47:08,2주 전,https://www.youtube.com/post/UgkxdRjmfPZ0n4e-lbZku1mCrPekTlMGyAlO,12,5,데스라인 까지 진짜 파츠 끝낼 수 있겠지..?,https://yt3.ggpht.com/yYOrypJEKxNJJmddFvvaPWlwjFw15l-X3fJU8BqqA6U1l5ZcCRrFNefyHgwriyLutSwEd5Pcvbi9wQ=s0,1
스터디,https://yt3.googleusercontent.com/L_JdrRr-BteWXu2bhIM1K0maSqVUmGip8I7pck6ZAS9-Eg_1ktYBWtHLEu36drSSDA9M_-P-OA=s0,2026-05-22 00:15:03,2주 전,https://www.youtube.com/post/UgkxZM_5MqnY9kPQdX-IDW2JJliL0ptOMcLw,4,1,죠고 그림 (100/1일차),"https://yt3.ggpht.com/3Pvok8oubGQYDcaF7qFDCy5xodeCUr2jicaXGRAxuaONx5vzspbkDSLtHQDtGyQAwOWwcZ72pSSO=s0
https://yt3.ggpht.com/3Jn-r9tExVzDpGDdGsEa4JofjM6cq0UkiNRIQxCIrWvZ3NNndl4HgBTvy0EkxdJZNkIqgaktXOAGwg=s0",2
Edgalic,https://yt3.googleusercontent.com/JFEjBZp3b79yxyHFQ8F2vAhiFYz1gKVfG2Xsn68DfBk5DZlXHmtd4yponWafXqNx6vpA4xjMXtE=s0,2026-05-21 22:58:06,2주 전(수정됨),https://www.youtube.com/post/UgkxK8Ao5A_MWegdzeIlkQbEN1FsN0OLd3my,20,2,어흐 이렇게 하면 되요 연습하다 신기록 세웠네요,https://yt3.ggpht.com/kqrJ63rqIQ5yJwj9F7hPcEIBeLdJmuffw3kRmg1r3eI47qKW9OjhHbvdhhVl2xLpjwuZweeUpXyXiQ=s0,1
스터디,https://yt3.googleusercontent.com/L_JdrRr-BteWXu2bhIM1K0maSqVUmGip8I7pck6ZAS9-Eg_1ktYBWtHLEu36drSSDA9M_-P-OA=s0,2026-05-21 20:22:17,2주 전,https://www.youtube.com/post/Ugkxnno9Yd2VanFrvbd5X_3Pg0TkOWbJ-Qgd,4,1,신기록 24000점은 대체 어떻게 할수있지?,https://yt3.ggpht.com/9suDLhrjbO4ICVdX5ZcGRRCY4tIzhAc_Ul16VHym9kAGV36uT-aThw4lXNd-ESza5BBet_FW8fEh=s0,1
캔,https://yt3.googleusercontent.com/nQ5VrMdOVG8uTxVQ70uu9TWVl9NzftA5DQSWDBPfC0hmlu5jQgI45vq8fg5dh_yxlgPog6LJLQ=s0,2026-05-21 19:13:17,2주 전,https://www.youtube.com/post/UgkxfdeMA5RKJ4LHUQbHVWcwh5dbbFEvrWaj,1,0,나한테 왜그래,"https://yt3.ggpht.com/YofpFl2NBsChkeGcXrbJf4PaGKD64MkK6P9BMn7NYM6-ATMlLz-BCY8T4BeoDIHCiTpDBXynPbmB=s0
https://yt3.ggpht.com/dX74W61w_qA3JjIiTx6BR1Pf5F9sFsUUKzL9rgkGnckEDtf5Nt1f1Cq23aUzR6diZD7kFhwQXKuj-78=s0
https://yt3.ggpht.com/Bw3dvFlkWcECeOUMjwrIN5VUIzT9vJ27trOremDv58liX4Re3pbMwKUWD1IKzQmrrJlgblUFxh-ang=s0
https://yt3.ggpht.com/go8kJ263h2srxC4uItGssZwciXME_C6iK_euw8wGYtWB_TdHHnCaGggjo59hty-lx6uXKjisRHh8=s0",4
스터디,https://yt3.googleusercontent.com/L_JdrRr-BteWXu2bhIM1K0maSqVUmGip8I7pck6ZAS9-Eg_1ktYBWtHLEu36drSSDA9M_-P-OA=s0,2026-05-21 18:40:10,2주 전,https://www.youtube.com/post/UgkxK1KSVCGxH0TD5rkNV9fnwh9OJRt9g4rB,3,0,2만5천점 목표달성 실패,https://yt3.ggpht.com/GhMK68kyUa9sfUWNUbnLNh9fn7YA3mrHWW97GF_AUeZhdJUynT5MJIP3MUb4JqYp_kYN_vjJyKl9pQ=s0,1
와쿠와쿠 프린세스,https://yt3.googleusercontent.com/v-k6Fkgv_nHs-fYbrByeX65pWKqKdkeAkj8hQCa156_RsufyTeAdLVDcdzuQrUy1DHWKjatp=s0,2026-05-21 18:10:42,2주 전,https://www.youtube.com/post/Ugkxw8LtOd1Njw4YnnKyG4xqCqaRFxNm5Q0x,10,4,휴방날의 식사,https://yt3.ggpht.com/dtna4wvJjJi0uVdpi6v6cQwiJHrXoxcpXNTLag9lLvmLgsN7FjRkxmQd2KYFKhXFYGcPQyqcu4FedwU=s0,1
마리사랑단,https://yt3.googleusercontent.com/GllUzNYohgivBjdzxF3AHFjKYOKlDAxcPwzJGCHjDJKLm396fxWx2QDveqj_GVm0OX5UB2iArLA=s0,2026-05-21 18:08:36,2주 전,https://www.youtube.com/post/Ugkx8AYd2Rb6AV1QHq05Z7WWPvBj4_7WRnu-,10,4,선거철이네요,"https://yt3.ggpht.com/D1b26Wq-0j3a55e4WCGf-Mrw2iN_wqksU9wt0hE5Gny0Z6w3hgjqEbugxGKSYKJAWY6g6dzEW3tl=s0
https://yt3.ggpht.com/B34pdi8zOe-4dOcr6VgadmaGkbHznt_tmY0NrT_3RCx6KnZO0wvSORPlaPe1yg0IWezWD4h4NqvRGxw=s0
https://yt3.ggpht.com/hl3LlD0bZlP_81CR47rJrM2KzdzASmS2kvcqJu49bzKe0_zopdG9TtLBQtkABk0KxEchJssHJtsw2Q=s0
https://yt3.ggpht.com/DYe-LhZS4928wDnFT2EgG1nCBz0LBZ2VZ5PDZAhiJWlyG-A3H-iUfPlNbbqsQx8zugVWwutCWKmz=s0
https://yt3.ggpht.com/n68DA4N5Csqjmod87OP4IoGH6CKG_JWqia5Uik94HLQ1fy3WUaPwFEoZ3ojc6Phhn2pgf64bXXoERA=s0
https://yt3.ggpht.com/WgAZ9CaNkFmREwQdNzER7L9huAtnzQIsJ3vMqTMDHNIVuOvkpej4bXRiiJah302RjyqSuOlsdM9I=s0
https://yt3.ggpht.com/9nc167yBTFJnbCRaZLMcUWUfU9lbKe0zUotWqjxTcq2J7OtlakHJWi3OmHxAklY5f3wk7jD7Ybkn=s0
https://yt3.ggpht.com/B3R2LBr5t5Cs4_Hs33JoIprMz653-GN1zBN-NYr2EP483uFC1PA8JWUq0Y-_CYaL2B2CkKUkylNI-A=s0",8
스터디,https://yt3.googleusercontent.com/L_JdrRr-BteWXu2bhIM1K0maSqVUmGip8I7pck6ZAS9-Eg_1ktYBWtHLEu36drSSDA9M_-P-OA=s0,2026-05-21 14:43:10,2주 전,https://www.youtube.com/post/UgkxUZlQBt6MymftIVLmI5xBBWnw1dL2cT0y,2,0,"http://youtube.com/post/Ugkxmvtfg-oLc...
 손가락이 5개인 마카샤",,0
마리사랑단,https://yt3.googleusercontent.com/GllUzNYohgivBjdzxF3AHFjKYOKlDAxcPwzJGCHjDJKLm396fxWx2QDveqj_GVm0OX5UB2iArLA=s0,2026-05-21 13:57:58,2주 전,https://www.youtube.com/post/UgkxaeHYlkW21AzX17CvvYHc-0Us7TS7G3yQ,8,3,리포 모양 다키마쿠라 갖고 싶어요,https://yt3.ggpht.com/m4-qdvToL8QfqfrXnqtW7BAZES7_roevLkdhufTn1VQpwaB4RM8gpW-3G5CrniQSKiYOpcPlQejaWHQ=s0,1
스터디,https://yt3.googleusercontent.com/L_JdrRr-BteWXu2bhIM1K0maSqVUmGip8I7pck6ZAS9-Eg_1ktYBWtHLEu36drSSDA9M_-P-OA=s0,2026-05-21 13:12:42,2주 전,https://www.youtube.com/post/Ugkxgeo50fXGTwhIwZPULsGFP0Gm92tdNBWa,1,0,"PSYZO (싸이 × AIZO 리믹스) PSY - PSYZO 
https://youtube.com/shorts/tOS1Yqpfvl...",,0
온리리온 2호점,https://yt3.googleusercontent.com/jlIhMicbFwdmtEkjkNHgxHZUiEBDWpoSITR1McD7DLbviDYWMkJ2gxlwW634wrMOhFKxV7806U0=s0,2026-05-21 13:03:18,2주 전,https://www.youtube.com/post/Ugkxo3ES5WCkBTRiDtHdsmh6x4wJtaaZ0oQB,18,6,"생방공지

오늘 휴방
내일 늦방
입니다.

잠방 오신분들 고마워요
후원 감사합니다",https://yt3.ggpht.com/rFfHlQ_BYgIYOtD8azECz4pZsV7-SFzZUXLPmnsXLcNMAHPDo5TNlotFxp7KAQU0QwDn4lGgMyk7kps=s0,1
캔,https://yt3.googleusercontent.com/nQ5VrMdOVG8uTxVQ70uu9TWVl9NzftA5DQSWDBPfC0hmlu5jQgI45vq8fg5dh_yxlgPog6LJLQ=s0,2026-05-21 00:44:02,2주 전,https://www.youtube.com/post/UgkxpE-ISJPXD4th5J7615mW5qonGzUztCUG,0,0,,"https://yt3.ggpht.com/LMOIyz8gBIZuPeW6meSl4QyzCstb33wq8RBRBdqZIjzZB4_Q8qtUcj4v_GR-REvqO0Vwj4foE22H=s0
https://yt3.ggpht.com/BBjhhD1_7w7E3RcIZ5diB9FHmZTWBc0zj_Cz51_r8IbUdRE56B5GFsewJjlFDABz2Ly0JGrq5JEJ=s0",2
와쿠와쿠 프린세스,https://yt3.googleusercontent.com/v-k6Fkgv_nHs-fYbrByeX65pWKqKdkeAkj8hQCa156_RsufyTeAdLVDcdzuQrUy1DHWKjatp=s0,2026-05-21 06:55:38,2주 전,https://www.youtube.com/post/UgkxMsNEs52Z4j_DCBX48o4rDA8xDMbGrzKH,30,0,"푸르른 하늘 아래, 모두의 탄생이 축복받아야 함을 알려주는 사도들",https://yt3.ggpht.com/WKyovvmQmezZg-QKfp6r9N0jMiwmPbdGgbOnNfpiHvCJFmbtWaLzS6sdk2byRE4_x_6UWecVf4k2bw=s0,1
마리사랑단,https://yt3.googleusercontent.com/GllUzNYohgivBjdzxF3AHFjKYOKlDAxcPwzJGCHjDJKLm396fxWx2QDveqj_GVm0OX5UB2iArLA=s0,2026-05-20 20:26:41,2주 전,https://www.youtube.com/post/UgkxR5jxaqaf7GKJE-n7T0pRvmv4nqxEnjrZ,4,0,"온돌이 수정되었습니다

의상도 추가되었습니다

뭐가 추가되었을까요?


https://youtu.be/wOZ3RNOhORU",https://yt3.ggpht.com/xkdA5BTVc4VBUUcWDc-xK4NlLG7PRXf8GTXF04p0Dh0SfpQiwJd0liUGDSmAKPNjTyRNf7hXM9QJ=s0,1
ABS Disk,https://yt3.googleusercontent.com/ytc/AIdro_kcqkdX-iRudrzS4KmfonNRdM0GfIZJk3qRzTj6c4NE9aM=s0,2026-05-20 19:31:18,2주 전,https://www.youtube.com/post/UgkxNHKdKpaoSHMLh36cZdbKyxJtttlMESAu,6,0,작년에 나온 수도고 배틀과 이번에 나온 포르자 호라이즌 6의 수도고 C1선,"https://yt3.ggpht.com/Y0OtarmRYYelRFPgtPxXlI0LJTcf3vu549tw2tjJRVQNn66BJyiGYBB-yCIPjSPcDgcm0PbcLwcbVa0=s0
https://yt3.ggpht.com/6tonkQEcLofaSUfZR3mQALdYobQ21_0aOqavMGT201BgjAPuDKdpdBKFX4kWrukTKHDd75TADS-otQ=s0",2
와쿠와쿠 프린세스,https://yt3.googleusercontent.com/v-k6Fkgv_nHs-fYbrByeX65pWKqKdkeAkj8hQCa156_RsufyTeAdLVDcdzuQrUy1DHWKjatp=s0,2026-05-20 18:28:45,2주 전,https://www.youtube.com/post/Ugkx8sHATrWOdv97A2Tv40-hLniI0XuY3dsK,32,4,엘다인의 우수성을 증명하다.,"https://yt3.ggpht.com/8CuZlBFOCPjDrvO-MPka963HMZepUI8Whv1BgY3NdETqfE2Ct3v6lVZaKPhCMgtqoXhCCRanFDJE0Fg=s0
https://yt3.ggpht.com/dLaFaYfkc8o3cm1ZUJzgloKX03TUgf-1HPPxnPEZxxSo1x62aY7KHOGbvqZYsSyVvcizlcTp1PBujw=s0",2
스터디,https://yt3.googleusercontent.com/L_JdrRr-BteWXu2bhIM1K0maSqVUmGip8I7pck6ZAS9-Eg_1ktYBWtHLEu36drSSDA9M_-P-OA=s0,2026-05-20 18:16:16,2주 전,https://www.youtube.com/post/UgkxlQ3nVB_K0PMk6PSXwnf4-uZ7WLpM4BWb,5,1,트릭컬타워 신기록 농장 1위,"https://yt3.ggpht.com/hwZQ-iM-zgqCwCHsdPgeXJO4hMwz0YE5q7_yYZi3-W0Oa1feig7bEAWpHKH-UeJSpIle7pU2Ixgrzg=s0
https://yt3.ggpht.com/PFk4haCpmzZ3Ef6t42NY3hK4qnbZZsd_L7GUNfCbYhKAsxMLAjtbxPsL_611bcdS-lAsqp1afrroMQ=s0",2
루포,https://yt3.googleusercontent.com/L-XO0jpjfoZyw0-33fBmLatRfca7etj9v7kcw-w4w5c4sIHWmlEbRnzSMLk04IHItbNDowTS=s0,2026-05-20 17:53:03,2주 전,https://www.youtube.com/post/UgkxR-f6ZnRWt2aOOwdSzF-fPqoqPeLHJ5u-,9,5,"""어이 저기 봐, 굉장한 석양이야.""
""마치..."" (산책중 너무 예쁘게 찍혀진 것이다..♡)","https://yt3.ggpht.com/HwFu2-5GS_mSbFiy3-3JAXN-6rYQVbRM3YjUPpXgrBmz4Soa7p9iGnZm8xN_RaMogw4vDIC2oT0k-Qg=s0
https://yt3.ggpht.com/d8j1OYE6Hv4NLOeUgVMcldUTJeJIl_dEwmCdbEuw6XZ3QtxWrE8V6AS28CiHqMK_DulDXqVwweO9PYM=s0
https://yt3.ggpht.com/bf_VaRqR6R2-Q5m8a8-xIg2rPHyLbeG3uFdcCB2YMiuctIrbIBaCrVJGEsZeQ38qBNWbaTe3B8rHrQ=s0
https://yt3.ggpht.com/v-5RvFzIIElymc3inekjXFA2WcIbsDZN5QvXFTBoiXhztuxz6b-gddGUdB3sw_-HlcIlZq-DDmYZwW0=s0",4
Edgalic,https://yt3.googleusercontent.com/JFEjBZp3b79yxyHFQ8F2vAhiFYz1gKVfG2Xsn68DfBk5DZlXHmtd4yponWafXqNx6vpA4xjMXtE=s0,2026-05-20 15:38:18,2주 전,https://www.youtube.com/post/UgkxZjlEAcONBqwuKKhqeYVXX8OqEDaVqpZ6,53,3,더 트릭컬,https://yt3.ggpht.com/-8PLdwReIEqecI4t_pMQm318OPGpNenr1wJP-Rge-t9FJBAmPamQDLyqjgGj62zq9G8Ilv5YSNRdg9E=s0,1
코노 히스클리프다,https://yt3.googleusercontent.com/MTy3Vepc-RhRgFUGFsYMZvStd_w5f6qLqxLwe2qHsswm6s-L_S5Qz3nPtZow4llar4ynfD189Yk=s0,2026-05-20 15:05:57,2주 전,https://www.youtube.com/post/Ugkx1UPHJLQh05JrpmaZmjTQlpk1kc-rWOpo,6,0,"비틱주의
어흑 간지난다","https://yt3.ggpht.com/m4higKdxh3kJkuxRDAtB-BUshIXrhfM8sgCg04Uz8UUV-rvUojCMihuk637t1ci0dOqdRJy_FcYzM5o=s0
https://yt3.ggpht.com/nylur5ddFi8akLFfsbrjzEkIdLwwWZtR6MRL1AtPw-1Fhw79edjaO0pK5iJp55w6s2OxbdY8hJpV=s0
https://yt3.ggpht.com/G2PrPUdWpFbBdWFq0JGM2iiyEUUxXLKnWwwtbqu354zVZ_s3tg3Npm63G6AUonbMRna5y-Tycyjw=s0",3
제스퍼,https://yt3.googleusercontent.com/DvvPujkk44lLvFdN70HR9nYIm7DCJwB9-crPITkga-5PuqVb-wCMwxNiDMowiYiBk5IFyxKNhw=s0,2026-05-20 09:39:54,2주 전,https://www.youtube.com/post/Ugkx6EopAmIYdFh0uIpWTdrPH4EuCNjRn4pc,70,5,"이드ㅋㅋㅋㅋㅋ
일하는 중이라 모자는 없습니다!



손가락 5개는 멜룬다고~!","https://yt3.ggpht.com/UYOjIInAMrWfRCLqqexCS-d3ZxsFRnntwcJbKx8Pz_jR0yv7Ass9ot11nO7gQE7_pD6qVTLajEK0=s0
https://yt3.ggpht.com/OZMamgLJGKZfIb59o68oiagzFFNEVqovBiAXQcKiP510V_UZbhxJS-Un3M4F52oN8dZKedfJqFtf=s0",2
캔,https://yt3.googleusercontent.com/nQ5VrMdOVG8uTxVQ70uu9TWVl9NzftA5DQSWDBPfC0hmlu5jQgI45vq8fg5dh_yxlgPog6LJLQ=s0,2026-05-20 01:02:42,2주 전,https://www.youtube.com/post/Ugkxhz1u2MSLvd1ezqAMsG5YUaZYdROQlzOT,3,1,,"https://yt3.ggpht.com/TNw6sm8tqcDq3gTx625uQ2ZWmfi-PgjEuAoGAYn7LBh_E-aYPdcTDKePaxGiFN9nGKZLD1D-mOw_iw=s0
https://yt3.ggpht.com/oiyz3K6a_tGqpvDXt5DCY1UswQlepuf1vQjXsm8O2LE6wgUrN4Gf9TE6Vfkwl-3ClYK49zq2ylqtHg=s0",2
스터디,https://yt3.googleusercontent.com/L_JdrRr-BteWXu2bhIM1K0maSqVUmGip8I7pck6ZAS9-Eg_1ktYBWtHLEu36drSSDA9M_-P-OA=s0,2026-05-19 23:01:12,2주 전,https://www.youtube.com/post/UgkxSaSSqYkyKSwrAqQKoPwfhR1cNyjvvvLR,6,0,방제 ㅋㅋ,https://yt3.ggpht.com/YeMyN7G3KyMvYf-No0Fu1ido6MUnD70QQ7y58pcZEWwp9EKxBNqveS2nVbE-sBf3LNXS1i7Ejw4L5w=s0,1
달필,https://yt3.googleusercontent.com/ytc/AIdro_mpSPcM1xqf5eylUbGB3KWqmwDHKTnV854WAq7llejw528i=s0,2026-05-19 22:25:13,2주 전,https://www.youtube.com/post/Ugkxd20Eei883hnRxj96Jkk2YWeVC48CJDxT,3,0,"캐슬 크래셔 트릭컬 창작 모드입니다. by 마신 멜로우
진짜 잘 만드셨어요ㅅㅅ","https://yt3.ggpht.com/z3ggLB-7XHfm80bEgJeEZ9dADNmB6tXKishPHN8nA4Db0CZdw2xCmKdz4LOfaPR6DaOY2hiVLAEF=s0
https://yt3.ggpht.com/lliVHXH-WGyqs-Dwxl0KBvsPnpmqXA7YdOg2T6nt3u0qe8hxx03fhuO1xHbGIcMCA3cf_vODE3mZ=s0
https://yt3.ggpht.com/Pg-DublJjRHuJF2RMkTLqUE6E6RR0uBO8uIhecFeLcvBmmX34Gz5dYzpAhKc812EYQd7ODbUPAV-=s0
https://yt3.ggpht.com/LAscrfBu-yLCoYfVBv3tGaidb_G-tB2qLj8UQIY2cXtWyqrW3pfZPC7D7GHWokfkYyhCi4hjvFy_OA=s0
https://yt3.ggpht.com/dIjdgQz37uTDjKPYPyT8zK4-khuFyBzq3lXUKoLXPGNwHu-Sk66IA_ybr2uNQcH8zdleKMtX8z5tDA=s0
https://yt3.ggpht.com/Dq63ZLmAqJdJz7ehSCoL6B8IKgshCB9GbHjXNS5-k6MTsqe6coAfouf1UWYhB2Qp_05Ray_wYqdpaQ=s0
https://yt3.ggpht.com/tY65XxQyTENvZFE6O6EefCIAqpY7N9DUItRoc4x-8u-lGY5HywM5HmTEVzW3sxTjLiRQBEzDKhsIdQ=s0
https://yt3.ggpht.com/ttVQKRCKkw0UsPgaDz3f0oRRlQOCBGQjtSdrFA0W6P9kWkkGyquFm1cRxyhWwkqFvJrzoi6Gjkvc=s0",8
스터디,https://yt3.googleusercontent.com/L_JdrRr-BteWXu2bhIM1K0maSqVUmGip8I7pck6ZAS9-Eg_1ktYBWtHLEu36drSSDA9M_-P-OA=s0,2026-05-19 20:33:48,2주 전,https://www.youtube.com/post/UgkxVl1bibzq6vm2iMqvY0uEKifWof8Bp6jW,5,0,뭔가 백룸 느낌나는 계단,"https://yt3.ggpht.com/Efl-deUx0ANWggjPMIiAVEqVlR0i6zfanOGtWfphO5JonT6YIgQHbNGFuQqVocqmzCZt30FHvaQW=s0
https://yt3.ggpht.com/Lu8etjDkc2bmQexxtX3NytKPqq_AoZj8RdMPIy8yGPpGemSI4EBYKVYNo0bZnvVPAzmnqc7M7JpIHw=s0",2
마카샤,https://yt3.googleusercontent.com/oEAA9KH9snvOiz8Ha_c9Fmt8JLtNwFvqp-ijgLjrbzz1CBCYXqESGYcczPxuuIK2R_6qRjJFMDw=s0,2026-05-19 20:24:18,2주 전,https://www.youtube.com/post/UgkxmyNTQItI2sFNHit_ZqtAN7os_sFWDkbH,38,0,평화롭길 바라는 엘리아스,https://yt3.ggpht.com/M--OOGp5ZQzL0ZTvWKbZEebg6wjOi5iI6Z4_6L_N5x_wEf_-WIcNgInaiGnr_MyIkQJA60tODHKEyQ=s0,1
와쿠와쿠 프린세스,https://yt3.googleusercontent.com/v-k6Fkgv_nHs-fYbrByeX65pWKqKdkeAkj8hQCa156_RsufyTeAdLVDcdzuQrUy1DHWKjatp=s0,2026-05-19 19:57:23,2주 전,https://www.youtube.com/post/UgkxaL34uzuP6-QtZO8YpKMkOQOUcSObJ7aS,28,1,악행도 결국 대의에서 시작함을 알려주는 사도들,https://yt3.ggpht.com/YaKS7mxagJ1O-MEpjGTbABlPzeph2b0FMX63GE3GUOuJCwYIkqQYHbEfMyB9BT8Bf5yQ9iTI6ea3Cqw=s0,1
와쿠와쿠 프린세스,https://yt3.googleusercontent.com/v-k6Fkgv_nHs-fYbrByeX65pWKqKdkeAkj8hQCa156_RsufyTeAdLVDcdzuQrUy1DHWKjatp=s0,2026-05-19 19:38:34,2주 전,https://www.youtube.com/post/UgkxdGAxVJKo6k-LpC-HSaGJrod14ymuSC_L,16,4,그림 움직이게 하는법,https://yt3.ggpht.com/0Wpdt6sEQCG5nP1bqVUzhsaL9uA6tyUdU1qQ5QKADqAwYOaigUP15ib5CgwCcaIEDOhNA0EGgqF24MY=s0,1
와쿠와쿠 프린세스,https://yt3.googleusercontent.com/v-k6Fkgv_nHs-fYbrByeX65pWKqKdkeAkj8hQCa156_RsufyTeAdLVDcdzuQrUy1DHWKjatp=s0,2026-05-19 12:24:33,2주 전,https://www.youtube.com/post/UgkxA7I5Tz6J9uKvjE9kyoPhZJyS2rrw-qGe,7,3,귀여운 끼디융 보고 가세요,https://yt3.ggpht.com/cW9UR_8r9DJcfJhujtwl-fofMWIDnutkKm57ld6c98cSw9TTGg7Pe7Um5T6KHg63lqcvzWodGDTN=s0,1
마리사랑단,https://yt3.googleusercontent.com/GllUzNYohgivBjdzxF3AHFjKYOKlDAxcPwzJGCHjDJKLm396fxWx2QDveqj_GVm0OX5UB2iArLA=s0,2026-05-19 19:22:34,2주 전,https://www.youtube.com/post/UgkxroOjbDuwyf2NyDVjjCvD5qWrcVmEKIbt,5,0,"온돌이 수정본과 트리컬 갤러리 만화 모음집입니다


https://youtube.com/live/VL2y4KvlxPY?...",,0
루포,https://yt3.googleusercontent.com/L-XO0jpjfoZyw0-33fBmLatRfca7etj9v7kcw-w4w5c4sIHWmlEbRnzSMLk04IHItbNDowTS=s0,2026-05-19 18:24:44,2주 전,https://www.youtube.com/post/UgkxBdI8xQ2V20vhfsrVaUpi73pq7Qv0aVHb,5,0,"루포 이격 순수 차례 또 밀림 ^^ 



내놔내놔내놔내놔내놔내놔내놔내놔내놔내놔내놔내놔내놔내놔내놔내놔내놔내놔내놔내놔내놔내놔내놔내놔내놔내놔내놔내놔내놔내놔내놔내놔내놔내놔내놔내놔내놔내놔내놔내놔내놔내놔내놔내놔내놔내놔내놔내놔내놔내놔내놔내놔내놔내놔내놔내놔내놔내놔내놔내놔내놔내놔내놔내놔내놔내놔내놔내놔내놔내놔내놔내놔내놔내놔내놔내놔내놔내놔내놔내놔내놔내놔내놔내놔내놔내놔내놔내놔내놔내놔내놔내놔내놔내놔내놔내놔내놔내놔내놔내놔내놔내놔내놔내놔내놔내놔내놔내놔내놔내놔내놔내놔내놔내놔내놔내놔내놔내놔내놔내놔내놔내놔내놔내놔내놔내놔내놔내놔내놔내놔내놔내놔내놔내놔내놔내놔내놔내놔내놔내놔내놔내놔내놔내놔내놔내놔내놔내놔내놔내놔내놔내놔내놔내놔내놔내놔내놔내놔내놔내놔내놔내놔내놔내놔내놔내놔내놔내놔내놔내놔내놔내놔내놔내놔내놔내놔내놔내놔내놔내놔내놔내놔내놔내놔내놔내놔내놔내놔내놔내놔내놔내놔내놔내놔내놔내놔내놔내놔내놔내놔내놔내놔내놔내놔내놔내놔내놔내놔내놔내놔내놔내놔내놔내놔내놔내놔내놔내놔내놔내놔내놔내놔내놔내놔내놔내놔내놔내놔내놔내놔내놔내놔내놔내놔내놔내놔내놔내놔내놔내놔내놔내놔내놔내놔내놔내놔내놔내놔내놔내놔내놔내놔내놔내놔내놔내놔내놔내놔내놔내놔내놔내놔내놔내놔내놔내놔내놔내놔내놔내놔내놔내놔내놔내놔내놔내놔내놔내놔내놔내놔내놔내놔내놔내놔내놔내놔내놔내놔내놔내놔내놔내놔내놔내놔내놔내놔내놔내놔내놔내놔내놔내놔내놔내놔내놔내놔내놔내놔내놔내놔내놔내놔내놔내놔내놔내놔내놔내놔내놔내놔내놔내놔내놔내놔내놔내놔내놔내놔내놔내놔내놔내놔내놔내놔내놔내놔내놔내놔내놔내놔내놔",https://yt3.ggpht.com/-2tEOnUJXAyLEXJAycQGzHKmtTCEJ1MD2Vmd7Xv4UK_siJXu9hpWV8lfYkW5TM1j5kOocats-lDbPw=s0,1
온리리온,https://yt3.googleusercontent.com/mCuNU95ZaxicrmKdyUFqUP-f7A-YBCEhViK5EZDHTTsFblkuhiAUM1QndZKIFcb4mW2PQ9xiNA=s0,2026-05-19 10:20:24,2주 전,https://www.youtube.com/post/Ugkxc6LANtp1Luc-yNADav99XEnOHeMnfXKw,6,3,"안녕하세요.
영상올리기귀찮네요.",,0
온리리온 비밀지점,https://yt3.googleusercontent.com/PadAE7-CoLtyyLKTdk8exebQ3UPWZtjz_elHLUFDWCGtWMNV1_dBxzCuJ1rWwTc06_f_CYzDrg=s0,2026-05-19 17:19:34,2주 전,https://www.youtube.com/post/UgkxKiMFhXMB0qYxEe8eOWXEw4JlCio0rLRW,5,4,"안녕하세요.
온리리온 대리근무자입니다.

일단은 방송 정상화를 알립니다.
대신 목요일 휴방 예정입니다.
하지만 언제나 그렇듯
언제 바뀔지 모릅니다.
감사합니다. (꾸벅)

영상 일부가 일부 공개가 된 이유는
일부러 노래 듣게 하려고입니다.
감사합니다.",,0
온리리온 2호점,https://yt3.googleusercontent.com/jlIhMicbFwdmtEkjkNHgxHZUiEBDWpoSITR1McD7DLbviDYWMkJ2gxlwW634wrMOhFKxV7806U0=s0,2026-05-19 17:16:13,2주 전,https://www.youtube.com/post/UgkxE0knejvjWPUuyanpWa2uWG95iMzROhuJ,107,13,이드이드이드이드?이드?이드!이드이드이드이드이드?이드돌아와이드이드?이드!!!이드?이드?이드?엘다인?이드!!!이드이드이드!이드으!!!이드...,https://yt3.ggpht.com/A2dioCD0rZWXIFsRLKRd-l56VgQ8qx6llW63oMcarTbQVswksMT96TqliFYpe8SSIcIMUzN0a8WqiOU=s0,1
소피_노이엔뮐러,https://yt3.googleusercontent.com/ytc/AIdro_lK1ePDwOUWCa-5b9UItpMyGU0vf4SOiTs2ZqF0sGMuCx0=s0,2026-05-19 16:38:50,3주 전,https://www.youtube.com/post/Ugkx6RgGbWPsp8oGBf1FcjiFo7UPQR0aVQft,5,6,"안녕하세요.
신입 티스푼입니다.

팬영상 만들어보고있습니다.


근데 큰일남 이거 어케 움직임 이제?",https://yt3.ggpht.com/hqpjaxBYG8vRgZLYhJeneo0s2foaMSC5xuvznu3Uf0W8HQgnrZbVh4Oq0Pr4n3jX0wyjiWa5sjru4A=s0,1
와쿠와쿠 프린세스,https://yt3.googleusercontent.com/v-k6Fkgv_nHs-fYbrByeX65pWKqKdkeAkj8hQCa156_RsufyTeAdLVDcdzuQrUy1DHWKjatp=s0,2026-05-19 07:48:50,3주 전,https://www.youtube.com/post/UgkxPZrEodqJfiwnJzeuxId2eVdzRYvpARUA,38,4,사랑의 백미를 보여주는 사도들,https://yt3.ggpht.com/b7nHTg_L8AWIBP_ISb7Ew6OoaeWUGOeMOIjIRMv4UiGD2PwW8g8rHq9WMtaSfSf35KLlIDrP4kvtUA=s0,1
루포,https://yt3.googleusercontent.com/L-XO0jpjfoZyw0-33fBmLatRfca7etj9v7kcw-w4w5c4sIHWmlEbRnzSMLk04IHItbNDowTS=s0,2026-05-19 01:17:24,3주 전,https://www.youtube.com/post/UgkxQPvvYdXSHLEkFxaytIvHhT6T0Bc2KRld,12,4,(몬가 아쉬운 그림...)에르핀🍰,https://yt3.ggpht.com/TIWmny3hsSMKxULDIVoqI2e4-7J5aF8ASHcozi1qIidSpHlpfaj_AHr9ulAWA1x22DlQRCNmCt_A3g=s0,1
Edgalic,https://yt3.googleusercontent.com/JFEjBZp3b79yxyHFQ8F2vAhiFYz1gKVfG2Xsn68DfBk5DZlXHmtd4yponWafXqNx6vpA4xjMXtE=s0,2026-05-18 23:05:44,3주 전,https://www.youtube.com/post/UgkxXPut-hHlfd2zmmoqDiGt0Shg-esf9dQL,5,5,온리리온이 그리운 당신을 위해 준비한 코스요리~,"https://yt3.ggpht.com/F2msmLRoTM5e8L7p59xcZC7tsgi_ykykRebuhRqohgf_dT95DAMqKjSuoW0WcVbfSE-pZNpIlKQytA=s0
https://yt3.ggpht.com/exOySbzSoSiSQ-U5sKfzVRwdnno_HtuXqo-9U2DkJfKWxXwt4tkM3ZoOkPMCjf6jWuBG_G0-6dqmyQ=s0
https://yt3.ggpht.com/9NnwLsg0g1yg6t5ydMdhBeNorZLT27BdWxU7X5y_grO_kW-B09Y7nspwu_Cfd4YWVf2Ug_Q2uKJZNA=s0
https://yt3.ggpht.com/gIs2x-Mt_9wY9hVpoMt-RdoM9EY3WqjiV6qBAGEFFV5DHB17Ghw0WytWSQzMJaohsmbXP831ww1ASy8=s0
https://yt3.ggpht.com/x8UbE-7HzGipHGZ6poGBp8-jGSontRzYVPJ7-LbORs4chSv2HvihTwK1U9skA__FHcUHSkNSjt4kTDw=s0",5
스터디,https://yt3.googleusercontent.com/L_JdrRr-BteWXu2bhIM1K0maSqVUmGip8I7pck6ZAS9-Eg_1ktYBWtHLEu36drSSDA9M_-P-OA=s0,2026-05-18 15:12:41,3주 전,https://www.youtube.com/post/Ugkxs6LKI5IkJglLbOvg5hrMcQaASYg9JAfT,5,4,볼평 알고리즘 수준 ㅋㅋ,https://yt3.ggpht.com/28W8Y9BqWjozJalIoBNEbhOQoYAR71ilgCo8xelWkQodhc0NYirXbC0gK6alLXUrACzsZ5LP52nn7w=s0,1
스터디,https://yt3.googleusercontent.com/L_JdrRr-BteWXu2bhIM1K0maSqVUmGip8I7pck6ZAS9-Eg_1ktYBWtHLEu36drSSDA9M_-P-OA=s0,2026-05-18 21:37:16,3주 전,https://www.youtube.com/post/Ugkx2_iTED-KN8QxU3513lYZSynwNci1ql12,7,5,리코타 샐러드와 탄산수,https://yt3.ggpht.com/PuOYd9itseWlyG_kjxliMn-G3h3_mWmV6yji8dYDfCfZOkl_BPr9hp6trBsmG4-zGeL-qCevnGuqIhs=s0,1
캔,https://yt3.googleusercontent.com/nQ5VrMdOVG8uTxVQ70uu9TWVl9NzftA5DQSWDBPfC0hmlu5jQgI45vq8fg5dh_yxlgPog6LJLQ=s0,2026-05-18 12:58:35,3주 전,https://www.youtube.com/post/UgkxTekNZiel8qRidr8VoUSRBDDCVdn4Jujo,6,3,오늘도 평화로운 엘리아스,"https://yt3.ggpht.com/BYDLyinZo9TkVtctvU7x_5xkvNgP67iqYCFuA2VqnCxzy5C2xdJYCMFW0CQ5XpHooF-r-K9-rjCt=s0
https://yt3.ggpht.com/6Tko1JKBTRf23DFU8HdAYFtSTofl3Y5DlhoeKjJcy9cFaKVkxdK1ll8AV8lkS-IQurg0HUbR-5qn=s0
https://yt3.ggpht.com/biDxv6Di5flMSkg9IaCgOZsqkUmH0PZwy6OEYLYIlxgtkTLcrKGOQya_8Gbgp69mfW9Bkn8v-dBo=s0
https://yt3.ggpht.com/DZw9YG2CLNiwMAJROugdzMARCld50n6d5JadH06ea82oBGcxCohXlbo_RK2XTPfmVmKN_K-J921qzP4=s0
https://yt3.ggpht.com/HgvJS0Y3sSGHK1fo9LelIP5YZy9GInMcQsMP-Uu9glNsnNM8X0158A3gsey6XubPextL90lVT5nlzQ=s0
https://yt3.ggpht.com/t8fFY_BwqLMkYgBdJ1RhbwxAfsx3Q3Cb5Mbc6inqbNCT_yyOsoHOFoxte1h3qBg-EjmGG5rEH-j1=s0
https://yt3.ggpht.com/GFKG9FPNg8x2-CHR2hhAlwrmnh3qPTp7EyVx_0djcOSQDdVoxKRWr_Y741Gb4qjd9oPzZDI0IB2PNw=s0
https://yt3.ggpht.com/Zwuk9qSi31Le1FZ8SbLpmH57ogk4xTWDxUy-COkk6LgFByZQZdqtcWCZrNzDA7evCTTj2MjK5_WvfQ=s0
https://yt3.ggpht.com/_oswgSecYU5tdwn3saMTX2MiO8YvooqBM5PZ1GYO2aIpJVu4VojdODbgZ16K-APkAmK8jZEC85Cb=s0
https://yt3.ggpht.com/FYfXwPjfuTiBXXEVh0zYHW4FKyl9M3dYGH4Dhs-LsOx3sZu_mtYIhU17xD2VquTYb0s3ENtiKxnEmQ=s0",10
Spppparrot,https://yt3.googleusercontent.com/ytc/AIdro_l_cdb12iEvfbconWqKW89iqSh69jL-NdmjZIuXCkr9Yg3iLzKFdf8SG32lYrR3AmrM9A=s0,2026-05-18 17:28:34,3주 전,https://www.youtube.com/post/UgkxOHcf0Y3hyzmxBwn_Bht6yv4IoJMPjpg6,8,8,"당신의 최애가 자꾸 도망친다고요? 그런 당신을 위해 준비했습니다!
친환경 지지미! 모나티엄 멘헤라 소드! 
지금 너도 구매해라! 지금 구입시 온리리온 어흐장면 상시 무료! [더보기]


(본 상품은 교단증명서 10만장, 멘헤라 2급 등록증, 모나티엄 시민증, 질투나 허용 증명서, 티스푼권 9단, 온조롱단 가입 증명서, 무음이별 거부권, 얼굴 새빨개짐 가능 여부 등의 자격 증명을 확인뒤 판매하오니 참조해주시길 바랍니다.)
(멘헤라 소드 칼날부분 장착은 도검 소지 허가증을 가진 분만 허용됩니다)","https://yt3.ggpht.com/GrVKKrTxOU81B2Vn2KK-mOxfN2pKSgvbHc1dg4c0FcY8nHGfqAIpf8L6STyIibqM4urcjs-t7GCHKuI=s0
https://yt3.ggpht.com/_NkPCWzT_Yw6ha0yA4JQMmHIRRZINZv1frkK4lccK6_aZVUvbjGqaZKSBpmEWtbfhIBz2fj0TcIg=s0",2
스터디,https://yt3.googleusercontent.com/L_JdrRr-BteWXu2bhIM1K0maSqVUmGip8I7pck6ZAS9-Eg_1ktYBWtHLEu36drSSDA9M_-P-OA=s0,2026-05-18 16:55:46,3주 전,https://www.youtube.com/post/UgkxT9Cx_M_V4j2Bx5xKUlXlScmk3maokRWh,4,3,2026년 영화 최고 기대작 [호프],"https://yt3.ggpht.com/5DUQuKa1Btvz2vf2tkCFVK5OVXff2I0gGfwl3HllIJaxO3gVDKeAgID3a3Mb3gnkxOULXAem7qh-=s0
https://yt3.ggpht.com/QTqaC4tgDE5HA_d8CmQ__5bpafbMcGqFZzt3Qb4_K0v2W8YIGuh1zt8f4nmgvwo2saDZPXPUKw7PmlE=s0",2
온리리온 2호점,https://yt3.googleusercontent.com/jlIhMicbFwdmtEkjkNHgxHZUiEBDWpoSITR1McD7DLbviDYWMkJ2gxlwW634wrMOhFKxV7806U0=s0,2026-05-18 16:34:18,3주 전,https://www.youtube.com/post/Ugkxg5qlZkWRuD6DcZeLOPeAncFKr7DxCkGr,49,10,"휴방공지


오늘은 쉴게여


사실 앞으로 스케쥴이 어떻게 될지 모르지만
암튼 뭔가 되고 있긴 하니 조아쓰",https://yt3.ggpht.com/TCtAwSFmXTVlm320atC_egXpsQ-KJCw3Pw2DH96STJZchnxtbWwgfatodgDPiXGJVr6JUB14s1hzNss=s0,1
Edgalic,https://yt3.googleusercontent.com/JFEjBZp3b79yxyHFQ8F2vAhiFYz1gKVfG2Xsn68DfBk5DZlXHmtd4yponWafXqNx6vpA4xjMXtE=s0,2026-05-18 16:22:55,3주 전,https://www.youtube.com/post/UgkxjijLgPdZ4RLnGf2GqWlUbBjTIyLPnhiI,4,4,"보1지 마세요

https://youtu.be/2rUjVCAWy2c?si=Eo5xb...",,0
ABS Disk,https://yt3.googleusercontent.com/ytc/AIdro_kcqkdX-iRudrzS4KmfonNRdM0GfIZJk3qRzTj6c4NE9aM=s0,2026-05-17 22:31:16,3주 전,https://www.youtube.com/post/Ugkxh6lZsfWpJCIWw-PlBjsKsq6kUbxJJzkt,4,2,"포호6 도쿄 도심으로 길게 점프하는 위험표지판 깨면서 한장.
지금까지는 이런 현대적인 대도시는 나온 적이 없었사와요. 뭔가 근대풍 도시 위주였고",https://yt3.ggpht.com/Jl4CmsnEiwoh_qQYongk9QOsX0UcQhJ6pZHULvd37a26zWZCStdybMYTXTb9I6F2r64BtE36nZNJXw=s0,1
시온덜크,https://yt3.googleusercontent.com/6mvvsj3958XDKu8FDXYsz0uF79VN8htrgBzqadJLFRh4H9DnoYjKoU3mGC_zvOpJPaq5zLf3=s0,2026-05-17 20:49:29,3주 전,https://www.youtube.com/post/UgkxXHLevZiBk9RlPXFTVLv0v-Ei5k448CbB,3,1,"히히 

https://www.youtube.com/watch?v=HJwil...",,0
와쿠와쿠 프린세스,https://yt3.googleusercontent.com/v-k6Fkgv_nHs-fYbrByeX65pWKqKdkeAkj8hQCa156_RsufyTeAdLVDcdzuQrUy1DHWKjatp=s0,2026-05-17 20:45:07,3주 전,https://www.youtube.com/post/UgkxHZe5lAA0C8ChRi1Mrx0xjCNyBWS5Kw9S,30,5,중딩 때 그렸던고 찾아옴,https://yt3.ggpht.com/Vc1u8-k3bXZq3CKZoumfVWGSZzQQx8I5XgZ3Ub1YmT2YAhr26APx5QsXXg-FJoyKOWoXn0Th3Vi0uL8=s0,1
순수맘 급행마니아♧,https://yt3.googleusercontent.com/oUN8KasRZn4dZGoXgt0nEVrNZ1qUiC1EhAO8f8-mbTRoI3Bq4ryzGLvmd2ttSbIVlSt-qBsS=s0,2026-05-17 19:53:04,3주 전,https://www.youtube.com/post/UgkxuhCtyzuarfhSSezUkmHfrkiPPeWFxNU1,11,1,도데체 무슨일이 있던거임?,https://yt3.ggpht.com/nMyXVcOyOLgzM-nSCSBIngrBlTkG9dlBY2g_KEdgrzkShYWgtxhp0h5YiJfB0lvvbRe33qkUUv_Tjg=s0,1
마리사랑단,https://yt3.googleusercontent.com/GllUzNYohgivBjdzxF3AHFjKYOKlDAxcPwzJGCHjDJKLm396fxWx2QDveqj_GVm0OX5UB2iArLA=s0,2026-05-17 19:30:14,3주 전,https://www.youtube.com/post/UgkxXOrk-Vb2KgrpF_hMMobU-MiHxRbnAFKd,5,3,"팝니다 : 아기 리포, 데뷔한 적 없음.

-어흐스트 어흐밍웨이


https://youtube.com/live/KPIi-oZePZY","https://yt3.ggpht.com/OivO9A5FuzdVffClU444X2ZFEzxUZl9x6kvDhs9EgNw4gLUDLcFI6_kiWi_F0Xjl-pXJTA5VjFdDyw=s0
https://yt3.ggpht.com/85XWsYVovG9vlk1WvrcTqjTn0yXJnC9VUN6IQ5qMchcROPWOAwRgY31kEr7g6IvWdHlCKiTF7k9KnQ=s0",2
스터디,https://yt3.googleusercontent.com/L_JdrRr-BteWXu2bhIM1K0maSqVUmGip8I7pck6ZAS9-Eg_1ktYBWtHLEu36drSSDA9M_-P-OA=s0,2026-05-17 19:01:29,3주 전,https://www.youtube.com/post/Ugkxy0FDz3TqJmHLLja4L3dVKwG8qlY_SpVu,3,1,"절대발음 
https://youtu.be/Gul4kI_Gz9k?si=Rr8qK...",,0
루포,https://yt3.googleusercontent.com/L-XO0jpjfoZyw0-33fBmLatRfca7etj9v7kcw-w4w5c4sIHWmlEbRnzSMLk04IHItbNDowTS=s0,2026-05-17 16:46:11,3주 전,https://www.youtube.com/post/Ugkxj00Ia72OfflTGPvp6v-3pX7qxry3Zzpz,12,1,마🧨리,https://yt3.ggpht.com/SbK9LLyrXOcl4GpgtunGMO150PUgYBGh8JS_fftB5KQcP23Id9sN07G2slbrpWyxaax5i8pLlRzUaw=s0,1
와쿠와쿠 프린세스,https://yt3.googleusercontent.com/v-k6Fkgv_nHs-fYbrByeX65pWKqKdkeAkj8hQCa156_RsufyTeAdLVDcdzuQrUy1DHWKjatp=s0,2026-05-17 16:31:18,3주 전,https://www.youtube.com/post/UgkxBnm6ds8l6BweJq6mL9-DW4Oz3gb4SlIf,9,1,기구한 운명의 자색 사도들,https://yt3.ggpht.com/J6E_dvK-qliYyk26L97Gyi44ebZLlYPh9N_eCwtsc1nZHSSFK0bO3fUE8cIXKB4j-Th59ncdIxnB=s0,1
스터디,https://yt3.googleusercontent.com/L_JdrRr-BteWXu2bhIM1K0maSqVUmGip8I7pck6ZAS9-Eg_1ktYBWtHLEu36drSSDA9M_-P-OA=s0,2026-05-17 16:00:03,3주 전,https://www.youtube.com/post/UgkxN2YkXN-aTn_vrVIyCKp8YvUvNlHkGN4b,5,1,"애니추천:너를 너무너무너무너무 좋아하는 100명의 그녀들

장르:은혼",,0
루포,https://yt3.googleusercontent.com/L-XO0jpjfoZyw0-33fBmLatRfca7etj9v7kcw-w4w5c4sIHWmlEbRnzSMLk04IHItbNDowTS=s0,2026-05-17 08:25:45,3주 전,https://www.youtube.com/post/UgkxLXpMEr6nlyMQUHkVgUaMm2XumlTZH1U6,10,6,리포(프로포즈 참고했습니다),https://yt3.ggpht.com/Cv4ju7KKQt455Np47m154XEMNzvocab0peFguvkpsV_ZQxAcJIAuyrEYeq5aTMfJD9SaMHOCIYVyZg=s0,1
루포2_lupo2ho,https://yt3.googleusercontent.com/bHNKWL70xFaT-WIMS2LKXFGHLANNpoNptNKJxtYxLBn7DLFCq9EUWcZG3OqRFYWmcbxSRh73-yA=s0,2026-05-17 00:02:23,3주 전,https://www.youtube.com/post/UgkxKH8B4sw72Tp6mB9ROd-PFHB4SnP2ZObS,10,3,리포에서 5일밤,https://yt3.ggpht.com/s6KDODHkWeEmkkvMrJxJnHvxTPoQqw0RWIGYbSo8X54U3zVRzqJz8UQcoWAaiY4wIeuuy5pKI9hE=s0,1
루포,https://yt3.googleusercontent.com/L-XO0jpjfoZyw0-33fBmLatRfca7etj9v7kcw-w4w5c4sIHWmlEbRnzSMLk04IHItbNDowTS=s0,2026-05-16 23:24:29,3주 전,https://www.youtube.com/post/UgkxkwTS7MVpnJ53tMya7ooPIBs_3SKc80uB,12,1,으흐흐..♡,https://yt3.ggpht.com/cIhxSMOFK4T9NKwdcmBfmfWll3iXmkDHo6qiP5_cN9qKc61XkLNTu_j2ykzo2GqUPCF0-UYdBcy6=s0,1
루포,https://yt3.googleusercontent.com/L-XO0jpjfoZyw0-33fBmLatRfca7etj9v7kcw-w4w5c4sIHWmlEbRnzSMLk04IHItbNDowTS=s0,2026-05-16 22:43:23,3주 전,https://www.youtube.com/post/UgkxiO8SOVUqK1LhogWlR4h3s7myJR3XYcWW,11,1,어흐♡검지..♡,https://yt3.ggpht.com/8Vjyk9iOdyPyccOtPTkFl9NP6vF10VVNkkpi9hNx7CW0fSEhXG9p20qTSFN54h-lHLhod7Uu6ZphGyU=s0,1
캔,https://yt3.googleusercontent.com/nQ5VrMdOVG8uTxVQ70uu9TWVl9NzftA5DQSWDBPfC0hmlu5jQgI45vq8fg5dh_yxlgPog6LJLQ=s0,2026-05-16 22:41:16,3주 전,https://www.youtube.com/post/UgkxStHozf9oi71kCwaDyodlAKOR0oyQG43q,2,1,,"https://yt3.ggpht.com/zhco42WYhCGRW5rl_wuSFdmafLvTKcRkuz91VpzR63RFxb3WkUELf4nvOIm3YgKn40U9OlJYSnv8QTs=s0
https://yt3.ggpht.com/CxiBuT8r2msIQqLDXahRj5XWNeiPCXGOZe61lW2eQWw-QiL-jrSecejn736qws27jQXmbAzzOxWw=s0",2
Edgalic,https://yt3.googleusercontent.com/JFEjBZp3b79yxyHFQ8F2vAhiFYz1gKVfG2Xsn68DfBk5DZlXHmtd4yponWafXqNx6vpA4xjMXtE=s0,2026-05-16 22:41:01,3주 전,https://www.youtube.com/post/Ugkxel4umaSXrzCB1lOwUA0Dnpg6o9yIcnri,11,3,귀여운 삼촌형 코미,"https://yt3.ggpht.com/Mxjc8cdKtIFKw-0CxK1_G-hPqB72iBg-jyx6OdRQn6t0uasal1W8hHLoebxRenOewZyLba6pThcdug=s0
https://yt3.ggpht.com/9qo3LAC2sgiClv_L71gdDzckDsLNEizSXXCYsV23fypei1QsEnRPX2RyzIZ-nvitWnXGegQj6G8Acw=s0
https://yt3.ggpht.com/1JnsgQpdQQOFgzb4gNqoutzBUg7IwxdCktYwV-OXURjhur_0sj_gR8L1-Ke1rhz4Ryfb3mfQdpDSgg=s0
https://yt3.ggpht.com/zLqoJkZvQSZZWtFxcUmFsA9f_jsPicwZRoV9284K4DdZU9CbJfikgQ95rJ4C5eHFH0uXxpaINamc=s0
https://yt3.ggpht.com/QmE0L7bp1Y8idGrljz5CrWK6epsnY3V0By96TFa03DsLNlxk-aci5zHWaF--AgE-4IQe3Zfqyhbj=s0",5
와쿠와쿠 프린세스,https://yt3.googleusercontent.com/v-k6Fkgv_nHs-fYbrByeX65pWKqKdkeAkj8hQCa156_RsufyTeAdLVDcdzuQrUy1DHWKjatp=s0,2026-05-16 22:31:33,3주 전,https://www.youtube.com/post/Ugkx9w5keMOsDku_AZY01GnBosa_1fH7W83l,9,4,우결해주세요,https://yt3.ggpht.com/cec5XMr1jAc0QhWbHR8rF8Z0S9MzMypE--2M0ln4c5aT74oPfsnNv1_e8dG8xH35AW-vP-eL7Ttt=s0,1
제스퍼,https://yt3.googleusercontent.com/DvvPujkk44lLvFdN70HR9nYIm7DCJwB9-crPITkga-5PuqVb-wCMwxNiDMowiYiBk5IFyxKNhw=s0,2026-05-16 22:29:13,3주 전,https://www.youtube.com/post/Ugkxy-Dknf-y2jQYM-ReofpHVNAGGnVHlu5w,3,1,"음...
요번에 제작자님이 배풀어 주신 트릭콘 ㅎㅎ","https://yt3.ggpht.com/yc8Zn0w7C_WBY9mEQ57z-XAIfHccBcStIZq31ceqHL1v0RSGqxPFC8im6sLTnL7erzkzTDqK1jE801I=s0
https://yt3.ggpht.com/fjkmr0-SZyx1SHhCDeLHGkpK3v-6WGMZeYXsnY7auMZR52fgVl8wJNM8asy2b664AS4piGpIVLjxpA=s0",2
Edgalic,https://yt3.googleusercontent.com/JFEjBZp3b79yxyHFQ8F2vAhiFYz1gKVfG2Xsn68DfBk5DZlXHmtd4yponWafXqNx6vpA4xjMXtE=s0,2026-05-16 21:44:25,3주 전,https://www.youtube.com/post/UgkxBdfIbO5SfTpWktngl7VJZ-IKEs1OcgIF,7,2,,"https://yt3.ggpht.com/N4WSQIECcJi6GMQWdXMbMNn8ZVKJlAyBk7DvT9tFPPphENIhXkWh4SPLE5WlLGYy8f6ttpraY7IH4lQ=s0
https://yt3.ggpht.com/eTVI1n_iFIEbqgMfS54yZ7ZvYajZwuCt_BmB7Zq3RjONU3GSG7e8kIlzogNz0pqbVQOrHOh5_yma=s0",2
잉여같은,https://yt3.googleusercontent.com/ytc/AIdro_novj2poaxbX09Ur209f4GRIR9noBTjaKLkyAcWh0oRqCQ=s0,2026-05-16 21:42:47,3주 전,https://www.youtube.com/post/UgkxCIuDo1sa5FiiVI84Y4PAyqhgMJnQgl_J,9,1,어제 먹은 술이랑 안주 올려봅니당 히히 스피키는 그냥 올리고 싶어서 올렸어용,"https://yt3.ggpht.com/yqvVC2Ygk3ScTXnV0urE-LQErcBDotlQPgMz2H_qEBWCuFsk2Eq7oz5BvCafwB0PGz946__DCdXBig=s0
https://yt3.ggpht.com/snEjeugJVMk7dpyiWYyNz61yT0IpdVOcadN7LLfg8QiI14Ys0UslwgKS44TzYf8Hxd77IlyVs1cp=s0
https://yt3.ggpht.com/1pW2Gdxe1wfnC9nZxBj8fZHmiYgb-h3y2YcTQ_8IykDrjKanUYb_LJUYrfLMovjlujyHGw2EYXju=s0
https://yt3.ggpht.com/XEv5r55OsoPLCiBfNhlpVixVq9ZnfoU4_OEWanOYiMUE2NXqmRIi9hnDWOFC586kBXgN17dkb6p3=s0",4
스터디,https://yt3.googleusercontent.com/L_JdrRr-BteWXu2bhIM1K0maSqVUmGip8I7pck6ZAS9-Eg_1ktYBWtHLEu36drSSDA9M_-P-OA=s0,2026-05-16 21:38:24,3주 전,https://www.youtube.com/post/UgkxfLrTldOsOqb7Kxn05C3Zg7bzgoZ7LVwT,4,3,,https://yt3.ggpht.com/eh-9begD_AmkyRP66208dvT2oXQlsl-Bssl4EXQrp8ByntiUZ1c4RA6fFdBd-EpiVT6ndwHi9nn-Qw=s0,1
루포,https://yt3.googleusercontent.com/L-XO0jpjfoZyw0-33fBmLatRfca7etj9v7kcw-w4w5c4sIHWmlEbRnzSMLk04IHItbNDowTS=s0,2026-05-16 21:00:08,3주 전,https://www.youtube.com/post/UgkxbY99EdPQXAmlEwFZWnc7bXgvQw8zg28k,10,4,아아......너무나도 아름다운 것이다....,"https://yt3.ggpht.com/_u4ECmzlLnYszl7xy3YBYyH4kA6cMs9Y4mebxR8OLhkGI-z0oHm-WTgJB_43lOUNZK4O6OGh9U3XVQ=s0
https://yt3.ggpht.com/1udh287FvzMt3x1L9Jwo2f2Kh8VQddUL4pyM-ECmGoRkieCktEZZn-HebCdEaEQEYVeq0_XQftihSA=s0",2
호소임,https://yt3.googleusercontent.com/ruMlzqjm6xtIN7x0Sk3Od43e0qDSdEZqOz1Fmt4qMiGGrUwn18Zddhs2dbH1evhYa8D8wIpRrg=s0,2026-05-16 20:58:17,3주 전,https://www.youtube.com/post/UgkxMk7hPKKy4g8T03knMk62dt5LTCkOM9dz,9,2,그냥 그려보고 싶었다 마우스 그림 너무 어렵다 쩝,https://yt3.ggpht.com/VDKxpi2OpZVlC9uD63WN3AH9ngecTLKR4ZpxWb9K0_TCTlAXO6YBiqg-3HQKIrPkjzMfhu6eFzxQ5g=s0,1
와쿠와쿠 프린세스,https://yt3.googleusercontent.com/v-k6Fkgv_nHs-fYbrByeX65pWKqKdkeAkj8hQCa156_RsufyTeAdLVDcdzuQrUy1DHWKjatp=s0,2026-05-16 20:46:18,3주 전,https://www.youtube.com/post/UgkxQFplCOKGrUY9NPoh3Tw-zkyix33dts6Y,14,3,새콤달곰 라이프를 살아가는 사도들,https://yt3.ggpht.com/KuIHDdCBCeJrLMFi2U28tHpbMMuVvmmLrEqIAXRLJ2TVq9stkESRW-TCxQZVgHjBMPcl6M15QaIMOhQ=s0,1
와쿠와쿠 프린세스,https://yt3.googleusercontent.com/v-k6Fkgv_nHs-fYbrByeX65pWKqKdkeAkj8hQCa156_RsufyTeAdLVDcdzuQrUy1DHWKjatp=s0,2026-05-16 20:29:12,3주 전,https://www.youtube.com/post/UgkxuWz-BLGVJykwAQ2E4xQUphTcbT4qR20l,3,0,"에피카 뿔에는 열쇠가 있다. 
사멜리아 사복에는 '어딘가에' 자물쇠가 있다.
설마..?",https://yt3.ggpht.com/KL8XYgAVvn9Os7c7rWgJaMwYwSsTBtAZYKDGisx7KxwPUz-zXFnP207M6mfCLmm4AC4iyoQlIpGw=s0,1
와쿠와쿠 프린세스,https://yt3.googleusercontent.com/v-k6Fkgv_nHs-fYbrByeX65pWKqKdkeAkj8hQCa156_RsufyTeAdLVDcdzuQrUy1DHWKjatp=s0,2026-05-16 20:24:00,3주 전,https://www.youtube.com/post/UgkxQatxyXGd44GD1rko21w8oP2JkJDxyAZ3,9,3,축포(축제 리포),https://yt3.ggpht.com/Jd_2cNsgYyxDIbtzTcoXYR_55G8NaJfyhBSgWZ9gqmw81twGhTnr5zAHywvxhwwf0qi5ll3whuFC=s0,1
Edgalic,https://yt3.googleusercontent.com/JFEjBZp3b79yxyHFQ8F2vAhiFYz1gKVfG2Xsn68DfBk5DZlXHmtd4yponWafXqNx6vpA4xjMXtE=s0,2026-05-16 19:33:00,3주 전,https://www.youtube.com/post/Ugkx4zl4dG-KQX-D9zgwPq-zOn_sRLKiba6-,4,2,언제와언제와 언제와언제와 언제와언제와 언제와언제와 언제와언제와 언제와언제와 언제와언제와 언제와언제와 언제와언제와 언제와언제와 언제와언제와 언제와언제와 언제와언제와 언제와언제와 언제와언제와 언제와언제와 언제와언제와 언제와언제와 언제와언제와 언제와언제와 언제와언제와 언제와언제와 언제와언제와 언제와언제와 언제와언제와 언제와언제와 언제와언제와 언제와언제와 언제와언제와 언제와언제와 언제와언제와 언제와언제와 언제와언제와 언제와언제와 언제와언제와 언제와언제와 언제와언제와 언제와언제와 언제와언제와 언제와언제와 언제와언제와 언제와언제와 언제와언제와 언제와언제와 언제와언제와 언제와언제와 언제와언제와 언제와언제와 언제와언제와 언제와언제와 언제와언제와 언제와언제와 언제와언제와 언제와언제와 언제와언제와 언제와언제와 언제와언제와 언제와언제와 언제와언제와 언제와언제와 언제와언제와 언제와언제와 언제와언제와 언제와언제와 언제와언제와 언제와언제와 언제와언제와 언제와언제와 언제와언제와 언제와언제와 언제와언제와 언제와언제와 언제와언제와 언제와언제와 언제와언제와 언제와언제와 언제와언제와 언제와언제와 언제와언제와 언제와언제와 언제와언제와 언제와언제와 언제와언제와 언제와언제와 언제와언제와 언제와언제와 언제와언제와 언제와언제와 언제와언제와 언제와언제와 언제와언제와 언제와언제와,,0
와쿠와쿠 프린세스,https://yt3.googleusercontent.com/v-k6Fkgv_nHs-fYbrByeX65pWKqKdkeAkj8hQCa156_RsufyTeAdLVDcdzuQrUy1DHWKjatp=s0,2026-05-16 17:09:22,3주 전,https://www.youtube.com/post/UgkxuXjAtCnNnOaBvxCFcLMa3E7gqRPURdyo,25,6,"겉은 어둡더라도, 속은 빛나는 사도들",https://yt3.ggpht.com/MOO_bLRrjuVT4f3nbbQupAsRG4yQMPhsWE-DQi5SLckOy4AXbPVOOdajQXjGYeXTFRCsKuIR-DCSmA=s0,1
온리리온 비밀지점,https://yt3.googleusercontent.com/PadAE7-CoLtyyLKTdk8exebQ3UPWZtjz_elHLUFDWCGtWMNV1_dBxzCuJ1rWwTc06_f_CYzDrg=s0,2026-05-16 08:28:19,3주 전,https://www.youtube.com/post/Ugkxk4oE7X4rk6crQCitareSOrJp6QG8xyJS,5,2,커뮤 댓글을 항상 밀려서 쓰는 나,https://yt3.ggpht.com/DVr-p_BWOTN12ethNLdDjisyf1RDZk6h1Y8vAGwPpZ_Hrngvgz80dy1X3IL-zjCwHQfShvp_aNH5=s0,1
루포,https://yt3.googleusercontent.com/L-XO0jpjfoZyw0-33fBmLatRfca7etj9v7kcw-w4w5c4sIHWmlEbRnzSMLk04IHItbNDowTS=s0,2026-05-16 14:25:05,3주 전,https://www.youtube.com/post/UgkxBdcuKWVJ4N6EF4sdWCnms5hXDbcCDxD7,7,1,어흐....기묘한 패션 리포♡,https://yt3.ggpht.com/mpD69wihz0cJ0vf8V7L966xrb8jBzlohorEkAD2M9waUSoWzxb4J1b4xJKyVDdFx0E_QhvoBs-0pEg=s0,1
와쿠와쿠 프린세스,https://yt3.googleusercontent.com/v-k6Fkgv_nHs-fYbrByeX65pWKqKdkeAkj8hQCa156_RsufyTeAdLVDcdzuQrUy1DHWKjatp=s0,2026-05-16 12:48:14,3주 전,https://www.youtube.com/post/UgkxoLsY7VIgbi1dXW7thNnGrHNkyZcKtLJu,20,5,"흔들리지 않는, 강인한 사도들",https://yt3.ggpht.com/pYS4WUAF3wykF08bpNaWHnkJ-uvNhI_CpB7ZgZZzCny45aab0GizudGIqzlt3Jg98ASZkwu453im=s0,1
와쿠와쿠 프린세스,https://yt3.googleusercontent.com/v-k6Fkgv_nHs-fYbrByeX65pWKqKdkeAkj8hQCa156_RsufyTeAdLVDcdzuQrUy1DHWKjatp=s0,2026-05-16 12:21:36,3주 전,https://www.youtube.com/post/Ugkxi2IUKvkfgJYwOoIVt_mz2JaogABWKuPz,13,7,무녀 리포,https://yt3.ggpht.com/aZWt_nG3QH0f7Z27qSutV5MBSRRn7e7Bsv-0pk6ytQ5-WEgo1QSp0EJ2M09japqOws_iyhZWQgxdf0I=s0,1
루포,https://yt3.googleusercontent.com/L-XO0jpjfoZyw0-33fBmLatRfca7etj9v7kcw-w4w5c4sIHWmlEbRnzSMLk04IHItbNDowTS=s0,2026-05-16 11:49:24,3주 전,https://www.youtube.com/post/Ugkxchhop1sSgeKQ3tklvyBp-Fk_7h0muSpl,13,3,루포 수정본,https://yt3.ggpht.com/i_-EnHSemfvl7nd8WdDmUzfCj4DVWyW7fmVRx1sPAWxF2d11GfUVXep3I6U5zZVIBgtugPPdNI5XBg=s0,1
루포,https://yt3.googleusercontent.com/L-XO0jpjfoZyw0-33fBmLatRfca7etj9v7kcw-w4w5c4sIHWmlEbRnzSMLk04IHItbNDowTS=s0,2026-05-16 10:04:15,3주 전,https://www.youtube.com/post/UgkxFFpeisCbdzYSXBMPeT5taXJ5L1DSOZlA,12,2,검지가 아푸지만 시간 때우기는 좋은 것이다♡,"https://yt3.ggpht.com/_7V8S3Tjg7RgJI0Gm4j29u6iVBG0gF04WLF57PtybekMOTOr-rqGK_J00b-KaLotwRewvMOUOePlavk=s0
https://yt3.ggpht.com/kEaYytcNPtBIf53LM9sEucCsb4sIX54DE4GihmrOxcquPUndmzYn3EUxildf_e42Bf6xh9gP9df1MQ=s0",2
루포,https://yt3.googleusercontent.com/L-XO0jpjfoZyw0-33fBmLatRfca7etj9v7kcw-w4w5c4sIHWmlEbRnzSMLk04IHItbNDowTS=s0,2026-05-15 20:40:13,3주 전,https://www.youtube.com/post/Ugkx-yF9IPJWA2oRjEZVdycV74f6XrJ82j1I,9,2,그리는데 손가락만 보이는 것이다;;,https://yt3.ggpht.com/yRaNgzr-FcULYhFnCvFTn9wyj2Pw5NDkNjBJXhxO7VkFGwAhLXH4bHFC8yEtHREDEV4gXP-WOHjtfw=s0,1
와쿠와쿠 프린세스,https://yt3.googleusercontent.com/v-k6Fkgv_nHs-fYbrByeX65pWKqKdkeAkj8hQCa156_RsufyTeAdLVDcdzuQrUy1DHWKjatp=s0,2026-05-16 00:50:59,3주 전,https://www.youtube.com/post/UgkxFqPp5I2imnt7RF8bM4BzL4p_s2jy124v,8,3,트레이싱 허락해주신 분에게 무한한 감사를,https://yt3.ggpht.com/YHly_Rqd2J-bEPFaxYxZhwTM5e3IGP8GlCwDJtZ8cgwCHCgc3sShsnVOPhGaILhhniP9TZYqtnvn=s0,1
와쿠와쿠 프린세스,https://yt3.googleusercontent.com/v-k6Fkgv_nHs-fYbrByeX65pWKqKdkeAkj8hQCa156_RsufyTeAdLVDcdzuQrUy1DHWKjatp=s0,2026-05-15 23:54:42,3주 전,https://www.youtube.com/post/UgkxbEJ33CpSQ0lBxmgexom3BmS_cOIQmwoa,34,1,"하늘처럼 높고, 물처럼 맑고 투명한 사도들",https://yt3.ggpht.com/biF9g8ZTpe6MoCEjCWL7gPzosmw1BQojH8bUqsotG9hBcVVIJ6xEoqvzVavEv41CgA4fNMkQMPYc-34=s0,1
와쿠와쿠 프린세스,https://yt3.googleusercontent.com/v-k6Fkgv_nHs-fYbrByeX65pWKqKdkeAkj8hQCa156_RsufyTeAdLVDcdzuQrUy1DHWKjatp=s0,2026-05-15 16:46:39,3주 전,https://www.youtube.com/post/Ugkx1nEuB9pCZcQoxWKEoRZBs6GEnHTxttPP,18,2,"짜릿,달콤! 환하게 빛나는 사도들",https://yt3.ggpht.com/rfFE0Db3N7yc3JKSzxW-FlAK5j3MAjxbCcGPFUEpOfu8nLRVhYAp2GO3741mlGwrlY7DLmkvgU8_xXM=s0,1
와쿠와쿠 프린세스,https://yt3.googleusercontent.com/v-k6Fkgv_nHs-fYbrByeX65pWKqKdkeAkj8hQCa156_RsufyTeAdLVDcdzuQrUy1DHWKjatp=s0,2026-05-15 23:39:52,3주 전,https://www.youtube.com/post/Ugkxz6GocC1dyXCcdTocL3w6wdvJTHeWLJBb,47,4,싱그러움의 사랑을 알려주는 사도들,https://yt3.ggpht.com/vvo95syEXfRausGTKCsuwgk7bSDb7rtsS-xf99BJgvnU2ZWNHIegE7AORe70WaXjuqhaSxn11rFGAw=s0,1
루포,https://yt3.googleusercontent.com/L-XO0jpjfoZyw0-33fBmLatRfca7etj9v7kcw-w4w5c4sIHWmlEbRnzSMLk04IHItbNDowTS=s0,2026-05-15 22:45:06,3주 전(수정됨),https://www.youtube.com/post/UgkxYkzxzdTaCcSFVj2RWrnTlcCwlkYWbN4U,8,5,우으.....폰화면에 손가락으로 그렸지만 이상한 것이다..ㅠ 역시 디지털은 아직 무리인 것이냐...,https://yt3.ggpht.com/ni7QREKD05jcJrFOn4rlTgyiL-Ap7z_7lSpcyL9jQQ-pgQ_LHWa_2IyVQXmmBXv00CyE3P3OkAQpqA=s0,1
캔,https://yt3.googleusercontent.com/nQ5VrMdOVG8uTxVQ70uu9TWVl9NzftA5DQSWDBPfC0hmlu5jQgI45vq8fg5dh_yxlgPog6LJLQ=s0,2026-05-15 21:41:49,3주 전,https://www.youtube.com/post/Ugkxaa3r3g0uw61lIjzLTaDNLMPv5JpKflJo,3,1,일단 난 마요임.,"https://yt3.ggpht.com/jw7sY1K_zGnGXjistEDlciHdzMfixWnMIrfYIMy_BgVz39IONldFTzPETUTEt7MlHBTRCt2sGqpyTP0=s0
https://yt3.ggpht.com/0acdzLGXxXnwUXrnSVGNSXsVybcLnmDHaG5sHz9i1ZeJZenqWjZl9rZ_7K0o6H_pO5HVHbUYx7gz=s0
https://yt3.ggpht.com/-fOehzCVopR5WpjOet58E_uatR5o_92puc0C5UhJ2s9GTIdOkX64YY5s9U6mmHsX4vQAp9gV8empj4I=s0
https://yt3.ggpht.com/zFLpWTVx1m-Zj_UAqoLYHgpF-MzqZoTMUsqYOU9Pgu54ixDJPpG8qQkLga2masDvECW-VMPAhhvKRA=s0
https://yt3.ggpht.com/39ZAtIE-ORZ8QDthsKQHk1Xx3fZOcRfQr8D_wwUUV1tlFswx35P23PBhkCNb0NxQOdYwhamKrU40oxI=s0
https://yt3.ggpht.com/8t_CrhSFst7wo5ZdTwVggzDVQpVG40XrDlvpR_wtb8uqdBZZiKrly3paLRFux4dd_MpPk_a--HxLsA=s0",6
와쿠와쿠 프린세스,https://yt3.googleusercontent.com/v-k6Fkgv_nHs-fYbrByeX65pWKqKdkeAkj8hQCa156_RsufyTeAdLVDcdzuQrUy1DHWKjatp=s0,2026-05-15 21:36:58,3주 전(수정됨),https://www.youtube.com/post/Ugkxg_GIBuoHCvx7KSIH2NBQxPgMh0-WzU8m,22,5,"눈만큼 하얗고도, 피처럼 붉은 사도들",https://yt3.ggpht.com/WqM4Yw1kTaOaUWs9duLQXD98egHphKF_MHa8257oWmn-r_hjDcxcqC2gJ-edeXUzXsMZ6bfvJcP2UZs=s0,1
마평,https://yt3.googleusercontent.com/ygtzIRx27nE3cRLMjv_NGoiqWQ7P7spNQnGVeGR8gADfUoqzZONac_EnmAWZtQFyigpvTfEdhb8=s0,2026-05-15 20:29:47,3주 전,https://www.youtube.com/post/UgkxEFi45S3-XBxFPM9KoLkM7LVXVxDsZ7AF,5,1,온리리온미워공간참❗️❗️❗️,"https://yt3.ggpht.com/sRoLJ2kTDkZNmil81I0r0oJFSosLOU4FwYmpFUX1fJP5471Osz3Ofu3IMYSoVAqfTMZqNNYzvG69sBY=s0
https://yt3.ggpht.com/_X0RN191L_bCkkD-oG4zNUQgy-UGHUOQQMjhdqd6KKUE21BICbMhAL-4vcag_Gx44i-8n_g3iGsq=s0
https://yt3.ggpht.com/lj3zmr3llX_eHOlvIzRefAWPXQ4yJc7XFfCAfgfHRVRpnbgCi_GGwlAhk03ZWlTcp9qw1CDJa_LcaA=s0",3
온리리온 2호점,https://yt3.googleusercontent.com/jlIhMicbFwdmtEkjkNHgxHZUiEBDWpoSITR1McD7DLbviDYWMkJ2gxlwW634wrMOhFKxV7806U0=s0,2026-05-15 20:04:42,3주 전,https://www.youtube.com/post/UgkxXxcidrHX0Kj6qLSjTpuVbiw6OlNIznLp,6,1,"@HGHGP001 님이 제작하신 '어느덧 당신의 온지'의 2절 개사 버전입니다!

노래가 너무 좋으니 많이 들어주시면 감사하겠습니다!
2절 가사도 정말 좋네요 ㅠㅠ

(제 모든 트릭컬 노래는 사용, 재가공에 어떠한 제한도 두고 있지 않습니다. 출처만 표기해주신다면 언제든 환영입니다.)",,0
와쿠와쿠 프린세스,https://yt3.googleusercontent.com/v-k6Fkgv_nHs-fYbrByeX65pWKqKdkeAkj8hQCa156_RsufyTeAdLVDcdzuQrUy1DHWKjatp=s0,2026-05-15 19:40:54,3주 전,https://www.youtube.com/post/UgkxUNwfU2rBQL_ddeajKkOEd-HpZMaB7PiW,9,2,피zza는 맛있습니다~♡,https://yt3.ggpht.com/WeU5V3on3UcuMOonc_kpYj9kMBEFRyl32Phbs3Ur6Y6OWdykzixbV5L_qlKyHVClkM3dNZPF2Xy0N5U=s0,1
Edgalic,https://yt3.googleusercontent.com/JFEjBZp3b79yxyHFQ8F2vAhiFYz1gKVfG2Xsn68DfBk5DZlXHmtd4yponWafXqNx6vpA4xjMXtE=s0,2026-05-15 11:21:42,3주 전,https://www.youtube.com/post/UgkxdhqOw-5aht4ftQose1PcfEOpllZXF4Vd,5,0,https://youtu.be/u8a798CXgDM?si=O7Rrj...,,0
Edgalic,https://yt3.googleusercontent.com/JFEjBZp3b79yxyHFQ8F2vAhiFYz1gKVfG2Xsn68DfBk5DZlXHmtd4yponWafXqNx6vpA4xjMXtE=s0,2026-05-15 06:44:08,3주 전,https://www.youtube.com/post/UgkxegjJXwGnTuWnIr7RT7MKytx_h17AGJqZ,18,2,슈로롱이랑 버터 후드티 입고 에버랜드!,"https://yt3.ggpht.com/ACL_jG3Nzjt3uZckjC4Up6MUUpEocpuJ6EecPPBKhc4PR-nIAZCM_3ktyrRS9bN5b2RcYlMVtQ9O=s0
https://yt3.ggpht.com/q9tG7FRewxbQHfBhITLucvxgkZc39hiN_quMwL7Hach8_NwAzvJ489VVyrGTS-AVCgFuQqe9oeDc8Wc=s0",2
ABS Disk,https://yt3.googleusercontent.com/ytc/AIdro_kcqkdX-iRudrzS4KmfonNRdM0GfIZJk3qRzTj6c4NE9aM=s0,2026-05-15 05:45:23,3주 전,https://www.youtube.com/post/Ugkx2KBp9yl5SsRElqiFleh2UDowZOnYytsD,6,2,막 출시된 레이싱게임의 레이스를 위한 최고의 차량,https://yt3.ggpht.com/JnxFt-o8glqNBQNHpjodfs_zIgoJUiG7WUwbKx5p_XL7I1ouxGO99vNI0pNN49nIdU6nuI-O8sZqMA=s0,1
코노 히스클리프다,https://yt3.googleusercontent.com/MTy3Vepc-RhRgFUGFsYMZvStd_w5f6qLqxLwe2qHsswm6s-L_S5Qz3nPtZow4llar4ynfD189Yk=s0,2026-05-14 23:14:36,3주 전,https://www.youtube.com/post/UgkxuNPev8uWCzoCOSQcJxiAgk8KjcQkOrT8,1,1,"(비틱주의)
아니야 주작이라고 해죠!! 제발 트릭컬에서나 잘 나오니지.....
어쩨서 여기만 잘나오는 거냐!!",https://yt3.ggpht.com/L_Pu28WSVSo8jVlTktwMdgv3ZgHcgyMJmvUv7rVWtSh4PdOLzPHSM1X0MUMsPUBlBWHySd3yNeJ-Zw=s0,1
토게의 팬텀퍼레이드 생활,https://yt3.googleusercontent.com/xqWSRg0zOx6oXwJ1Lo1BGqWewPErjQbQcLPo3dnPMzUI9WLPeHi5xKvtRHaWXGCM07Vd42rB2g=s0,2026-05-14 21:59:35,3주 전,https://www.youtube.com/post/Ugkxxgi47ouMj8-A3awEIw_6Xf_guxKrW6HG,5,2,My birthday 요약,"https://yt3.ggpht.com/GpXF-LExvjO1-nm-dTSQTZqGMRw2xtFtCNrxLwvDHsCpvadowXk4_1mAYwCdEbLdu3yUSr7szdC-Hw=s0
https://yt3.ggpht.com/Di5ovakeeAYeTZZDH3RpESyGsSipAVLSRdbJDpexLDg8RlQ68tV_8nZ_9Q7jqZOAlYCe-xSh3mZ_=s0
https://yt3.ggpht.com/H1LG5yWnoaeXxuXZfibjGTx5dv_taRcnLKG-14ZmrOD6SsLP1DweYSfTVtPHoeVqrXCJ5_2IBc7dEEc=s0
https://yt3.ggpht.com/dz31fTXKsc18r8FQYsziDVTW4MUPJ5JU5KKT9CLxeT3kcqYVotNiXzrAraIgbd_OaGU7knz-GMNabg=s0
https://yt3.ggpht.com/QR-xc8IRKsfrPK7aEOMpSAvJXX2Uxzg2_2KqUIw457Dt882D4uRX5lSQQyZ1qg5VnlsNwETayZsGNbs=s0",5
루포,https://yt3.googleusercontent.com/L-XO0jpjfoZyw0-33fBmLatRfca7etj9v7kcw-w4w5c4sIHWmlEbRnzSMLk04IHItbNDowTS=s0,2026-05-14 20:05:10,3주 전(수정됨),https://www.youtube.com/post/UgkxJr8yJxyUVQRZgSy_lf8n0-5p7vd1e9lj,10,1,시험지 낙서 PPPP,https://yt3.ggpht.com/ct4N97hWaRnBq5zhGIf3Tw4J_rakGDXQ9cBtp-syBw69DuqQANsIBIDJp6VQoZti8f2ubqMlLZOJ=s0,1
외않되?,https://yt3.googleusercontent.com/45ctuo-EVYibovmu3AiutbEGj6I-VPf4QLhZMYiTWj5ROKuqlHHx2vnNjw7NHafQfIUPEmnsLBE=s0,2026-05-14 18:49:21,3주 전,https://www.youtube.com/post/UgkxrFw7sexP2r8V5jCsox_CkC1JItkygcAg,17,3,"바리에가 들고 있는 책에 표지
이거 누가봐도 리포인데?
하트 뭐야",https://yt3.ggpht.com/kKAjKduDNqO7-ZS0z7t6LGp-gqOrj03qWQzvDKI8zRTf-9rK8z8lLs2Nz-o_P4qy1pwZsUWG_cWI=s0,1
스터디,https://yt3.googleusercontent.com/L_JdrRr-BteWXu2bhIM1K0maSqVUmGip8I7pck6ZAS9-Eg_1ktYBWtHLEu36drSSDA9M_-P-OA=s0,2026-05-14 12:38:34,3주 전,https://www.youtube.com/post/UgkxtGh_LvM_cpAWVMH78RFWzNH9jjRPbb6D,3,1,도르브 영역전개,https://yt3.ggpht.com/yUOh30guBU1wY92xn-jzGZ0TFMwbrbxwEontlc6Q4bTPsdRK_aYg7CWi1HQ5sNXFN_tpKtX0JooJ5Pk=s0,1
와쿠와쿠 프린세스,https://yt3.googleusercontent.com/M0inxKssh0G3WxZ6fZOwBH8J6X37mokY6mw8BNEdX1lv50MKsWXPb33ow6ccBhv9RLXwTSMYASw=s0,2026-05-14 11:07:21,3주 전,https://www.youtube.com/post/UgkxH3fVkFuG-vpvkyRSUpvqWfr7Wg4pZ_9M,4,2,"평범한 힐링 영상

https://www.youtube.com/watch?v=A_RHl...",,0
온리리온 2호점,https://yt3.googleusercontent.com/jlIhMicbFwdmtEkjkNHgxHZUiEBDWpoSITR1McD7DLbviDYWMkJ2gxlwW634wrMOhFKxV7806U0=s0,2026-05-13 23:07:20,3주 전,https://www.youtube.com/post/UgkxYGcI6K04G3uJWn_ttp5F_xbqRFmACjCp,16,0,"‪@시온덜크‬
  님이 영상 제작해주신 네르 볼팝입니다!


네머니 노래 많이 들어주세용 🍰🍰🍰



https://youtu.be/i-e2zSkmOe8",,0
Spppparrot,https://yt3.googleusercontent.com/ytc/AIdro_l_cdb12iEvfbconWqKW89iqSh69jL-NdmjZIuXCkr9Yg3iLzKFdf8SG32lYrR3AmrM9A=s0,2026-05-13 22:04:51,3주 전,https://www.youtube.com/post/UgkxO-C-sOmiHGVpxxlTXFSbTzmu02z6Pvv2,7,2,당분간 방송 분위기,https://yt3.ggpht.com/6Xif8xbu11e8QRuMepQ-9Sw0LJb1Z9u0RDxVACzM1YxTZwiuedeYbHy8enYCkAveN7hy92rwSYG-RTM=s0,1
호소임,https://yt3.googleusercontent.com/ruMlzqjm6xtIN7x0Sk3Od43e0qDSdEZqOz1Fmt4qMiGGrUwn18Zddhs2dbH1evhYa8D8wIpRrg=s0,2026-05-13 21:56:40,3주 전,https://www.youtube.com/post/Ugkx3A55R_UfkPtHN4-pjTOg9thjHwdQsrXD,12,4,수상할정도로 스샷할 타이밍을 잘잡는단 말이여...,https://yt3.ggpht.com/iJW2XmfTz5B9dYcS4simOL4VgyhXYnWV3i7AhRijhl9eHjpTjGLQueg-pi6-TM5jVFC2y_YvWVfU-h0=s0,1
마리사랑단,https://yt3.googleusercontent.com/GllUzNYohgivBjdzxF3AHFjKYOKlDAxcPwzJGCHjDJKLm396fxWx2QDveqj_GVm0OX5UB2iArLA=s0,2026-05-13 19:57:19,3주 전(수정됨),https://www.youtube.com/post/Ugkx9wYm5628NDDcyHbnFzgH9Q50b8lphMG4,3,1,"자작 vtuber 플러그인 장난기튜버 입니다
음악에 맞춰 모델이 자동으로 춤을 춥니다



https://www.youtube.com/live/SRdP8dc5...",,0
루포,https://yt3.googleusercontent.com/L-XO0jpjfoZyw0-33fBmLatRfca7etj9v7kcw-w4w5c4sIHWmlEbRnzSMLk04IHItbNDowTS=s0,2026-05-13 18:49:54,3주 전,https://www.youtube.com/post/UgkxnZ3DwoqWVMC78Bndvdeky4u531Y-eemo,20,5,루포님의 귀여움을 보아랏~!(볼펜으로 하니 종이가 상한 것이다...ㅠ),"https://yt3.ggpht.com/NBwPnFC-ffiqLSakaypHm73IDagRN8VuzowfcLowbS17X-310yRbPGPZeyjJwOZ3B-8lRgeyY7Tlleg=s0
https://yt3.ggpht.com/VZm7dTx7Y4P9ydvKOhwCEsCIGlE4q7qBXxG2QrMAyukvHVn31d12PIecyGU2GZvLlVDQL4NxAX3MeA=s0",2
토게의 팬텀퍼레이드 생활,https://yt3.googleusercontent.com/xqWSRg0zOx6oXwJ1Lo1BGqWewPErjQbQcLPo3dnPMzUI9WLPeHi5xKvtRHaWXGCM07Vd42rB2g=s0,2026-05-13 17:31:52,3주 전,https://www.youtube.com/post/UgkxmfPl-K_tdNpzHSooBpTtCxdY0o6I1owp,5,1,테크놀로지아!,https://yt3.ggpht.com/B-V9vOrVZpVktXNYVAf6YpZvsyeMTIzjpEwQ0klHjvZJLJ2-H_q2HzUwaaybgFzy6x8EVBs0NNQiC0Y=s0,1
토게의 팬텀퍼레이드 생활,https://yt3.googleusercontent.com/xqWSRg0zOx6oXwJ1Lo1BGqWewPErjQbQcLPo3dnPMzUI9WLPeHi5xKvtRHaWXGCM07Vd42rB2g=s0,2026-05-13 17:30:40,3주 전,https://www.youtube.com/post/UgkxiNhtkFTiOoJO3_gbKxnDVnWc2Ha8TUFK,4,2,내일 생일인데 트릭컬계정 ㅠ내일 생일인데 트릭컬계정 ㅠ내일 생일인데 트릭컬계정 ㅠ내일 생일인데 트릭컬계정 ㅠ내일 생일인데 트릭컬계정 ㅠ내일 생일인데 트릭컬계정 ㅠ내일 생일인데 트릭컬계정 ㅠ내일 생일인데 트릭컬계정 ㅠ내일 생일인데 트릭컬계정 ㅠ내일 생일인데 트릭컬계정 ㅠ내일 생일인데 트릭컬계정 ㅠ내일 생일인데 트릭컬계정 ㅠ내일 생일인데 트릭컬계정 ㅠ내일 생일인데 트릭컬계정 ㅠ내일 생일인데 트릭컬계정 ㅠ내일 생일인데 트릭컬계정 ㅠ내일 생일인데 트릭컬계정 ㅠ내일 생일인데 트릭컬계정 ㅠ내일 생일인데 트릭컬계정 ㅠ내일 생일인데 트릭컬계정 ㅠ내일 생일인데 트릭컬계정 ㅠ내일 생일인데 트릭컬계정 ㅠ내일 생일인데 트릭컬계정 ㅠ내일 생일인데 트릭컬계정 ㅠ,,0
루포,https://yt3.googleusercontent.com/L-XO0jpjfoZyw0-33fBmLatRfca7etj9v7kcw-w4w5c4sIHWmlEbRnzSMLk04IHItbNDowTS=s0,2026-05-13 17:14:45,3주 전(수정됨),https://www.youtube.com/post/UgkxavvAD0Fd_iOBt3L8nes5TUmIbhev9Bk_,9,4,저 여우신 컨셉은 내 것이어야했던 것이다.........(' ^ ') 늑대가 여우 컨셉을.....('   ^   '),"https://yt3.ggpht.com/DsivgcnVoLcUZBxzeUTa_Tr3ehjL4M6pEN_ZsxmjpQ5s0zoHhl_W-a9FtSurzkoqLf9lZLAdbB58zCk=s0
https://yt3.ggpht.com/CONL_vqkgNcBykX-oUc4EHFu8maBdR6ezQjJQp7EqHXDQI4toDhKzAXot6NEG8yX_wsSfK-ddefsYw=s0
https://yt3.ggpht.com/iNmaFIrvTrB8aJEAz2PFEPXFKR1IxYx3bkNPO5Qn36r-ymM5ov9EwJQYclAtTRUGtnhiWghYEiOryg=s0
https://yt3.ggpht.com/B60Pybn7gb6Ejopk_sUrIAVljcPvXNgTPzr4pMqTrU12Np3YEeCVRXwo3P1IyDe2M8C4kcdJEY7ihfI=s0
https://yt3.ggpht.com/mgujyVNZ1OwQKqRctfkcNqcpyEzLiNCiLRPW8GC--Y0UJT5sGrroykeNqGrFWeh8td2Yf46aWhn7ivY=s0
https://yt3.ggpht.com/63BknD2Kr2zhbT5d78ZujJ_nOn8uLRF6dva5vKCCCxqNlRmJQn6ltrm-jsZvMUQn-8DwWDC40JoS4R0=s0
https://yt3.ggpht.com/jXGFZbICeCyM38WHqU6l5qKpzMBK22SkJYcd1wV70k0Xv-OstLNxLthi_eRspLv4W005W5N6VvjbBQ=s0
https://yt3.ggpht.com/XNvjAo3YRgChMUWSgqJNnNdcijoyobBF7IUK-XCso4fqOyogi5Wwr5ohbB6UcbMrZKCIic4iz4AQ=s0
https://yt3.ggpht.com/MT-X8XwOSZ7WueOHByx01h07VREjwYYz2VJsLgiSGu-glysB5y-OswYAMPMrg72qskr-j3032zfD=s0",9
아주매우 평범한 그림쟁이,https://yt3.googleusercontent.com/ETqE7osn86_P1DoSvW8ws_ZPlP5UtIWVzQcwoXYDWa7QDaeMfedxNXD1mPrOWtJ7PrXo9c0-=s0,2026-05-13 12:03:52,3주 전,https://www.youtube.com/post/Ugkxnw_gVjGTJC9r7vffDjrr7ULWaMC-KgZb,5,5,술취한 하이디,https://yt3.ggpht.com/5n07_9KYzZYj0Z-F6mK2-BjBhsGGqux3lcFSDJ51tPYP0LpzuIxT5bjyyVPJRSpu3owFbrzH5EFr=s0,1
캔,https://yt3.googleusercontent.com/nQ5VrMdOVG8uTxVQ70uu9TWVl9NzftA5DQSWDBPfC0hmlu5jQgI45vq8fg5dh_yxlgPog6LJLQ=s0,2026-05-13 04:26:45,3주 전,https://www.youtube.com/post/UgkxyOy3LblY8tbdIs2NuMrT-rlmDuzjg-hn,3,1,,"https://yt3.ggpht.com/jPyN8CxFrl1aXmq1ji_mM4JhZZngq64B_L5ePOz6-ecUk-p_9dCdLCEQ-mco-YBqxhqMS9NN9M8wJE0=s0
https://yt3.ggpht.com/JC7d_PD4X5HF1svYR0snlYgg8NsEvLur5blRXfr3PcWYagVWdrsgv6kd7qNvGVyzJWZp7I6-pjAE0g=s0
https://yt3.ggpht.com/ZMjNftouun0VoDhfNHrJxz2Ugu-8r3NfRq97DJBo2y8xMhiPSCwiQvK3vtw6-maRD76wKwCoerZmI3w=s0",3
Edgalic,https://yt3.googleusercontent.com/JFEjBZp3b79yxyHFQ8F2vAhiFYz1gKVfG2Xsn68DfBk5DZlXHmtd4yponWafXqNx6vpA4xjMXtE=s0,2026-05-13 02:33:03,3주 전,https://www.youtube.com/post/UgkxWzIOQL1dHoPutq0awxwJJgY4SWZPemyv,8,2,대충 팬영상을 만들려는데 아이디어가 다 떨어졌어요,https://yt3.ggpht.com/xqRhZO5UUTuoDZ-1MzGTNuE46BZ172S-qD7Q8xcKHlQPQ71PRs63e9C_bWy28v1M4NPw8-pZA_D6=s0,1
스터디,https://yt3.googleusercontent.com/L_JdrRr-BteWXu2bhIM1K0maSqVUmGip8I7pck6ZAS9-Eg_1ktYBWtHLEu36drSSDA9M_-P-OA=s0,2026-05-12 23:28:20,3주 전,https://www.youtube.com/post/Ugkx55zT7rFu-RBdF-4bIkKHlnishMLB8na0,4,1,알고리즘 미쳤나,https://yt3.ggpht.com/Mo7K0X_iwuAVtn9TTgnC5d4XLcSsNZE7dZ5_iZkl5PNYy-2Oyg1VeAy8mjSGlKect1tWh0l106e-=s0,1
토게의 팬텀퍼레이드 생활,https://yt3.googleusercontent.com/xqWSRg0zOx6oXwJ1Lo1BGqWewPErjQbQcLPo3dnPMzUI9WLPeHi5xKvtRHaWXGCM07Vd42rB2g=s0,2026-05-12 14:43:29,3주 전,https://www.youtube.com/post/Ugkx45x3oSsJxRxpLko6sdFwDM3jsweJ1Kr-,4,1,내가 써보고 느낀 티어💀🤫(갠적주의),https://yt3.ggpht.com/C4Hv4Sc4SjSGcLsGuS54x85eiIqh71_usPxwU9DAMc-yAfYNLz09HNtWCD2dl-owSvCiR2CXhs-UK1g=s0,1
ABS Disk,https://yt3.googleusercontent.com/ytc/AIdro_kcqkdX-iRudrzS4KmfonNRdM0GfIZJk3qRzTj6c4NE9aM=s0,2026-05-12 20:52:31,3주 전,https://www.youtube.com/post/UgkxqaYEvFfbVBJl1mfoL0zFXTS7eduZf_JC,5,3,"https://www.youtube.com/watch?v=Xrosm...


힐링곡 하나.",,0
와쿠와쿠 프린세스,https://yt3.googleusercontent.com/v-k6Fkgv_nHs-fYbrByeX65pWKqKdkeAkj8hQCa156_RsufyTeAdLVDcdzuQrUy1DHWKjatp=s0,2026-05-12 20:45:20,3주 전,https://www.youtube.com/post/UgkxH_2r9dsyM-PVBQPOCosSk3qoFQ1WWXpe,19,4,트레이싱 안하는 내 전력임(리온 비틱 쩌는듯),"https://yt3.ggpht.com/BqghCunw57Z2YnNJGI9gH5gdX0rCxv62bAfael-58Cg1kMDZLVu8Evxvf1636PGd_WV_BToUSFCYrA=s0
https://yt3.ggpht.com/CPJYPjQ55mMf6i938WPZspl1rKApQTGEF2L4IOO8KpxrfFgNegJyfWw8A6t5zbF99_GveiiXO03h3w=s0
https://yt3.ggpht.com/2Dljpz-jW9Uko789zek_Av_LdbpxyWXAUJZ-Fa6Kaj1Vl-y1iRa0ueE-awPsBmO7WU8081PZHJZAZA=s0",3
온리리온 비밀지점,https://yt3.googleusercontent.com/PadAE7-CoLtyyLKTdk8exebQ3UPWZtjz_elHLUFDWCGtWMNV1_dBxzCuJ1rWwTc06_f_CYzDrg=s0,2026-05-12 19:18:33,3주 전,https://www.youtube.com/post/UgkxDHBKO8NaALv1rEjZDEpQIVD8qlHuopsq,6,1,"곧 킬게용 죄송요


씻고있음",,0
와쿠와쿠 프린세스,https://yt3.googleusercontent.com/v-k6Fkgv_nHs-fYbrByeX65pWKqKdkeAkj8hQCa156_RsufyTeAdLVDcdzuQrUy1DHWKjatp=s0,2026-05-12 12:13:16,3주 전,https://www.youtube.com/post/UgkxNzQLaTYOvVxK7jKQsM512hnDkziBfKOZ,13,1,즈술회전 다 보고나서 토우지 주구 가지고싶어서 쿠팡 뒤져서 짭 사는 그런 사람 맞습니다^^,https://yt3.ggpht.com/lpFYhN77HLVkqWm26nKXX2oE0jE9RjdqN3OK2nDHVRqylGQBJxbfkB-JVStE7YtqZm11CjiE-eBksA=s0,1
Edgalic,https://yt3.googleusercontent.com/JFEjBZp3b79yxyHFQ8F2vAhiFYz1gKVfG2Xsn68DfBk5DZlXHmtd4yponWafXqNx6vpA4xjMXtE=s0,2026-05-12 19:07:34,3주 전,https://www.youtube.com/post/UgkxPVIqCEJYHaUdwqVTvyPqZ__jLiSlrIfN,8,1,라면 다 끓었는데 리온 언제와,https://yt3.ggpht.com/ixP4FLGhIe6va4daRt0SuktgpUSJxE9z6bSYq7e7a4yPrxZbY4XzduwOCrP4Tt_IbnYyj42wah4Y=s0,1
왓다옴,https://yt3.googleusercontent.com/lIVXDjDhmiliiSLdEhB8xyPKiwJYgpZl9jYsUpy-dkKULUylKCXLbvAgkWYVMD9H4_PmYylnefw=s0,2026-05-12 18:28:00,3주 전(수정됨),https://www.youtube.com/post/Ugkx3AYKWjFX-Mj8vzEDw-241jll_Ekf-koT,4,2,"<마인크래프트 서버 여는법>

옛날처럼 하마치나, 공유기 포트 포워딩할 필요없이 서버 여는게 가능

1. modrinth (모드린스) 설치 
2. 마크 계정 연동 및 로그인
3. loader는 Fabric(패브릭)으로 설정 후 create 눌러 프로필 설정
4. 좌측의 프로필에 들어가, install content를 누름
5. essential mod 검색 후에 install 버튼 눌러 설치
6. 프로필에 들어가 play 버튼을 누르면 마크에 접속됨
2. 마크 접속 후 social에서 초대하고자 하는 인원을 친구추가 
3. 맵 접속 후에 esc 누른 후, invite에서 원하는 인원 초대

단, 이 방법은 24시간 서버처럼 자유자재로 들어갈 수 있는 건 아니고, 서버장이 있는 경우에만 접속이 가능합니다. 

상대방도 essential 모드가 설치되어 있어야 합니다. 

친구추가만 되어 있으면 자유롭게 들어갈 수 있다는 것 같네요. 

혹시나 시참이나 서버 여실 생각이 있으시면, 단기 콘텐츠처럼 리온님 하실 때만 잠깐 열어보는 방식으로 해도 나쁘지는 않을 것 같아요.",,0
루포,https://yt3.googleusercontent.com/L-XO0jpjfoZyw0-33fBmLatRfca7etj9v7kcw-w4w5c4sIHWmlEbRnzSMLk04IHItbNDowTS=s0,2026-05-12 17:56:26,3주 전(수정됨),https://www.youtube.com/post/Ugkx500XeJ4jezqQzlwkzdXP33JcpIVHWqkm,8,3,으흐흐..♡허니 갈릭 샬몬♡,https://yt3.ggpht.com/ZTFKDjgr8-ri_8WEAm9ySR5FOpE59gdu0brMcDKO-xAghHZ0nemheQiO9v75QZPO53u_Y0Uoix2s=s0,1
외않되?,https://yt3.googleusercontent.com/45ctuo-EVYibovmu3AiutbEGj6I-VPf4QLhZMYiTWj5ROKuqlHHx2vnNjw7NHafQfIUPEmnsLBE=s0,2026-05-12 00:08:36,4주 전,https://www.youtube.com/post/UgkxyAngK4wNg05ATRc1zTf5GetFXtm6jPf2,38,1,"메인스토리 버튼 스핔이 유행 전에도 얘 나왔나?
아니면 스핔이 유행을 예견한 대견한 버터가 있는것인가",https://yt3.ggpht.com/NXquRAMzKqYszzEhLqDQ4io5lzX08VAty4bqIH5F3afMpheaA6fHdD0qelHUCAQ0BZk7JgX6cR6iXg=s0,1
달필,https://yt3.googleusercontent.com/ytc/AIdro_mpSPcM1xqf5eylUbGB3KWqmwDHKTnV854WAq7llejw528i=s0,2026-05-11 23:17:50,4주 전,https://www.youtube.com/post/Ugkxt7GkzIqQisLBJdu4FaxATS26Y1wkKuaQ,7,2,온바 윙크~★,https://yt3.ggpht.com/mxQLAVZAStb9yaBxJmcghIZ6rWkYNoOid-tVAY8PXpVtTwQ2UHxYrEKgbA9BWZmEI5Gb4ho605uE1W8=s0,1
토게의 팬텀퍼레이드 생활,https://yt3.googleusercontent.com/xqWSRg0zOx6oXwJ1Lo1BGqWewPErjQbQcLPo3dnPMzUI9WLPeHi5xKvtRHaWXGCM07Vd42rB2g=s0,2026-05-11 21:59:25,4주 전,https://www.youtube.com/post/Ugkx1iZgyOWn_Fkka8gqsyaeu7A-IpeJImyA,16,2,흐아앙 토게 네르지 마새여,https://yt3.ggpht.com/RI2qBTPsDx3L8GbaOhHeb1CtodDoIZeHO_zAqAcV3TVNnRZ9X-rMlDSMz5AwoW72IUyvwMQPF4cmhuA=s0,1
짱킹갓존재,https://yt3.googleusercontent.com/IfbNPAwousNx1zo1l9h2fAsI3j4GZgywRQSJAoHI03Ia75dMCiYV8unQOpSeds2DOsSL_OJWqw=s0,2026-05-11 21:34:16,4주 전,https://www.youtube.com/post/UgkxrhnEPpyR-E_d6v4SjLseU1Mz9P8prqT_,3,1,마크계속하면 딴거 할필요없지않나(수많은 겜신청을 받으며)-온리리온,,0
짱킹갓존재,https://yt3.googleusercontent.com/IfbNPAwousNx1zo1l9h2fAsI3j4GZgywRQSJAoHI03Ia75dMCiYV8unQOpSeds2DOsSL_OJWqw=s0,2026-05-11 21:27:17,4주 전,https://www.youtube.com/post/UgkxE750TMB1VNuEl_DKUyEVrjp9cxplgVCo,2,2,"나만 당할순없어 이런 힐링노래

https://youtu.be/nC-bVtpIMd4?si=aQNw6...",,0
마리사랑단,https://yt3.googleusercontent.com/GllUzNYohgivBjdzxF3AHFjKYOKlDAxcPwzJGCHjDJKLm396fxWx2QDveqj_GVm0OX5UB2iArLA=s0,2026-05-11 18:51:26,4주 전,https://www.youtube.com/post/UgkxJ5GBHzvwsn9PTpwxUdNOv3djK_Z77TMH,8,4,방쟌니 혹시 손 트래커 갖고 계신가요? 있으시면 기종 좀 여쭈어봐도 될 지 허락받고 싶은 마음을 살며시 손 내밀어 너에게 다가가는 한 걸음걸음이 설레어 가까워질 수록 두근대는 내 심장 소리가 들릴까 멋쩍게 헛기침하며 어색해하는 내 모습이 너에게 어떻게 보일까 걱정되는 마음으로 매일 밤 달을 친구 삼아 뜬 눈으로 지새우며 너에게 보여줄 진심을 다듬어도 될까요?,https://yt3.ggpht.com/qlPfcNpPvctSv5o-kXt_qT6qeLzkpkoiwYoVweI8mrsEtavCPEodv3DeK642JvB-rMDl74u4m2xX7A=s0,1
루포,https://yt3.googleusercontent.com/L-XO0jpjfoZyw0-33fBmLatRfca7etj9v7kcw-w4w5c4sIHWmlEbRnzSMLk04IHItbNDowTS=s0,2026-05-11 17:46:20,4주 전(수정됨),https://www.youtube.com/post/UgkxMy-sqUIkUQPzNXIMt-v7Mb7GcX3u-B52,4,3,13P♡,https://yt3.ggpht.com/RQ7bI0RfBeojVFpn3Dbm224BXUlhib78Mq7oVI3-Cg-Qvj49EqbGNfozugp_B2a_W5XjtGf9M9atGA=s0,1
루포,https://yt3.googleusercontent.com/L-XO0jpjfoZyw0-33fBmLatRfca7etj9v7kcw-w4w5c4sIHWmlEbRnzSMLk04IHItbNDowTS=s0,2026-05-11 10:46:07,4주 전,https://www.youtube.com/post/UgkxOP79JzclagshbNKCBmRIgx7upZaT7nYL,26,6,"뭣 꽁냥콜?♡리온,시온 음성 풀더빙 급하다♂️","https://yt3.ggpht.com/dsrhXOlkOrqknku2CU0i18SGnlLebugjn0T7hjMa-3CQnLOESp2VwG8NWUS6Wr8qRpMygcnI7vea=s0
https://yt3.ggpht.com/lD5vnLCp0FkcfKR1mnXprBKv396OYOsLE8zfogtx7IS6OgGU9L9khRWgjF1QYs68Tvj5KgKbPPAeOg=s0
https://yt3.ggpht.com/JxC1D09vSei4agcW03osQE-nRl4mbynXdStYgLMgb1mnc53hhpCiTaj9bGmDYOf2sjBPMIVICBvK6Q=s0",3
Spppparrot,https://yt3.googleusercontent.com/ytc/AIdro_l_cdb12iEvfbconWqKW89iqSh69jL-NdmjZIuXCkr9Yg3iLzKFdf8SG32lYrR3AmrM9A=s0,2026-05-11 16:04:04,4주 전,https://www.youtube.com/post/Ugkx08hlS3rAy7lUPVfOnvoE4VdOMMhuUm3M,6,3,지난 이야기....,https://yt3.ggpht.com/QokdbH9KhdeQZNVn8yxa5qLbquzc3iF-BzNRpWKbEaDNc10CbPRgblYzl3yIfbKfew1RiiX92Qi5=s0,1
캔,https://yt3.googleusercontent.com/nQ5VrMdOVG8uTxVQ70uu9TWVl9NzftA5DQSWDBPfC0hmlu5jQgI45vq8fg5dh_yxlgPog6LJLQ=s0,2026-05-10 15:03:51,4주 전,https://www.youtube.com/post/UgkxftofqWE6YhApFKylegjxIJIP0BbaH4SS,5,1,,"https://yt3.ggpht.com/RQbXLWlZoAlQryZMdd-mJNYVkVSTHnWRZTBjjnr-G9pbJkW9NGQ4nqTZYcSDjzqJLVU-9FTUkf7Zkw=s0
https://yt3.ggpht.com/HSucp8LOCEXRD7WZNgy5PMtGn7r_Bf1B7XfEn4e377ht4MEaKs_BrvFyEYuya6uvURFCf1ZaQu0A6w=s0
https://yt3.ggpht.com/lD-CJKJGl0kVeQlnyFf0qqfMVwMA85_0ADqpdN47HHehKxlmwWua_DTGEJOOITDkvU1Uf13WxOLJQw=s0",3
토게의 팬텀퍼레이드 생활,https://yt3.googleusercontent.com/xqWSRg0zOx6oXwJ1Lo1BGqWewPErjQbQcLPo3dnPMzUI9WLPeHi5xKvtRHaWXGCM07Vd42rB2g=s0,2026-05-10 21:02:23,4주 전,https://www.youtube.com/post/Ugkx8QKVQwyYvC1Wjgq_dI6MYi57JVXiJKL9,1,1,조금 감이 돌아온거 같군. +(나히아 다본 친구랑 같이 처음으로 나히아 보니 뭔가 웅장함),"https://yt3.ggpht.com/vfG9sh4jFLYKMyCRdlR79v8juu80tJ4P7YiYaisHxXeqgtjBvUTOr10ronyywjo446zllhY33-HL_Lo=s0
https://yt3.ggpht.com/Wz2fK4qFLpDTUHJkd0v2kGokdCJU7heCCcUlFHdKjmVVocusCsdrNuw0NoHWDStcw08pRKDK6Y-v1UY=s0
https://yt3.ggpht.com/2C8Wb-EWVFDThwLA8bkqs5xXv1dLrp1dcdf9w6T8F7aA7c_RbfHJ3TRIzvwIT0EU292ZDlwIcbmxkQ=s0
https://yt3.ggpht.com/MfxKvLMTfbItHFQA6J2Du1A8rLrqyyus3OwXfTbYgWtwB-0z0YRxqHkPQ0g-T2yR2t5IO_b9Kugj=s0
https://yt3.ggpht.com/eR89PD9qxPHXPWlj2FGGx2driRxlBLIX3t4cBt9O3oKbSiZuLYdp6_KwU7pzUmlso8Kp9RlT-FxARkc=s0
https://yt3.ggpht.com/dLe1JvXtj0GZ5XkBq4WPhqyoBWWt8_g6iAYmQk_STCYnfV76eVFD_sN7iHtoY6lOgwboeVYpfg3L=s0",6
레몬좍,https://yt3.googleusercontent.com/IMTQD9ZbrrqrEH-Tqo9d072VnIhiTj_xCnDS41ovLnwSqKaMPK3fdy25MbusxXpNDEiA5rMNuA=s0,2026-05-10 18:32:50,4주 전,https://www.youtube.com/post/UgkxrrU7ityVB8POnUuKR8yJzsECrbeHfnXp,13,4,"공주야 온조롱이 슬슬 힘들다.

마크방송? 우리가 그런걸로 화내겠냐 가챠 주작 아니면 솔직히 누가 신경 쓰냐...


눈치가 있으면 공주야


이쯤되면 알아서 방송공지 띄워야하는거아니냐?


뭐 이런 경우없는 수인이 다있어?


온조롱이 성격 모르냐?


다 용서한다니까? 애초에 화난적도없어 인마..


깔끔하게 '방송' 키고 끝내자 ㅇㅇ.. 더 시간 끌지말고.


온조롱이들 지친다.",https://yt3.ggpht.com/0GG_5sPNIs9ydgl85zy1Bc1GgkLfssRC91FbEpDQNO5QIQQt5xeThMpJwbKBM6JILQ64VoYyEKh7uA=s0,1
Edgalic,https://yt3.googleusercontent.com/JFEjBZp3b79yxyHFQ8F2vAhiFYz1gKVfG2Xsn68DfBk5DZlXHmtd4yponWafXqNx6vpA4xjMXtE=s0,2026-05-10 18:12:08,4주 전,https://www.youtube.com/post/Ugkxfi5heiMyScZZTJBy_9KWUZ1YLUQjvuSo,33,9,"여장을 부모님께 들킨 기념(?) 올리는 여장 사진
방이 더러워서 배경은 없앴어요.
근데 분명 아무도 모르게 방 구석에 옷 숨겨 놨었는데 언제 찾으신 거지 분명 방청소는 내가 하는데 심지어 시킨 죽도랑 머리끈 같은 디테일 소품들도 안와서 다시 찍을건데 언제 가져가신거지 진짜 어디 숨겼는지도 모르겠다.근데 더 무서운건 아직 여장에 대해 아무말도 안하셨다는게 더 무서워.","https://yt3.ggpht.com/038iWCGBflFn63ifmfxCAttUpojF7covlTwUSs3kpbXwrfXhfY8_JjGRHCJJyZCcy6kXd5L_1TpmIQ=s0
https://yt3.ggpht.com/SutBn4_W37ltWTvoNf86crlaU--RDC7HGirjmGp1kJRUar3UHdZFoLcBwn8wsoNn_BdTo4ZDr3V0=s0",2
온리리온 비밀지점,https://yt3.googleusercontent.com/PadAE7-CoLtyyLKTdk8exebQ3UPWZtjz_elHLUFDWCGtWMNV1_dBxzCuJ1rWwTc06_f_CYzDrg=s0,2026-05-10 13:29:48,4주 전,https://www.youtube.com/post/UgkxEu8tQLIFF9IgHrbp9HCYnduthAbhTCJ5,6,2,,https://yt3.ggpht.com/sp03tOebzGkqtbRC0dj03LFoppEUWJjPT0kQLJXGAamzqGLa9orSLzZPrKzTdWgZBxkO3BwejV-nAfU=s0,1
Spppparrot,https://yt3.googleusercontent.com/ytc/AIdro_l_cdb12iEvfbconWqKW89iqSh69jL-NdmjZIuXCkr9Yg3iLzKFdf8SG32lYrR3AmrM9A=s0,2026-05-10 12:18:31,4주 전,https://www.youtube.com/post/UgkxoBt8bfqNmNE96k2LwTFAO6EoDz8Gmave,8,2,지난 방송 요약,https://yt3.ggpht.com/KDo8Wr9vNN7sm0Jxx3Co8f2dQIQUcjUDt78aNNixWH65tLlDV06aTld7OA4B2zlwsC5dPek-WFVa=s0,1
스터디,https://yt3.googleusercontent.com/L_JdrRr-BteWXu2bhIM1K0maSqVUmGip8I7pck6ZAS9-Eg_1ktYBWtHLEu36drSSDA9M_-P-OA=s0,2026-05-10 03:35:20,4주 전,https://www.youtube.com/post/UgkxcxJDxwObD5SbS3UuhMADSeYkB1iSyG8f,10,3,Ai 진짜 개웃기네 ㅋㅋ,"https://yt3.ggpht.com/D4Jcc8x9DfOO1EJawC7zxGaB-UlWItYuM8F475NJrImJVDWUPj1wVGRydeYfT28xMJSimeMTQdup7Ro=s0
https://yt3.ggpht.com/Xsf7oI7XxC2O24kEhFtkd56fg3-yZZjtpzWNrVnjdOMujP0rZVtJJv_ZfYQyDrclzS8Al_GHTjJP=s0",2
마리사랑단,https://yt3.googleusercontent.com/GllUzNYohgivBjdzxF3AHFjKYOKlDAxcPwzJGCHjDJKLm396fxWx2QDveqj_GVm0OX5UB2iArLA=s0,2026-05-09 20:01:31,4주 전(수정됨),https://www.youtube.com/post/UgkxxXivQ5hXEhwfQD7pQ6fI7QtCdZ8cpIEY,4,3,"공포를 목도하라

다운로드 - 
https://www.youtube.com/live/a4ErDK21...",https://yt3.ggpht.com/qeFEFMCtIQ1rb2BKV6fOaV_FRTuZ9K8E1Q0cRyOIWZy-9xLZzdCibD8JM-kPqIQuFpQtJEvKo2tN=s0,1
루포,https://yt3.googleusercontent.com/L-XO0jpjfoZyw0-33fBmLatRfca7etj9v7kcw-w4w5c4sIHWmlEbRnzSMLk04IHItbNDowTS=s0,2026-05-09 20:01:09,4주 전,https://www.youtube.com/post/Ugkx7_EmfbdVba-fYQsz2zqA502GXjpwoM48,16,2,그만.......부부♡해버렸습니다....♡,"https://yt3.ggpht.com/tdSI8sJJ3fhFVhW7RcNyo-7HqdYVxq8xiwbxZw5HNBCtJW85LtEWVE1KDanZ3Zev5dhFy-QHNu8ZvkQ=s0
https://yt3.ggpht.com/p1VntOypGYCjaIqUDvtChf3dZd3L0nqKsOFV7jTfW4YVOANZ2UyAzpwI5BakyYsE6QBicVtkt1E6oQ=s0",2
코노 히스클리프다,https://yt3.googleusercontent.com/MTy3Vepc-RhRgFUGFsYMZvStd_w5f6qLqxLwe2qHsswm6s-L_S5Qz3nPtZow4llar4ynfD189Yk=s0,2026-05-09 19:26:13,4주 전,https://www.youtube.com/post/UgkxwwQhkyslVaINdSNelfq8RP80tdbks1Ht,2,1,"(비틱주의!)
크아아악 샹크스!!!! 고맙다!!!!","https://yt3.ggpht.com/7ry1dWLcJfv982geSmYBBWZI9d-VVmZ0pM0HcVqWC8TEDFWRXmOtXsVOzqXnVTk7KpUoH0HwUoMPgu0=s0
https://yt3.ggpht.com/MOLUDZCvshKkVzkOdZtx8jZU9tALuZWX1H0WlfRAJCruSNRZdq5ts1MYLeJQ5T9gMqcwxp3esQYkOPg=s0",2
와쿠와쿠 프린세스,https://yt3.googleusercontent.com/v-k6Fkgv_nHs-fYbrByeX65pWKqKdkeAkj8hQCa156_RsufyTeAdLVDcdzuQrUy1DHWKjatp=s0,2026-05-09 19:25:25,4주 전,https://www.youtube.com/post/Ugkxl3WdXIOnhAKOtaBST18cF-sCYM9Z2zBB,16,2,원래 리온 낙서 대신 넣으려 했던 공식 만화,"https://yt3.ggpht.com/H0ROw3yelt-MnO9Abj2lRfq2Qstmkg_DsFxboPZPQ4-WVoAOZG8l919AhjbX6EBe_NV8ZOcaZDDgsQ=s0
https://yt3.ggpht.com/oxYiBpn85pb2cGM7k2UkRmXa2-bU_8WBAfmX0L1-O1h4OAS05mQeB5Y63bXuhkatOE-PKejRBYbSFQ=s0",2
루포,https://yt3.googleusercontent.com/L-XO0jpjfoZyw0-33fBmLatRfca7etj9v7kcw-w4w5c4sIHWmlEbRnzSMLk04IHItbNDowTS=s0,2026-05-09 16:41:52,1개월 전,https://www.youtube.com/post/UgkxSqluljUQxGG36KfajhrOH-78sTznsbbR,11,1,한잔해~♡,https://yt3.ggpht.com/3951ZTeFtqjg3rWLEdyI0WWhoEvGvpAhTP4my5A0S1zcyafiYZmfcnlkpml-e7d1Pp6YzDtpPFGTWQ=s0,1
ABS Disk,https://yt3.googleusercontent.com/ytc/AIdro_kcqkdX-iRudrzS4KmfonNRdM0GfIZJk3qRzTj6c4NE9aM=s0,2026-05-09 15:19:26,1개월 전,https://www.youtube.com/post/UgkxxQcpZ1kz9aV1BUhEk0D9dWLQLU_yOgKT,2,1,8090년대 SD건담 턴제전략 시리즈의 고점이었던 GX. 분명 이때는 AI가 멍청하기는 해도 최소한의 생산과 운영은 할 줄 알았는데 왜 후속작에서 머저리가 되어버렸는지 알 수가 없사와요.,"https://yt3.ggpht.com/OO_XhDjMHfarQG-fWztOcY9Yd_YtLdQBTIC2oQPghgll4IqF97px3VthUc70PBEqIus1EpXlpE7Rcw=s0
https://yt3.ggpht.com/wVIoG3Go_4xIn2n_vHEg0RXknYdAlUjvBb5dGAtzRosaSiOEsueptHBkRuYTEClYUMbcXltMWS4t=s0
https://yt3.ggpht.com/pqrcbL0MJbMufpiVmkxKe8iD__dRTz4tLKIu02_hCqh7YhXo_4OQEoxA70FJ-5gtb0e-3_1Nsp4oaSw=s0
https://yt3.ggpht.com/6sJNucyOUt5KMZHy1DmqC_ncLoursFY3YMfignWMlaXP_OV8BDL1IR9xfeDKb6_HLCP7c81xXMHqGg=s0
https://yt3.ggpht.com/6uHsCt8moX24nv7xJxKP-eyJHigypEHU36Mjh9cEAwH4MutodT2fdgfkIODqpqQX-J4xjpJqX0q7-A=s0",5
스터디,https://yt3.googleusercontent.com/L_JdrRr-BteWXu2bhIM1K0maSqVUmGip8I7pck6ZAS9-Eg_1ktYBWtHLEu36drSSDA9M_-P-OA=s0,2026-05-09 09:16:54,4주 전,https://www.youtube.com/post/Ugkxgw6CzyO9lFgASGPxELqBTEdF9uTUEfGn,2,3,키타니&이브 - 러브송,https://yt3.ggpht.com/NiN4dlrXMWI7RdCiUkrZD8uxanSgaI2Hf6d13c7yC-Ofi8m9uf0E_xEEp0W14Z4CEmPCREURgItwTw=s0,1
Edgalic,https://yt3.googleusercontent.com/JFEjBZp3b79yxyHFQ8F2vAhiFYz1gKVfG2Xsn68DfBk5DZlXHmtd4yponWafXqNx6vpA4xjMXtE=s0,2026-05-09 01:22:45,1개월 전,https://www.youtube.com/post/UgkxUv09vbOl6OMUsbqiVAGTY9egNBSHfrNP,12,3,초 카와이한 도트 리포,https://yt3.ggpht.com/6hb584mJBEZuFsLCE1Ee1vZFyGfjsVQubcW3MiG7urEmX70hdclv5HraND8otH60ve59mbidDKoy27o=s0,1
외않되?,https://yt3.googleusercontent.com/45ctuo-EVYibovmu3AiutbEGj6I-VPf4QLhZMYiTWj5ROKuqlHHx2vnNjw7NHafQfIUPEmnsLBE=s0,2026-05-08 22:10:00,1개월 전,https://www.youtube.com/post/UgkxiChTcxQWYBN2A7dFUcCzAOPtyDZidfhY,11,1,"온리리온 상대로 4승1패
좀 허접이네요

봐드릴 걸 그랬나 불쌍하네","https://yt3.ggpht.com/G2EnBdKoGHuz8neQdGhdOeyNMNkEyi2pmyDtAQLROzofcTTjFayx-TR5xzpzBLIwEY-STzj_GCOq=s0
https://yt3.ggpht.com/WnuApmagh-2BOaVb3PWj8lG9kPma4WjKCwjta7HXG6zn2YCvD9CXlkXDgpwRKoiD3eMyK9p10T8je3A=s0
https://yt3.ggpht.com/5p46YNGmnMbKrzwqnKzBh6-s0JcGStBTc20gs1Y9og_BO3fByXpPD7Scqpo5ISvdXzr20Wtqx4ffFA=s0
https://yt3.ggpht.com/A1FIf-hiQ4vzUJ2f4Bb0ZviN--oH9WmWzxIwNgA1uGpQHmKpOBLaFMptr-fcdlObQ8pA-gQBos4Cjw=s0
https://yt3.ggpht.com/pa_UKMkmvYKL4v7CmUy3KrY61StUY47-SrullpFaY8fiD1ovom1d4TIoN7-4aC0i7PJWFalWqX79Bg=s0",5
아주매우 평범한 그림쟁이,https://yt3.googleusercontent.com/ETqE7osn86_P1DoSvW8ws_ZPlP5UtIWVzQcwoXYDWa7QDaeMfedxNXD1mPrOWtJ7PrXo9c0-=s0,2026-05-08 16:41:49,1개월 전,https://www.youtube.com/post/UgkxuV02jI8FDsxKqzZmRVCfyOo7tk_xsVGu,37,6,부족한 실력이지만... 한번 그려봤어용...,https://yt3.ggpht.com/eth6mbAZV8nCZEIl_v8eY6o-jz3k7eBKbq5fSqBL5dep2w5qjAc-iFkMwb0Pz6PDOB9Kgy8U9EhSr_s=s0,1
스터디,https://yt3.googleusercontent.com/L_JdrRr-BteWXu2bhIM1K0maSqVUmGip8I7pck6ZAS9-Eg_1ktYBWtHLEu36drSSDA9M_-P-OA=s0,2026-05-08 10:00:51,1개월 전,https://www.youtube.com/post/UgkxoHhwE_pnC-j7Eal-VhelBDgn1Te3WBVT,5,1,,https://yt3.ggpht.com/fnMpcOFt9OiMVtAd_CwULSHwAYbeXpDd8vJoTKoUjrQpnGwopAOFaQFncb8ZP0_xWb_cipP8YHHkiU0=s0,1
온리리온 비밀지점,https://yt3.googleusercontent.com/PadAE7-CoLtyyLKTdk8exebQ3UPWZtjz_elHLUFDWCGtWMNV1_dBxzCuJ1rWwTc06_f_CYzDrg=s0,2026-05-07 17:41:44,1개월 전,https://www.youtube.com/post/Ugkxz-qEVZMCrzS3BAhPjr5TmXrNGtf0LClO,7,2,"""알아.""







리온은 썸네일로 쓸수도 (AI)","https://yt3.ggpht.com/DZrvrmZcfWpCk8pjfm5xjU0w830ehwSe-LGYzvj93UaEkr3GT5w9oqbtluGW2mQCrQVy95SAOrAosg=s0
https://yt3.ggpht.com/ojY1wX3V6Q9uFzexUlOJcxGgQnDcNrzyhg7Vm9GAGMhfptXxHyXsORuGjfj2UnCkTsSmvZlRULx8qAw=s0
https://yt3.ggpht.com/47jfGkHF89HS_M6vXIYXDewwJl7KUh4MuWxvcNkkRMl3Yz2P6OI0xQNuSpSEkKuxGlQ1aBZb0LZhdw=s0",3
온리리온 2호점,https://yt3.googleusercontent.com/jlIhMicbFwdmtEkjkNHgxHZUiEBDWpoSITR1McD7DLbviDYWMkJ2gxlwW634wrMOhFKxV7806U0=s0,2026-05-07 16:56:28,1개월 전,https://www.youtube.com/post/Ugkxu5YfjUHhT-SHRAakrCmBQKVdt-hJRexZ,74,5,"휴방




사유 : 현실에서 레비테극 찍는중
(내용모름)",https://yt3.ggpht.com/W9kGc5lxMzbdWnCJnRvFw4AJz16fTitHMEFx2VXlspbYSBggjLwaZ390QmNdzjSkUzuU5Q3i4DLldQ=s0,1
루포,https://yt3.googleusercontent.com/L-XO0jpjfoZyw0-33fBmLatRfca7etj9v7kcw-w4w5c4sIHWmlEbRnzSMLk04IHItbNDowTS=s0,2026-05-07 16:31:34,1개월 전(수정됨),https://www.youtube.com/post/UgkxMaU2MHiKvlzrTxJjOXxrCIfTTkudf1ku,7,4,리포 손거울,"https://yt3.ggpht.com/_XhU-ZSqm55FLpgyBDQKT6U57agiyzRnkwMBjlkmTaK5OeGNjeehUclBqnvcosf0opkdBJqjphPS_A=s0
https://yt3.ggpht.com/uPmgAiRuf_1cCpnSq8QUezUxUxCNXKs5ewzP3-hsh2rw7H7EbV0h2T3Be-cE-12C3qqocC37SO1A5qk=s0",2
스터디,https://yt3.googleusercontent.com/L_JdrRr-BteWXu2bhIM1K0maSqVUmGip8I7pck6ZAS9-Eg_1ktYBWtHLEu36drSSDA9M_-P-OA=s0,2026-05-07 13:41:57,1개월 전,https://www.youtube.com/post/Ugkx9xpSwXG7IkYB4yE2WvnV-6OD9HlnOH9h,7,1,프사를 바꿨어요,https://yt3.ggpht.com/vrB8dCq1FVydWrvrhU_7jc-cbYwOzQ01Pti5esLPLMfhws85W6ZhCpJwb9GK9NDxGfsLxZAGLvWW4g=s0,1
마리사랑단,https://yt3.googleusercontent.com/GllUzNYohgivBjdzxF3AHFjKYOKlDAxcPwzJGCHjDJKLm396fxWx2QDveqj_GVm0OX5UB2iArLA=s0,2026-05-07 05:17:24,1개월 전,https://www.youtube.com/post/UgkxRfpL7XucNLXBZnVq3VJBKt-kFL21AVnT,3,1,"맨다몬 모델입니다


https://www.youtube.com/live/yYhhbWnt...",https://yt3.ggpht.com/0hB34J_-M2cMLZEmaqtMUk7AKUwJ4RHytdZ91eENsOuUnXF2y6mE62YHcLzd7AeNhxf3mA2TiTxb1Q=s0,1
루포,https://yt3.googleusercontent.com/L-XO0jpjfoZyw0-33fBmLatRfca7etj9v7kcw-w4w5c4sIHWmlEbRnzSMLk04IHItbNDowTS=s0,2026-05-06 20:36:05,1개월 전,https://www.youtube.com/post/Ugkx3X8EFfoxS16AeBOHH8ZrSg6n9sqU5j1F,9,2,어흐 리포를본 리포,"https://yt3.ggpht.com/4_YQztcWiu7vnv6QIbxo6A5N_eUvqrdOy7R482g2QX3lYQJydzVEoWuq2rgq7JJu9iNpYgZN3ldC=s0
https://yt3.ggpht.com/fDtBx7jQ6PZcgQOO8f4A0u_AdVuonOfC1d6qdXU2lngwyY37HuvJ19ZtgyLzPtIt-XCcDzoDCRhqDg=s0",2
루포,https://yt3.googleusercontent.com/L-XO0jpjfoZyw0-33fBmLatRfca7etj9v7kcw-w4w5c4sIHWmlEbRnzSMLk04IHItbNDowTS=s0,2026-05-06 17:07:12,1개월 전,https://www.youtube.com/post/UgkxHXsmYe2WlVEk51YwgoRRiqfNEOUHgZlT,18,6,무럭♂️무럭♂️파워 타워 딱대♡,"https://yt3.ggpht.com/ei5CjkYzoLNZlRnN-0CCe0eCsYmO4jLaVDMFUCw38eZa9yF_YIQU0HZDk-iCDYsmdHZMPdyiHuBLEQ=s0
https://yt3.ggpht.com/5_uV91AWkQoc5kaP3NBmOB51pH7tzpIb1sLnWEwTDQyhkUKNxW8pG5MnUS5Q8rncgqAgQux6wi1-Uw=s0",2
토게의 팬텀퍼레이드 생활,https://yt3.googleusercontent.com/xqWSRg0zOx6oXwJ1Lo1BGqWewPErjQbQcLPo3dnPMzUI9WLPeHi5xKvtRHaWXGCM07Vd42rB2g=s0,2026-05-06 15:59:28,1개월 전,https://www.youtube.com/post/UgkxdGW6LKhniBH0UzwR3G9eAm6lYRtuRqQl,6,1,*비틱주의* 내가 좋아하던 역사가 망했는데 우라우메가 떠버렸다,"https://yt3.ggpht.com/0HkVbj2tuZ3VZidvefOsY7In_fBZWuQLvZ-AkzAxl9qeryzwM6lCaDLtaJi5ypaTZSirxTVS_-rE2SI=s0
https://yt3.ggpht.com/hUAbkiwoPobgqckpvExxkz7ueXtbANV37WkECluP4PiQBSRxRJmEPcyGe7mABUi5EuD2Oaz3nfwdow=s0
https://yt3.ggpht.com/CRcLGA7IHjfVPOQPamGZTbEKWROsqPEhDCN4S-GBfKucG0YdojRgbuRKIMa9X2ubg49CNJvvuSvGxQ=s0",3
빙랑,https://yt3.googleusercontent.com/o391pQURrVGFpC60fl82wVRKcdmFBpkxnOeop8s0QiL6Ud7a_2icekn6b0HWQvZASdGZv_SG=s0,2026-05-06 13:12:02,1개월 전,https://www.youtube.com/post/Ugkxx-0dTCkYmVBdxCqptXsr4n6YLH9kIRcT,2,2,"임 모씨의 시온 코스프레
천 모씨의 오르 코스프레



리온 코스프레 기대할게요!!!!!",,0
루포,https://yt3.googleusercontent.com/L-XO0jpjfoZyw0-33fBmLatRfca7etj9v7kcw-w4w5c4sIHWmlEbRnzSMLk04IHItbNDowTS=s0,2026-05-06 12:14:45,1개월 전,https://www.youtube.com/post/UgkxDsv1OcBVq0EsBxe-aJiG0p8192z0S--G,14,1,언젠가 저런 선박에 타보고싶다...(대항해 유화),https://yt3.ggpht.com/yhyTcs75rlyPXJf11xezF7tmX2nShOoJeyr8F_6yugapXkW4oIbL-jQRtKb4aN0pcr7Y2rEA7JxaKg=s0,1
Spppparrot,https://yt3.googleusercontent.com/ytc/AIdro_l_cdb12iEvfbconWqKW89iqSh69jL-NdmjZIuXCkr9Yg3iLzKFdf8SG32lYrR3AmrM9A=s0,2026-05-06 08:20:00,1개월 전,https://www.youtube.com/post/UgkxSeeyAOB4ZeGsBbuFvGduWwM8N-P2nrX_,15,1,"호에에에에ㅔ에에엨 오에에에에ㅔ엨
선배님...컿흐.. 연휴뒤 출근은 너무...너무 잔인한거 같아요오오오ㅗ오오오 오에에에에ㅔ엨",https://yt3.ggpht.com/zvCQEZWrFk9mDNwu-aIrMVTDFSBDug7UtFCtmlmxqdvzrUc6gCL-E2ygPg6UdFRvSrO1rcnsbA89JQ=s0,1
마리사랑단,https://yt3.googleusercontent.com/GllUzNYohgivBjdzxF3AHFjKYOKlDAxcPwzJGCHjDJKLm396fxWx2QDveqj_GVm0OX5UB2iArLA=s0,2026-05-06 03:26:08,1개월 전(수정됨),https://www.youtube.com/post/UgkxfNewetnZZtcD30CSQd5Ye46PHNqaDe8K,2,1,"찐찐찐찐찐막 업데이트

1. 자꾸 눈을 너무 크게 뜨는 문제 해결
진짜 놀랄 때만 눈을 크게 뜨도록 눈썹을 감지하게 변경

2. 손 모양 자연스럽게 수정

3. 리포 머리핀 삭제(설정에서 다시 착용 가능)

4. 표정, 애니메이션 자연스럽게 리뉴얼

5. 표정 몇개 추가

다운로드 
https://youtu.be/UrfcyS1YzwQ


그대로 덮어씌우시면 됩니다

따로 설정 건드릴 필요 없어용",https://yt3.ggpht.com/gUIdcEFZMksYWDDtHSPJ51KNaxBi1evDZJU9vpE1T8nb-TFL2XJ0VgulWwWaXKHQx5I0HBQAEgrs=s0,1
토게의 팬텀퍼레이드 생활,https://yt3.googleusercontent.com/xqWSRg0zOx6oXwJ1Lo1BGqWewPErjQbQcLPo3dnPMzUI9WLPeHi5xKvtRHaWXGCM07Vd42rB2g=s0,2026-05-05 22:39:08,1개월 전,https://www.youtube.com/post/UgkxjLwTtCWhXb4MoiAWm1JhnXRPobNk3JHM,1,4,나도 순간포착할래,https://yt3.ggpht.com/uU_N1anfVH7JOKNdyCecaEOarhs746q6X6cNhOjuvDFPAYPPoc98U6HU2I6H7YxaMAfggw8C2TOW3Xw=s0,1
와쿠와쿠 프린세스,https://yt3.googleusercontent.com/v-k6Fkgv_nHs-fYbrByeX65pWKqKdkeAkj8hQCa156_RsufyTeAdLVDcdzuQrUy1DHWKjatp=s0,2026-05-05 22:27:16,1개월 전,https://www.youtube.com/post/UgkxWgjHAVa-IrpeP2jxnJRW9yH6sK9ThIzG,1,1,"https://www.youtube.com/live/_kRMl8jD...
 유튜브 일해라",,0
토게의 팬텀퍼레이드 생활,https://yt3.googleusercontent.com/xqWSRg0zOx6oXwJ1Lo1BGqWewPErjQbQcLPo3dnPMzUI9WLPeHi5xKvtRHaWXGCM07Vd42rB2g=s0,2026-05-05 22:04:05,1개월 전,https://www.youtube.com/post/UgkxzwHyb3x4sTdt2gE0H1N9oLGMa0h_oy22,0,4,"???:토게야 너 말 잘못하면 죽잖아.















""알아.""",https://yt3.ggpht.com/_ChnMSD1MZ1l_syNQG6Jgo7R5b0jtroR0C1fRaCndEltLGmK7hjFpTpQvkef61CWlX53chKD14o89w=s0,1
루포,https://yt3.googleusercontent.com/L-XO0jpjfoZyw0-33fBmLatRfca7etj9v7kcw-w4w5c4sIHWmlEbRnzSMLk04IHItbNDowTS=s0,2026-05-05 21:02:50,1개월 전,https://www.youtube.com/post/UgkxVSaBwljrnN9Ig-exvN7WXLTwQLMeoi8s,11,3,으흐흐..♡,https://yt3.ggpht.com/LaFMu17f4WjzeK1tnx_rCRPHtt_WQdkPubgWtI44SHDEe8YwiUMPXdojAg4pqU14SYCA7e3gnGwA=s0,1
카노,https://yt3.googleusercontent.com/nQ5VrMdOVG8uTxVQ70uu9TWVl9NzftA5DQSWDBPfC0hmlu5jQgI45vq8fg5dh_yxlgPog6LJLQ=s0,2026-05-05 19:40:21,1개월 전,https://www.youtube.com/post/Ugkxn7krUhSC1tQghtTuXCaXpMTYMxZnRpm1,1,3,,"https://yt3.ggpht.com/N7dte8F8-8wC30mO62eXElO6criA_iQDkV6om13_6mgwvFxuM1hQ5Zg2g24vv5gz06NErSD-6xepfQ=s0
https://yt3.ggpht.com/9dFZwKKejB8IIXykSNK8TTV2rOg4jqImDJdmruweYJ4reaAv1EMmUKlqUrPFQ3a-y9fF1yGhgqxtyg=s0",2
Edgalic,https://yt3.googleusercontent.com/JFEjBZp3b79yxyHFQ8F2vAhiFYz1gKVfG2Xsn68DfBk5DZlXHmtd4yponWafXqNx6vpA4xjMXtE=s0,2026-05-05 18:55:36,1개월 전,https://www.youtube.com/post/Ugkx8jN_yyapCkJoZshB3r430SeqtqinuWpo,4,2,중식코스요리 개마시서,"https://yt3.ggpht.com/NfaUMvuZ0wKzWUbScMcvOTslh-i-wGSu05oWEqY62nNx8hPOXKd5R5Auh1imxr0s1_1gZvHNTZZRiw=s0
https://yt3.ggpht.com/ssl_jyOcNL6lYwVGdmuqyyz_z3k1UJR2UUHlyAqJlmwsCvp8r-XmN2Iang3q-IMTO1oFo0pnqDid=s0
https://yt3.ggpht.com/eoamvJEAcejjBdrUeMeXUw1WeyjewS4glYrWc_o-cG034ReMKrSIEfTshHSEtMSw_7OvDr8fsM1XUw=s0
https://yt3.ggpht.com/wx4ffE1iWBUv0EWtordEWT72KSFRw12MdEO7ueEyZlIg_1js1p0Wl8Bu9z5G_a3fK5wlmu5rVB8coQ=s0
https://yt3.ggpht.com/nSGmTLRIHF1cU_lOGwRH-CvtwM0aOCU8WJ23XW0PRCKg0iO1AUMSKkfFXjOtKLby1XKVluyFswCz0A=s0
https://yt3.ggpht.com/ZqZLW-hu41HI0wsLKxRTl8RbkBUcwBpsw37eFixHt-ertW4_kQQ9phwSaBAJE-_OMWa6CVVUJhfgQA=s0",6
온리리온 2호점,https://yt3.googleusercontent.com/jlIhMicbFwdmtEkjkNHgxHZUiEBDWpoSITR1McD7DLbviDYWMkJ2gxlwW634wrMOhFKxV7806U0=s0,2026-05-05 17:44:18,1개월 전,https://www.youtube.com/post/Ugkx6JAOXgtvK1ALvXG6Ep2E9UY__s0yAmgE,117,11,어린이날,https://yt3.ggpht.com/qwMEj4KfUVTN8T2f5CWhdpZAKhRrtM1YVXIp6qs54KLPFaRssIGtcCVs1nrQKKvaXqDyUDTc28jYZaE=s0,1
루포,https://yt3.googleusercontent.com/L-XO0jpjfoZyw0-33fBmLatRfca7etj9v7kcw-w4w5c4sIHWmlEbRnzSMLk04IHItbNDowTS=s0,2026-05-05 17:13:20,1개월 전,https://www.youtube.com/post/UgkxxvVd9nHxUFRecuSimYnksiW6Kc45XTFx,5,1,5.5 리포,https://yt3.ggpht.com/tXFhTfG5rWA19CS0djoyZmKS7_Fr9_vxDLL3QcKiNodUrMTiQbM9Sj2JA76UsWHCqbgSGI7fZbIjYxw=s0,1
시온덜크,https://yt3.googleusercontent.com/6mvvsj3958XDKu8FDXYsz0uF79VN8htrgBzqadJLFRh4H9DnoYjKoU3mGC_zvOpJPaq5zLf3=s0,2026-05-05 16:45:00,1개월 전,https://www.youtube.com/post/UgkxH7O9xHXAknJnQcZD-LgrMmZDJUS4AM4t,26,4,에으,https://yt3.ggpht.com/iNWQlmgTyXBwTIMJ6Btp0ajN7G9raPiyP08PIc2xq1h3zx5Irw8zFd5o5_dln_I2fPrD1m3WY8dqw4o=s0,1
Edgalic,https://yt3.googleusercontent.com/JFEjBZp3b79yxyHFQ8F2vAhiFYz1gKVfG2Xsn68DfBk5DZlXHmtd4yponWafXqNx6vpA4xjMXtE=s0,2026-05-05 12:08:52,1개월 전,https://www.youtube.com/post/Ugkxw5Zm8OZVVwgnk61Zk8GWvvBSqb-rAjj1,3,1,만 19세 미만은 다 어린이 이니까 온리리온이 17세니까 병약 미소녀 군필 여고생 공주니 어린이임,https://yt3.ggpht.com/4jZsY6eam-7iIqyNZATSbEu-q5Cy-LPd4_dGx_lQ6jUbr3DZD_m81eK82HD0z6kXhv2c7saPOic7Cw=s0,1
천월,https://yt3.googleusercontent.com/PfewclUzgY1nV-GjtAyhzDIg0YoKONFLLxZaYGyJZFMwIqjUEX9rG7kdYsFRZKO1z1Tv7pEr3w=s0,2026-05-05 11:39:33,1개월 전,https://www.youtube.com/post/Ugkx5vCIa2C2OITXyhY2XJpD-M2aiA94WHHZ,4,2,리온은 조심해야 하는 날,https://yt3.ggpht.com/yVZznNxdB3Ut_CV4KS1yXrXh8gMpVKn2cK8KLjT0AHQ7JYElg5fVxqV-sOjycAh0xUMip9VIDoS4pQ=s0,1
카노,https://yt3.googleusercontent.com/nQ5VrMdOVG8uTxVQ70uu9TWVl9NzftA5DQSWDBPfC0hmlu5jQgI45vq8fg5dh_yxlgPog6LJLQ=s0,2026-05-05 11:05:44,1개월 전,https://www.youtube.com/post/UgkxXBkE7tXBA3nhYaDNtJeSyE37wyzpHNEN,2,1,,"https://yt3.ggpht.com/CQW84bzS38vSy7dkDLB3bs9YMym4IUoLWd1wZE0tyG1ytBEeWjGWzco5H4eOV7me5-D6JmX0Pr0l8w=s0
https://yt3.ggpht.com/oQfGo9kULWBiLcAneP2wtQQT4yMR7v8uWCsvkEThs_xHDhxVsBtVu2J4G3mqRY2sPRPpx0Ee2wpJZBU=s0",2
카노,https://yt3.googleusercontent.com/nQ5VrMdOVG8uTxVQ70uu9TWVl9NzftA5DQSWDBPfC0hmlu5jQgI45vq8fg5dh_yxlgPog6LJLQ=s0,2026-05-05 10:59:51,1개월 전,https://www.youtube.com/post/Ugkx-dcraJX-Q_35Lkf3yYVeYTguOIsL3kPw,3,4,,"https://yt3.ggpht.com/QE1aUvpxHsWzduvxIuBCaRR2zPrl_oRXkmLEXL5sbmzhUXsbdx9JrjjHbvo79ThihhO4NHjcqlE1wQ=s0
https://yt3.ggpht.com/cQXXFFCtWn1D1m96wT3w-X-J7QTL86Q3mPFlpitRAhrFtv33CooAjWPRhThqFUiVIaRrV17eRDIdoJM=s0
https://yt3.ggpht.com/VXWodzdnN1pYvJmbZZcc4_NUr19R7cDgi8PnLE7O5BB6_012LDEi0SAseuUZvIJBtp7eJkbUiDzZZw=s0
https://yt3.ggpht.com/xd4vaYASgB-9A3-EkBVjPvAveVM8VnsUHC3aQaUB8QxYKVqjYmQw6ZOX11G4bO7Pdg02PLGnpQym_w=s0",4
ABS Disk,https://yt3.googleusercontent.com/ytc/AIdro_kcqkdX-iRudrzS4KmfonNRdM0GfIZJk3qRzTj6c4NE9aM=s0,2026-05-05 05:03:41,1개월 전,https://www.youtube.com/post/Ugkx_1yqc_I372lwOBELyx1n2YmEEZ5HttRM,4,2,"고전 건담게임. AI가 병력을 운용하는 방법을 전혀 모른다는 점만 아니었으면 충분히 재밌는 게임이었는데 그게 너무나도 큰 문제였던 무언가.

저 판에서는 AI가 우주의 생산시설을 우주에서 출격 불가능한 수륙양용 기체로만 채우는 바람에 병력 보충이 하나도 안되었다거나","https://yt3.ggpht.com/yLXl2jiensE-qqu6HJabIyHPB8JCBQTr0f5MW6-VBig-orbWFFFkWyT9QcIMA75NzNTw0Ploipkc0Q=s0
https://yt3.ggpht.com/e9OV5H8Y8O5k4n410wTXIgqinpthEKIsYI_MnVQtv6DJAMpTYMmUz49Xd3o6Xu_eI_r2Yrjs7qQc7w=s0
https://yt3.ggpht.com/uh-MMLvIYhqZB6HuIJX2rFBErDPK3DUMwR0kk4msczMfMfgoybR7hqNdKNMsb0tVAS_7FLeGLPHF2A=s0",3
외않되?,https://yt3.googleusercontent.com/45ctuo-EVYibovmu3AiutbEGj6I-VPf4QLhZMYiTWj5ROKuqlHHx2vnNjw7NHafQfIUPEmnsLBE=s0,2026-05-05 02:25:01,1개월 전,https://www.youtube.com/post/UgkxBypZ-nVSys9Kp2VaSjP5-J28KCgQ47cB,5,2,남푠 옷 훔쳐입고 붙잡힌 온리리온,https://yt3.ggpht.com/Ca4kUYoSMmyyQIFCSw1q_u_DmL6REu3NKp-67KtSZ6fYfE8DT833CCcsDe5LPq9sS6DCIAkcSYM0yg=s0,1
온리리온 비밀지점,https://yt3.googleusercontent.com/PadAE7-CoLtyyLKTdk8exebQ3UPWZtjz_elHLUFDWCGtWMNV1_dBxzCuJ1rWwTc06_f_CYzDrg=s0,2026-05-05 02:16:47,1개월 전,https://www.youtube.com/post/UgkxHxKjpXANtXQBjyq6jIboXD0J9GphmuFK,4,1,"야외방송 촬영지 공개









경기둘레길","https://yt3.ggpht.com/CoIvPUeJnZLSlKsRouigSaBQYRtbiOkEX0tKYgth1KN5FTexNkzPbpiyhAbJMj_UmmC1w9BLfgl-1bQ=s0
https://yt3.ggpht.com/v909tABfnuuqCmtASHFYU5ckWoIUHXV4aqbjukgGq9r3k0cD-OufMQsofTlt7A2xm008_Y0I8T7chA=s0",2
와쿠와쿠 프린세스,https://yt3.googleusercontent.com/v-k6Fkgv_nHs-fYbrByeX65pWKqKdkeAkj8hQCa156_RsufyTeAdLVDcdzuQrUy1DHWKjatp=s0,2026-05-05 00:43:57,1개월 전,https://www.youtube.com/post/Ugkx7mLXW37Ed2EZkwVT_gnw-sYVTFI4QEEs,4,2,생방중에 먹었던 라묜 헿ㅎ 짜서 물 더 넣어서 먹음,https://yt3.ggpht.com/hZCboBVFWjbDHTR051vj6lcgYY6TC15L9Q-F6tStbg3ZEgFCn4DmW1w4vsNTUWGXgJbTv2OJW-qQOnM=s0,1
왓다옴,https://yt3.googleusercontent.com/lIVXDjDhmiliiSLdEhB8xyPKiwJYgpZl9jYsUpy-dkKULUylKCXLbvAgkWYVMD9H4_PmYylnefw=s0,2026-05-05 00:35:10,1개월 전(수정됨),https://www.youtube.com/post/Ugkxi36Gsp9TqlqzfMeh_ZLJJm58rPqja003,16,1,"오눌 온리리온 방송을 봗다. 제미가 있어따.

야에 방송이어따. 너무 죄미가 있얻따.

그런되 갑작이 방송이 꺼젓따. 너무 아쉬웠따.

개속 기달여도 리온니미 도라오지 않으셛따. 

와, 드디어 리온니미 방송으ㄹ 다시 키셧다. 기부니 조앟따.

근데 자미 온다.. 누니 깜긴다. 자면 안 돼는데.. 방송 봐ㅑ 하눈되..",,0
레몬좍,https://yt3.googleusercontent.com/IMTQD9ZbrrqrEH-Tqo9d072VnIhiTj_xCnDS41ovLnwSqKaMPK3fdy25MbusxXpNDEiA5rMNuA=s0,2026-05-05 00:20:05,1개월 전,https://www.youtube.com/post/UgkxpBMm_IlOSIXBj8-qFR6URYpEg3OkLXXA,40,1,"빨랑빨랑 방송 키라고래~
아앙??","https://yt3.ggpht.com/7D3NcNI44tMfBMXMwwDUP1oK_nnJSJSwxuAUovYB5-xwf7hjI23GkjDGBkW_njmdy-0dkzI7uLtaOw=s0
https://yt3.ggpht.com/R2DOb9Hgup8AnYFIOptG8nnN55ykbIq-JWniM0yZvgaq4DD0KxUTAzIyTdr_o7onqb3KX1-i8sgmeg=s0",2
Edgalic,https://yt3.googleusercontent.com/JFEjBZp3b79yxyHFQ8F2vAhiFYz1gKVfG2Xsn68DfBk5DZlXHmtd4yponWafXqNx6vpA4xjMXtE=s0,2026-05-04 23:30:52,1개월 전,https://www.youtube.com/post/UgkxcXANJHpHROxq-Hm0O7D9cCzzMro4BR-o,3,2,마싯는 김치 찌개 으아아아ㅏㅇ,https://yt3.ggpht.com/4_121UMI0DOLwLsrB_padT5NY5z0Z-EaS8OjoY5zawdld0rxfjKmmCHeE0zXkDfnWdfJZ7PptEv5SdM=s0,1
마리사랑단,https://yt3.googleusercontent.com/GllUzNYohgivBjdzxF3AHFjKYOKlDAxcPwzJGCHjDJKLm396fxWx2QDveqj_GVm0OX5UB2iArLA=s0,2026-05-04 23:08:14,1개월 전,https://www.youtube.com/post/UgkxioNIa3S5Y8VoeOObpCZxZRwcV9Lycbn4,2,3,"https://www.youtube.com/watch?v=Urfcy...


오늘 모델 깍으면서 수정한 모델과 추가한 표정들입니다

업데이트를 너무 자주해서 항상 송구합니다

아마 당분간은 없을거에요!",,0
루포,https://yt3.googleusercontent.com/L-XO0jpjfoZyw0-33fBmLatRfca7etj9v7kcw-w4w5c4sIHWmlEbRnzSMLk04IHItbNDowTS=s0,2026-05-04 22:50:44,1개월 전,https://www.youtube.com/post/Ugkxk1lNONOazWw4Y-riFNWdJvq3ZVG8sJpX,19,3,날 속인 것이냐..?,https://yt3.ggpht.com/sz_aCNMKbJNNOYfd4dOWg8eKG1dsr7JZnrpuQoLukrdMmj1NKuXwuHs8dahyzDAVDjLZpwiBvaQ7=s0,1
루포,https://yt3.googleusercontent.com/L-XO0jpjfoZyw0-33fBmLatRfca7etj9v7kcw-w4w5c4sIHWmlEbRnzSMLk04IHItbNDowTS=s0,2026-05-04 21:58:31,1개월 전,https://www.youtube.com/post/Ugkxg9BZqlIc59o24yFm7Bfh93ZXfZb6g4pC,12,2,일단 대충한거라 이상한 리포 보올~,"https://yt3.ggpht.com/Qy5rBVXCi_huG-Mm9OS9wElEyrFwvlSowIy3diAfq1lYC3bxZmnKQyd4zkhMpxXjgTWD-blN8NlerQ=s0
https://yt3.ggpht.com/7juWZZpQsmiTT0ZtFA5I25SYGH8fmU3-18VfbrONMoZVfNGaNvln6rj65VrW_4iZNN4qsEVf6pxWuw=s0",2
온리리온 비밀지점,https://yt3.googleusercontent.com/PadAE7-CoLtyyLKTdk8exebQ3UPWZtjz_elHLUFDWCGtWMNV1_dBxzCuJ1rWwTc06_f_CYzDrg=s0,2026-05-04 19:36:56,1개월 전,https://www.youtube.com/post/Ugkx3buNfmLs0qdbGvj7WWjAfynKNjhj0d8e,2,0,"휴방 후 돌아왔고요

데이터 주농가서 야방꺼졌고요

집가서 킬거고요(어쩔수없이 언젠진모름)

커뮤니티 버터판났네요

에으",,0
루포,https://yt3.googleusercontent.com/L-XO0jpjfoZyw0-33fBmLatRfca7etj9v7kcw-w4w5c4sIHWmlEbRnzSMLk04IHItbNDowTS=s0,2026-05-04 17:20:47,1개월 전,https://www.youtube.com/post/UgkxJcpXqHmHVoBAaI--fpPDigUH5KypYAFQ,12,2,오면 바로 최면걸어서...으흐흐..♡,https://yt3.ggpht.com/n4BkZ7jsfTmq9mJPfVc9BWZjUFweJhpJtZVzUVV5wj-8tdef2rZtS7IMHXL6Fvw8c-seHXZj7sq1=s0,1
와쿠와쿠 프린세스,https://yt3.googleusercontent.com/v-k6Fkgv_nHs-fYbrByeX65pWKqKdkeAkj8hQCa156_RsufyTeAdLVDcdzuQrUy1DHWKjatp=s0,2026-05-04 14:27:57,1개월 전,https://www.youtube.com/post/UgkxEzbjhtDErdctdfc_fBPgPMnVUIhRk4_H,11,5,"온리리온은 2일 방송 쉰다고!











""알아.""","https://yt3.ggpht.com/L1S4tO8IcEShDrvTKANu2G-Pp3ENZ23cVXh7veNaD42o1Ow4xnQsAxI6xqNXrMYeHRANv3n2KJa-oQ=s0
https://yt3.ggpht.com/LOLRAn6W2PecrkSpcQbU1BJRChy730W4rcCM-yopkR21R6V4Rj0RWMFG3ArXRCrsWS2hiT_JILz63WM=s0",2
Spppparrot,https://yt3.googleusercontent.com/ytc/AIdro_l_cdb12iEvfbconWqKW89iqSh69jL-NdmjZIuXCkr9Yg3iLzKFdf8SG32lYrR3AmrM9A=s0,2026-05-04 08:52:29,1개월 전,https://www.youtube.com/post/UgkxE_etzELL2L7mOrsbRheuVMPDphABwq5y,4,2,하!루만 기다리면! 온리온리온리논리온리온리리온리온리온리온리온리온!!!,https://yt3.ggpht.com/5dQWMC5ob-wSYlu0lNvBEva813j3OLaTDOaLWsdP7SG9qMjEN3T1w5c457FRjWA8catrEiJ6fJ9t4A=s0,1
빙랑,https://yt3.googleusercontent.com/o391pQURrVGFpC60fl82wVRKcdmFBpkxnOeop8s0QiL6Ud7a_2icekn6b0HWQvZASdGZv_SG=s0,2026-05-04 08:52:20,1개월 전,https://www.youtube.com/post/UgkxfNTan573_6HS-m1SzoeR96aAIO02etOB,3,2,온리리온진짜개꼴린다그냥목소리나말투만봐도개쳐귀여운데저렇게귀여운버츄얼을가져오면나보고어쩌라는거지심장터져죽으라는건가거기에노래를부른다고그귀여운목소리로음치인것도개귀엽네목소리떨리는거진짜개귀엽다심지어방에인형이많고핑크핑크하다고그냥이정도면공주아닐까남자가이렇게까지귀여울리가없어아니인간이이렇게귀여울리가아니현실에이렇게귀여운게있을리없어아아나는이제온리리온에빠져들어가이건거부할수없는불가항력적재해야윙크하는거봐끼부리는거진짜두눈감은거도개귀엽네진짜프레임하나하나가다귀엽다방송에선정상인척하면서실제론정신나간것도귀엽다처음엔순수했다가시청자들한테익숙해진거도귀엽다편집방식이나그런거도다귀엽다온리리온방송의모든표정을캡처해서뿌리고싶다일부러윙크하고그래놓고진짜유혹해놓고아닌척하는거진짜남자한테홀리네진짜평생가둬놓고사진만계속찍어두고싶다계속기침하는것도귀엽다진짜병약미소녀의정석이다매운거먹고기침하는거도귀엽다레제춤추는거도진짜개귀엽다반할거같다위내시경캠하자고하니까당황하는것도귀엽다모든영상의프레임하나하나를따서보석으로장식된액자에끼워서집벽에붙여두고매일같이잠들고싶다배개쇼파식탁등등집안의모든가구디자인을온리리온사진으로채우고싶다평생을온리리온과살아가고싶다그냥리온의프레임을하나하나따서이세계에있는모든편집방식으로편집해가보로간직해수천년뒤까지이어지게하고싶어모든집벽에온리리온영상을틀어두고날지켜보게하고싶어내가가는모든곳에온리리온이있게하고싶어모든사람이그걸당연히여겼으면좋겠어♡♡♡♡,,0
유튜브채널,https://yt3.googleusercontent.com/ytc/AIdro_kl5DflvSAt5cCateTrSwaLn4GBN9r6Kpu3KbWBVHt3T53dfl0=s0,2026-05-04 08:06:13,1개월 전,https://www.youtube.com/post/UgkxKUJY66uy902LLURLMY815NAFHe6y15_E,5,6,백합 왜 먹음,https://yt3.ggpht.com/ZbDqc_S8wG-aUtCk-GI6HxnYUywDyviXaKRZMVSPasY2c2ixSQehFxLePUQtbMvJKM28znbVtghapw=s0,1
Edgalic,https://yt3.googleusercontent.com/JFEjBZp3b79yxyHFQ8F2vAhiFYz1gKVfG2Xsn68DfBk5DZlXHmtd4yponWafXqNx6vpA4xjMXtE=s0,2026-05-03 19:04:28,1개월 전,https://www.youtube.com/post/UgkxJ9ywG8-KUJpfxQkTZLstUeAroGh3M3Py,20,4,"온리리온이 새계최강 귀요미 멘헤라 17세 병약 미소녀 군필 여고생 공주니 버츄얼 인거 아시나요?















""알아""
대충 요즘 유행하는걸 ai한테 시켜봄",https://yt3.ggpht.com/NH34hmSLb7Ghwt3THlLAwhpDxs_bh3ASSIco2EOjslhwf1Nr0XL5MZRq_JMMcHorbomUU5BuP1S63Q=s0,1
루포,https://yt3.googleusercontent.com/L-XO0jpjfoZyw0-33fBmLatRfca7etj9v7kcw-w4w5c4sIHWmlEbRnzSMLk04IHItbNDowTS=s0,2026-05-03 17:40:44,1개월 전,https://www.youtube.com/post/UgkxoHSUWzaBAI-rHa4g4pD0TGxVvt9m89Cf,7,3,원근법이나 다른 세세한거 없이 걍 생각없이 낙서한 배설작(미안하다 리온아!),https://yt3.ggpht.com/J4O2a30XpbIWOqd-P1IxOhK9JZ6irbOGR0vFg9KofRmpIBKUn-wBDSQUwAFKSI4LLPmh7aSDPc3dtw=s0,1
마리사랑단,https://yt3.googleusercontent.com/GllUzNYohgivBjdzxF3AHFjKYOKlDAxcPwzJGCHjDJKLm396fxWx2QDveqj_GVm0OX5UB2iArLA=s0,2026-05-03 15:15:18,1개월 전,https://www.youtube.com/post/UgkxDkPQZMvwvAMQTmWr8yyp8p6s9_Yamfz0,5,4,"업데이트를 너무 자주해서 죄송합니다

머리카락을 좀 더 자연스럽게 움직이도록 수정했습니다

원래는 모든 머리카락이 단일 변수로 움직였는데 이를 개별적으로 분리했습니다

첫짤이 구리포, 두번째가 신리포 입니다

그리고 간단하게 맨다몬 모델을 만들었습니다



-다운로드-

https://youtu.be/UrfcyS1YzwQ","https://yt3.ggpht.com/H6GXrPKpWj_2hYW3Tnh1fFbn1ZMOGTSAasOL0NyynxKC0kEchGavo7Y1VAYeLFwcoBeRq3lXvQ8L=s0
https://yt3.ggpht.com/K7XHXQTtMYuLA3W3yrSReRfxOQ4Bih0XnLVcNg3zf7J-PvlVOefyxmKjARThGKzgLhQ7D1nOspzI7P8=s0
https://yt3.ggpht.com/vDc18KjusBIA0m9JqMTa4drYt2LlY5nbt52euxTIq1JhbSfOIWY63NuoEfWsZhcCuGfxPrKwxooBUa0=s0",3
Edgalic,https://yt3.googleusercontent.com/JFEjBZp3b79yxyHFQ8F2vAhiFYz1gKVfG2Xsn68DfBk5DZlXHmtd4yponWafXqNx6vpA4xjMXtE=s0,2026-05-03 14:17:32,1개월 전,https://www.youtube.com/post/Ugkxg14fKfHXaygV7-cCpoafbXVe43-7ztPM,34,4,스파오 버터 후드티,https://yt3.ggpht.com/7AF_Gr7sH3ryAgqaZKW043uDjFS0gcRYmK4rzIl6-FIdr4wXEbac_G5lFIjPs2FSsrB8mlEX6iPL=s0,1
루포,https://yt3.googleusercontent.com/L-XO0jpjfoZyw0-33fBmLatRfca7etj9v7kcw-w4w5c4sIHWmlEbRnzSMLk04IHItbNDowTS=s0,2026-05-03 13:21:06,1개월 전,https://www.youtube.com/post/Ugkx_yAwc3F2E-DrQZLGD6jPtbAFZMFUsevj,4,4,하늘아래 여우는 한마리면 충분한 것이다!,"https://yt3.ggpht.com/l3RPxdaFIYTbQ3c8ECw9PdCTw85-t4Ls9X-xU53bkrDAVDPn7N1zJZgX6Jv21PfywCbFXcK-PTifPQ=s0
https://yt3.ggpht.com/tCNYGYTbxQUp1hqPm5YhfotLkAIoX2fQEKzz4wM9W1tTklaT8cM8NSHaXN8Y-sjs4KsrI6NnZdHz=s0
https://yt3.ggpht.com/PstspZ2zQMgTQb5vkROHXX5cf41XYDZCPzBi19Vh4qLgylnnYjFhdA7HTRZgv55LTo3qR-xrlZOJ3cw=s0",3
카노,https://yt3.googleusercontent.com/nQ5VrMdOVG8uTxVQ70uu9TWVl9NzftA5DQSWDBPfC0hmlu5jQgI45vq8fg5dh_yxlgPog6LJLQ=s0,2026-05-03 04:22:47,1개월 전,https://www.youtube.com/post/UgkxlDmUSHrL3PK7DjfQUtodWPHeDRxzDiqu,3,3,,"https://yt3.ggpht.com/o2uiqRAlprBY_WG1dP68zKjgjs7EnsbO47h89OinyNfyt54ioEDyv37YIN22TnJA9X58p3hW0WYp6Q=s0
https://yt3.ggpht.com/EiH6JPYPXf7mobVqfWcfPNWhHWUCOJONNIW8BrHhqWGHag0nt7tZHrH3B96WCZAjoLc_5RSrwRBqkA=s0",2
Edgalic,https://yt3.googleusercontent.com/JFEjBZp3b79yxyHFQ8F2vAhiFYz1gKVfG2Xsn68DfBk5DZlXHmtd4yponWafXqNx6vpA4xjMXtE=s0,2026-05-03 05:02:36,1개월 전,https://www.youtube.com/post/Ugkx2N_Hv1pCCcQlByD3arRKPNDncRng2HI_,1,0,새벽때 먹은 라면인데 물 끓어 넘쳤음,https://yt3.ggpht.com/r8jfkFnO8-Gi4xspfuxUXdPZfcrZkF6pq9GjY6oA3GK4lef2xBdD-CsymULsyHt45jhgYDG_PJbv=s0,1
마리사랑단,https://yt3.googleusercontent.com/GllUzNYohgivBjdzxF3AHFjKYOKlDAxcPwzJGCHjDJKLm396fxWx2QDveqj_GVm0OX5UB2iArLA=s0,2026-05-02 22:26:41,1개월 전,https://www.youtube.com/post/UgkxBrhPc5i6-eHmUa00RLB1UF7_CdZJoZwW,2,3,"SD 리포 업데이트
1. 눈과 입 위치를 위로 올렸습니다.
2. 고개를 돌린 모습이 더 자연스러워졌습니다.
3. 눈이 감긴 모습을 더 자연스럽게 수정하고
눈이 감기는 과정에서 눈가가 튀어나오는 문제를 최소화했습니다.
그리고 겸사겸사 웃는 모습도 더 귀여워졌습니다.


https://www.youtube.com/watch?v=Urfcy...


혹시 그 외 이상한 점이나 바라는 점이 있다면 피드백 부탁드립니다.

감사합니다.","https://yt3.ggpht.com/-hItZTbQVZuhyPWtQxkHNIbbfq2lXEPEOGpX-C385z5_zkGDXV8Bw43n6RE6IkTSTgGGbqpsCcZ8IQ=s0
https://yt3.ggpht.com/ZhoKa_WOPek270kBk9jtRRZWn2T3o84h2TIUSeUEfmtBlEg2oKc1Ext5tDzmL8smAPBJgVC08hHK=s0
https://yt3.ggpht.com/rbmqkn8u7YY0sh4QIoFowPgtsp98EZVoT63yx6au3tkm7SrizcWcXQUCM32l-khPzWD2J-ovwSxa=s0",3
유튜브채널,https://yt3.googleusercontent.com/ytc/AIdro_kl5DflvSAt5cCateTrSwaLn4GBN9r6Kpu3KbWBVHt3T53dfl0=s0,2026-05-02 20:15:21,1개월 전,https://www.youtube.com/post/UgkxdJ5ELuk68Jq1C-gECRSxwwG9QQZoUTVL,5,4,스포일러,"https://yt3.ggpht.com/S1HO575FzFuMoXB2tEpJKzAkFAEkNR5rmzOYTlYCMhiraLttpSZX-tn-0IvlXK8JZtz9LZykZ0toNQ=s0
https://yt3.ggpht.com/IXX-dAvnC9yyRYdv5v03o0mnMuvrJJ5JqzFTTpW7s0MnW7fvsGgk9eU7Vu1sqBZEHP05PYdFl8vM=s0",2
온리리온 2호점,https://yt3.googleusercontent.com/jlIhMicbFwdmtEkjkNHgxHZUiEBDWpoSITR1McD7DLbviDYWMkJ2gxlwW634wrMOhFKxV7806U0=s0,2026-05-02 12:35:25,1개월 전,https://www.youtube.com/post/UgkxlVGV76XPoEmiZxxIHj9zFXIDOKMdTRDT,23,10,"휴방입니다


컨디션 난조(알레르기)로 인해
주말농장 말그대로 주말동안만 다녀오겠습니다

월요일날 와서
몬가 몬가 할듯...",https://yt3.ggpht.com/6TnOJ7PThWxGZt5Epm88wXrFeIsvxqk5EcaQ62Uni1tINv2VQf18815EhoMthvqANA95QWW5goY0iQ=s0,1
루포,https://yt3.googleusercontent.com/L-XO0jpjfoZyw0-33fBmLatRfca7etj9v7kcw-w4w5c4sIHWmlEbRnzSMLk04IHItbNDowTS=s0,2026-05-02 11:51:41,1개월 전,https://www.youtube.com/post/UgkxDYSd3jThB9mc-xcT8oTdd98heoZz2lob,7,3,온리리온 방송 2부,"https://yt3.ggpht.com/DchU-n009IgaXdiT3rJA-5aT2zXN94HGNEnpC1CGfoSiA5KXFPuOiUO3k6wNvBB3xzzgsJGfYaCoSpc=s0
https://yt3.ggpht.com/n0SSyA9ta4mAlq4oCgTz960XGbOSbYsRlzhwBEqYI4og96Y5ZruQ7tx9QkWRWS7ySBy14QHYPHG95HY=s0
https://yt3.ggpht.com/po7u49F8Nxl5BMWWst5MR8xt2UuECqpuwzvtcdRy6bMqY09_Up8pVMHqJ841G9HfHWf9LucrGqMgj9I=s0",3
카노,https://yt3.googleusercontent.com/nQ5VrMdOVG8uTxVQ70uu9TWVl9NzftA5DQSWDBPfC0hmlu5jQgI45vq8fg5dh_yxlgPog6LJLQ=s0,2026-05-01 21:07:46,1개월 전,https://www.youtube.com/post/Ugkx30PWq86YE-yckYM0FAvT6jzC3IGo0vvF,2,4,루포로푸야..,"https://yt3.ggpht.com/UIkipbnoQMdc08jS979yzfKzMlRonEXNPrxhRZaMW7nnDQq_L1LEVfN3vMk-Y8lA41FeZZhx_orHUg=s0
https://yt3.ggpht.com/m_pft1J8KQh_O0HTLT8ZmzBLk6uJKzpSZUTRyXKx9dYpEVx1jbsqSINSbvKVbqv-nBP1-qjNgvokIQ=s0
https://yt3.ggpht.com/pf96KA80Ban_w1F6ysuFjurmbCrYcF0SWuwc0gjh7lljaxHjJtpCblSx42J8oVRcWF3ui5pR5nLl=s0
https://yt3.ggpht.com/hBMQgubR8koWnSBpMaCouqmUN2vJ1Vzpv8bEUYVVVW2cxhnBnp2SUpfOBDYDj4MIUiIX9sRJpNDI3g=s0
https://yt3.ggpht.com/cK8Uk6cz4AR1JPWOLTMPA99UyFF1BGQhjb5CMu-4dCdjSVJr5oJ7c2xt82myInLfP8SH3cpx81W3Zzc=s0
https://yt3.ggpht.com/ycr9daTJoPdvCilx1GchB_YK-Q7kh-yt5HzLIg5ksZ1ooj28dzL6_f9N9GtFeybpJ52bVstwjyvXsQ=s0
https://yt3.ggpht.com/4fdrZ5nI8nBVpO-CuE-zbewtOWkmmI7lc2gugSzv0o5q2_kKQwu-ktbtGHtckftUUiPoYh4xWbc0=s0
https://yt3.ggpht.com/VaIa9Wk_3K5eNBOeTPuvxBCAxBKDcwmqY9GsJpeS8VoEceJ2BPfUBCcKteu9vM30AJmPAoAh-x05=s0",8
빙랑,https://yt3.googleusercontent.com/o391pQURrVGFpC60fl82wVRKcdmFBpkxnOeop8s0QiL6Ud7a_2icekn6b0HWQvZASdGZv_SG=s0,2026-05-01 20:54:30,1개월 전,https://www.youtube.com/post/UgkxwHlCNTblfv8vwl6To1oNW8-KYo1mXERS,2,2,온리리온진짜개꼴린다목소리떨리는거진짜개귀엽다남자가이렇게까지귀여울리가없어윙크하는거봐끼부리는거진짜두눈감은거도개귀엽네진짜프레임하나하나가다귀엽다모든표정을캡처해서뿌리고싶다진짜유혹해놓고아닌척하는거진짜남자한테홀리네진짜평생가둬놓고사진만계속찍어두고싶다모든영상의프레임하나하나를따서보석으로장식된액자에끼워서집벽에붙여두고매일같이잠들고싶다배개쇼파식탁등등집안의모든가구디자인을온리리온사진으로채우고싶다평생을온리리온과살아가고싶다진짜순수한척다하면서유혹하는거봐진짜저게유혹하겠다마음먹고한게아닐리가없어그건불가능해그냥리온의프레임을하나하나따서이세계에있는모든편집방식으로편집해가보로간직해수천년뒤까지이어지게하고싶어모든집벽에온리리온영상을틀어두고날지켜보게하고싶어내가가는모든곳에온리리온이있게하고싶어이세상의모든땅과유리창등등에모두온리리온이있으면좋겠어모든사람이그걸당연히여겼으면좋겠어평생을리온과함께할래♡♡♡♡,,0
빙랑,https://yt3.googleusercontent.com/o391pQURrVGFpC60fl82wVRKcdmFBpkxnOeop8s0QiL6Ud7a_2icekn6b0HWQvZASdGZv_SG=s0,2026-05-01 20:33:29,1개월 전,https://www.youtube.com/post/UgkxabXeiLV7wZT9v4-M8g5iKMjfwH6TKltL,1,1,"아!!!!!자!!!!!자!!!!!잣!!!!!!!!
걱걱걱걱걱!!!!!!",,0
루포,https://yt3.googleusercontent.com/L-XO0jpjfoZyw0-33fBmLatRfca7etj9v7kcw-w4w5c4sIHWmlEbRnzSMLk04IHItbNDowTS=s0,2026-05-01 20:01:13,1개월 전,https://www.youtube.com/post/UgkxfdeG44sJiGJLSO1qd3GhsxyYB48HGeTq,5,1,리포 야짤♡+19,"https://yt3.ggpht.com/bzdGZVYKuGIsdcNq9VmCayipThKtsn159JkdCev8Sp8G8Ecv5kGsLOuqdlGLpXyXRhq1m2ODo_7CJw=s0
https://yt3.ggpht.com/tkTtVCVZyNUQRTploH2HlnzTCwX8SxzJXnIk-dmmjW3B5f4-Heqi9k8qBf1ROu-LRM7BQ5WTw4HJ-Q=s0
https://yt3.ggpht.com/8G5xacR93Rbkpz3dFDC9gXqAJxVDPvmTD7pZp8s-x1TKceVcb2P_WmBgQdXW3c2XMXF_5OfNC3zD=s0
https://yt3.ggpht.com/3v2oRa7R6HZIzmEhsrgqdyURai-VzwSddBojXC1KHZRH9Ls6EDfvnB1gxUmT-TlCRgGiroQVcx2KzIo=s0",4
Edgalic,https://yt3.googleusercontent.com/JFEjBZp3b79yxyHFQ8F2vAhiFYz1gKVfG2Xsn68DfBk5DZlXHmtd4yponWafXqNx6vpA4xjMXtE=s0,2026-05-01 19:41:07,1개월 전,https://www.youtube.com/post/Ugkxls8fr_BEjkWt7KswnQHFNLPyeEn9fkOB,7,2,슈로 뼈 해장국,https://yt3.ggpht.com/BxI3jT18xjjCOZWJU4aMt10mXbOFsDhNI2NTSf4UzeNMnIny-BKH-urn0m8mC8gyqq7YUiF_oyKh2w=s0,1
마리사랑단,https://yt3.googleusercontent.com/GllUzNYohgivBjdzxF3AHFjKYOKlDAxcPwzJGCHjDJKLm396fxWx2QDveqj_GVm0OX5UB2iArLA=s0,2026-05-01 13:03:03,1개월 전,https://www.youtube.com/post/UgkxH3o2pCNPgCRGqTxFvkpc_H3VDhjS_mHN,29,8,온리리온 그 자캐의 역사,"https://yt3.ggpht.com/Y-GQg_JzsqtUi5X4nNGPSXNlGfNo8tZI2wRs9XCK47bN7_Ww3wxgmhprLGBL6yeoboMEX-3e7KbZ=s0
https://yt3.ggpht.com/lmqFQNzCdrj-J7m-ReOSi5qa4jeAKSR29m1Tidqd3XzLLT6eWMsjt-XOM-kmTd5hvHPwj-c78WYuGg=s0
https://yt3.ggpht.com/ZtWwYbNgwSovpjVMuJdGYKLURe6QeIyXRJsOwnP-iOtCIwz5WsbI4dl4nmGjStip0hgOK4Xo4lcQdw=s0
https://yt3.ggpht.com/NXVW9zgdoeXhHmeb-DTAWHYQtsGqgT28WxNFpWfhMgoIA4CvgyvKHbkdyc3uGjeVfEVS0IYVzKoWjw=s0
https://yt3.ggpht.com/AsANsXFFWtgCXAUlABkDwVB47ySMFo62Izz4aKZwzUA4KdHnHXMiUw-Rfyrdo5JODLKOU3Gvmpx5ng=s0",5
코노 히스클리프다,https://yt3.googleusercontent.com/MTy3Vepc-RhRgFUGFsYMZvStd_w5f6qLqxLwe2qHsswm6s-L_S5Qz3nPtZow4llar4ynfD189Yk=s0,2026-04-30 20:10:33,1개월 전,https://www.youtube.com/post/UgkxwgYjRz7YX6TcQcXqcj849uo3h2nWuuSR,31,2,아..... 지갑을 하얗게 불태웠다,"https://yt3.ggpht.com/FuruO-GH4FeCs59V26vKmtvtz194lc4b7ENQ4wBkR_3vLkwquqPSt1a8WtGnYHJsOVFbp7xCvPi-Rig=s0
https://yt3.ggpht.com/RMnjwY7gsLbzmyksHzL24ULboUP-vH1Cgv6xkX-7D7bgu5ZBtYVVBf8dZCX1ApDXyg3Cvkm404I2fyQ=s0",2
Edgalic,https://yt3.googleusercontent.com/JFEjBZp3b79yxyHFQ8F2vAhiFYz1gKVfG2Xsn68DfBk5DZlXHmtd4yponWafXqNx6vpA4xjMXtE=s0,2026-04-30 20:06:08,1개월 전,https://www.youtube.com/post/UgkxFN00jMBxMFEmU96InqCgMUjMs4nKMoXk,21,7,오늘 생일인데 학교가서도 생일 축하한다는 말 한번도 못들었어요 부럽죠?,https://yt3.ggpht.com/EZcoioBit2wDw11q-QREsy4JsWEFTIflR1H7S8w8hDAvN3KfpZdtV_kZFj5H9ihQaHs1Dpon6Ht6u4U=s0,1
마리사랑단,https://yt3.googleusercontent.com/GllUzNYohgivBjdzxF3AHFjKYOKlDAxcPwzJGCHjDJKLm396fxWx2QDveqj_GVm0OX5UB2iArLA=s0,2026-04-30 19:23:21,1개월 전,https://www.youtube.com/post/UgkxOX9ugHC2w9pH-nA7R-3u-d28Amjz15g9,3,1,"https://youtu.be/UrfcyS1YzwQ


SD로 끓여온 리포입니다",https://yt3.ggpht.com/B7fCqNJtsh67gM6s0PK8pSlbMJ-XdI22WEtKdaIjhowJV5X0p4arQcl9nKfzRNFQ7n6iRQkH84aM=s0,1
루포,https://yt3.googleusercontent.com/L-XO0jpjfoZyw0-33fBmLatRfca7etj9v7kcw-w4w5c4sIHWmlEbRnzSMLk04IHItbNDowTS=s0,2026-04-30 12:31:16,1개월 전,https://www.youtube.com/post/UgkxeynGk0IJSH76XWvHrOc238MYwZ5EgSoS,11,4,집으로 가는 길~♡,"https://yt3.ggpht.com/hLSahCKiLsjU7mKmPELy-8kLiIrtGdse4w8zTYu6VKmHbKNaRchFIw2mtBBe2a5aqYqGhHxWKlEicR0=s0
https://yt3.ggpht.com/IyKgaqK2JmDL1jtgkkcTGiF1FftvGDaOGSCUzYUhpGnWeGtyTStfyEKROpu4N-oNDnlozHRLqu5too0=s0",2
Spppparrot,https://yt3.googleusercontent.com/ytc/AIdro_l_cdb12iEvfbconWqKW89iqSh69jL-NdmjZIuXCkr9Yg3iLzKFdf8SG32lYrR3AmrM9A=s0,2026-04-30 00:05:35,1개월 전,https://www.youtube.com/post/Ugkxe1P_12evYdpDXf6_hYfnNf3tUf21SrKx,3,1,"헤헤 드디어 돈까스를 먹는거에요! 리포와 같이!
(한입 뒤) 이딴건 돈까스가 아니다 죽여주마 온리리온","https://yt3.ggpht.com/XRCY993LDjuF9DqAacSGT_aeybt0NdiHYitmmHCx4wh_zZDDH07irX6ti1n3eZv7sr8FhLojffiQGMQ=s0
https://yt3.ggpht.com/fIjqp1A9R3xr9k9vOQAZhZ42W1f-iC8XELeHPvFlgi2vObXNh3uT6v3YHv2jjPWX2o_q1Jc6uyFLqq0=s0
https://yt3.ggpht.com/-55T1IWRw3uQmAjDffbqSlRlvtPKgLjAh69wPbri3TZs6AiNTwSGN4kcIC94r5zbEyWnhQASE_k1k4c=s0",3
마리사랑단,https://yt3.googleusercontent.com/GllUzNYohgivBjdzxF3AHFjKYOKlDAxcPwzJGCHjDJKLm396fxWx2QDveqj_GVm0OX5UB2iArLA=s0,2026-04-29 23:01:57,1개월 전,https://www.youtube.com/post/UgkxudW_RAIdVZ5vyoKl8f8ooRJGOXsJlsHc,15,3,SD로 그려본 리포,https://yt3.ggpht.com/dOYtJ6FOngCM7GSB0-sC_QLLNlRRn2oIYv5MRzBvFUEDsQT7J427QdQpiS1Yi7dfxZTgBtpACDJtT3g=s0,1
루포,https://yt3.googleusercontent.com/L-XO0jpjfoZyw0-33fBmLatRfca7etj9v7kcw-w4w5c4sIHWmlEbRnzSMLk04IHItbNDowTS=s0,2026-04-29 15:06:23,1개월 전,https://www.youtube.com/post/UgkxW1TNpgiSrDQUYGcCkRwnZ9hwbnKy3PPi,17,7,선만따면 완성♡,https://yt3.ggpht.com/mBgaaR3NszieNufuiaWFTShkiZsfp8fezhJcpDgrwJkbVUFBm1roEq6uo-KlSOeKsVSMRcAaT2PLbQ=s0,1
Edgalic,https://yt3.googleusercontent.com/JFEjBZp3b79yxyHFQ8F2vAhiFYz1gKVfG2Xsn68DfBk5DZlXHmtd4yponWafXqNx6vpA4xjMXtE=s0,2026-04-29 20:54:33,1개월 전,https://www.youtube.com/post/UgkxcC_MwuURWPFyPluTMwdYOoNsXy4NE9yo,6,1,오늘은 이태리 음식,"https://yt3.ggpht.com/1EpY8as-onMT0y7Gdf2bczCTiGV1z0Oz3zwKu9-J1TfQLnty8pT07WFhZfeWy_a9uhfyEPi-7lKZtQ=s0
https://yt3.ggpht.com/LSMWGbaoOrUoYAfnoPfCW5E5xM6YAg0UtSasHwy61imAUNkqDTqYhANcBLmePTTihLmKXxEAul_h=s0",2
온리리온 2호점,https://yt3.googleusercontent.com/jlIhMicbFwdmtEkjkNHgxHZUiEBDWpoSITR1McD7DLbviDYWMkJ2gxlwW634wrMOhFKxV7806U0=s0,2026-04-29 20:47:25,1개월 전,https://www.youtube.com/post/UgkxrhcfPY9wwlI7SppP5Uc410cthn3-ziDz,30,7,"오늘 10시 ~ 11시쯤
디진다 주농 돈까스 먹방",https://yt3.ggpht.com/lx2G0V5DQqpuh7XyCUzaiM7ebuHs3x-FkYNuXmqXS6p0ZLzcD73YrN_naFc5jvR1kHsM08V6CZr2=s0,1
온리리온 비밀지점,https://yt3.googleusercontent.com/PadAE7-CoLtyyLKTdk8exebQ3UPWZtjz_elHLUFDWCGtWMNV1_dBxzCuJ1rWwTc06_f_CYzDrg=s0,2026-04-29 17:17:02,1개월 전,https://www.youtube.com/post/UgkxKoGNbpe2h3n8BdkBhSBXSRYckBt_E_zR,3,7,"커뮤니티에 버그가있어요

댓글쓰면 다른게시물에 댓글이달려요

주인장 빨리 고쳐주세요",,0
루포,https://yt3.googleusercontent.com/L-XO0jpjfoZyw0-33fBmLatRfca7etj9v7kcw-w4w5c4sIHWmlEbRnzSMLk04IHItbNDowTS=s0,2026-04-29 12:18:14,1개월 전,https://www.youtube.com/post/Ugkx4shGg2qJsykLU3AA6-G26xZRQFl_KC3y,10,2,붸에~♡,https://yt3.ggpht.com/ERHkB7aG1FVYUnmQElms1KhlMF7ep4fzW7SBeZtPnQkogVW-aI17zS_7ZAw3KFGud20Wc-KHMCnx=s0,1
루포,https://yt3.googleusercontent.com/L-XO0jpjfoZyw0-33fBmLatRfca7etj9v7kcw-w4w5c4sIHWmlEbRnzSMLk04IHItbNDowTS=s0,2026-04-29 12:17:56,1개월 전,https://www.youtube.com/post/Ugkx7yWp5HPKHBa5h3vBGOpAsBr17Uufk777,9,3,어흐♡♂️어흐♡♂️,https://yt3.ggpht.com/vkfV-9eKJc3SQEPQ1xaKNCiUC5PfvEZmf63pLsxhVZC7xsnaW_NFPzeyjzB_-gOLCJMpp8ck-Gvx=s0,1
Edgalic,https://yt3.googleusercontent.com/JFEjBZp3b79yxyHFQ8F2vAhiFYz1gKVfG2Xsn68DfBk5DZlXHmtd4yponWafXqNx6vpA4xjMXtE=s0,2026-04-28 11:24:49,1개월 전,https://www.youtube.com/post/Ugkx5sr8DUwziAVzVzINhEYpu0Sy1Po1IJGg,6,6,"우리가 질투나는 이유?
인간의 신체의 구성 물 질 의 6~70%는 '물'이라고 했다 그러니 나머지 3~40%는 '질'이다. 그러므로 '질'투가 날수밖에 없다! 반박시 온리리온 질투나",,0
루포,https://yt3.googleusercontent.com/L-XO0jpjfoZyw0-33fBmLatRfca7etj9v7kcw-w4w5c4sIHWmlEbRnzSMLk04IHItbNDowTS=s0,2026-04-28 14:42:23,1개월 전(수정됨),https://www.youtube.com/post/UgkxR_DXMdNj3H5bDGUzVU_Of_oa5jL572Ej,5,2,☆저퀄 주의☆ 리포(지하철 안에서 심심해서 볼팬한자루있길래 낙서 해봤어♡ 누구는 운전하면서 그리는데 어케한거지....질투나...!),https://yt3.ggpht.com/sdpE4u6PcdsoYjXUHmhL6NNh5v-FvnCydjks99bqmPs2IZqNLBLLXHyMPUNA1bqa4yg-gKyuGYrMRSE=s0,1
온리리온 2호점,https://yt3.googleusercontent.com/jlIhMicbFwdmtEkjkNHgxHZUiEBDWpoSITR1McD7DLbviDYWMkJ2gxlwW634wrMOhFKxV7806U0=s0,2026-04-28 14:10:45,1개월 전,https://www.youtube.com/post/Ugkxlj9-QWkFwfeLej9j5PsC1CAs_Fo7ZUIH,52,10,"저퀄낙서


달리는 차안에서 그리는건 생각보다 어렵네요


그리고 리포 그리기 왜이리 힘듬;;


팬아트 그려주시는분들 항상 너무 감사합니다","https://yt3.ggpht.com/O8x1m9s3a3wrMYHVcidiA2Yh_NX7Ikfv4Y3JGl1yXkZMweWOQsraF_KKEGWo7cKrs7l2OuPL1Uh7=s0
https://yt3.ggpht.com/fCRMu7szpKHQwO6pDVxqO4leNrewm4t965JW75OhdGc-ZRigWgeYn7dUG1-GcpHQTntq3IIO62Bvg4k=s0
https://yt3.ggpht.com/kiiaGq7oem_GFxHStIRgkKx2hJ6h4PKfJUWUjEp_IyjTZmEZsV6rbhHqHcyKZdEgk6xgkRyLC-EWUg=s0
https://yt3.ggpht.com/m5WkiUy-o0P6KqDGAh-nwS7V0N_7TYjxmK2DGJaUGdzFnCapAWQPNNvF7gkusyFtsWIcLkF8ogf9Wg=s0",4
온리리온 2호점,https://yt3.googleusercontent.com/jlIhMicbFwdmtEkjkNHgxHZUiEBDWpoSITR1McD7DLbviDYWMkJ2gxlwW634wrMOhFKxV7806U0=s0,2026-04-28 11:18:55,1개월 전,https://www.youtube.com/post/UgkxoMcb1SU2-z58QUL8L86nmz1pPZOKHOtE,14,6,"오늘은 휴방이에오

내일은 돈까스 먹을스도있고 담날 먹을수도있어요
로네 돈까스 아니고 주농 돈까스

기분이 묘하게 묘하네요",,0
외않되?,https://yt3.googleusercontent.com/45ctuo-EVYibovmu3AiutbEGj6I-VPf4QLhZMYiTWj5ROKuqlHHx2vnNjw7NHafQfIUPEmnsLBE=s0,2026-04-27 22:24:29,1개월 전,https://www.youtube.com/post/UgkxoHixtcTRRldtu4vrLwVJrmnmgYD2q3qT,9,3,잠이 덜 깬 주인장,https://yt3.ggpht.com/YQYBZ2Vo6bVepMtatbA1zXgkkD4JfBShMXYZP9xLpqERwbyrcwZUPoIdr4L8RP0KeHb2Wsh3HC0V-Xo=s0,1
루포,https://yt3.googleusercontent.com/L-XO0jpjfoZyw0-33fBmLatRfca7etj9v7kcw-w4w5c4sIHWmlEbRnzSMLk04IHItbNDowTS=s0,2026-04-27 20:30:05,1개월 전,https://www.youtube.com/post/UgkxbSdOeCSnb5oGdWqejqBsKbKNvxtLDR7b,13,6,슈가송과 비터스텝 온순이&맨두몬,"https://yt3.ggpht.com/3pya50V6zgr8IJHlCCXEUpWQESpsebiCy7Ikh_3tqkZ8lsoH0h_rqTfM3sJaXvc5yP7RdgL3Hr-jSg=s0
https://yt3.ggpht.com/pho4WQA1_BlOB_IJcwupCyyk6SFc07bmAXTmXLqp89M1EoOIDPDvkt42g0w313RWhov0Msoqn2-Gu2U=s0",2
코노 히스클리프다,https://yt3.googleusercontent.com/MTy3Vepc-RhRgFUGFsYMZvStd_w5f6qLqxLwe2qHsswm6s-L_S5Qz3nPtZow4llar4ynfD189Yk=s0,2026-04-27 08:46:26,1개월 전(수정됨),https://www.youtube.com/post/UgkxAB6Ko2xJFjKc_JG-Jhs0UZD36B5uUL1b,16,1,어음...... 이거 사고 적자 됬네.......,https://yt3.ggpht.com/Tp-f5OvGHTZAk84vDxlqwfCnlKWn0jYFLLUK_F1vloCV1Gi1vu6SRpOnutbOTP2QOU5eZ3AYTA9G4Q=s0,1
Spppparrot,https://yt3.googleusercontent.com/ytc/AIdro_l_cdb12iEvfbconWqKW89iqSh69jL-NdmjZIuXCkr9Yg3iLzKFdf8SG32lYrR3AmrM9A=s0,2026-04-26 21:17:51,1개월 전,https://www.youtube.com/post/UgkxqYaLisflIeJKEwPQVfIPAGcnx9oCYj1Y,5,2,'못생겼군...가엽게도...'  라고 생각하는 표정,https://yt3.ggpht.com/ZfdPZtThl1Ejph52eS6LseYqUHAOnRRQZnzRd7fH__mRHMlmvKYo3zh7j588cDeDPLW5XWKec_B67Q=s0,1
Edgalic,https://yt3.googleusercontent.com/JFEjBZp3b79yxyHFQ8F2vAhiFYz1gKVfG2Xsn68DfBk5DZlXHmtd4yponWafXqNx6vpA4xjMXtE=s0,2026-04-26 13:27:00,1개월 전,https://www.youtube.com/post/UgkxUKqaQYvW10T2mts6sEtM-98MB_IGRD9B,7,2,오늘 먹었음,https://yt3.ggpht.com/Y9WbiM5UE2LDXnL4glyfs-e4gG_YXcsjbxROrVz9vISE9D8owmt3kZbmcuFF412tKk8TG5E1EyMbRA=s0,1
레몬좍,https://yt3.googleusercontent.com/IMTQD9ZbrrqrEH-Tqo9d072VnIhiTj_xCnDS41ovLnwSqKaMPK3fdy25MbusxXpNDEiA5rMNuA=s0,2026-04-26 20:05:46,1개월 전,https://www.youtube.com/post/Ugkxmjztu5Wm2iXZxDaaOYBzWaahLqfYxBZf,17,4,"순간 포착의 악마
대 리 리 온",https://yt3.ggpht.com/JVLyaUHjAiv17opUZ7y6t1DP9dG2KnYoD5p16IfcGPHOE2lKiRd79eAfuvNgGtPQLzAEzUMuQ8Jdw5k=s0,1
외않되?,https://yt3.googleusercontent.com/45ctuo-EVYibovmu3AiutbEGj6I-VPf4QLhZMYiTWj5ROKuqlHHx2vnNjw7NHafQfIUPEmnsLBE=s0,2026-04-26 20:00:23,1개월 전,https://www.youtube.com/post/UgkxefACx9SfnBaLPTCToLUILQDbek3yJ1nV,7,1,"안타깝게도 ㅗ 하나 잘랐더니 비율이 안되네요

잘라서 쓰시지요",https://yt3.ggpht.com/kLZWZi1lKbI9YWlmKL4nxwy4D7flzxSPWu5qnl-9lGKBDfMEZfErLqE9XpBM3HcjoXy_1-WIyw85OA=s0,1
레몬좍,https://yt3.googleusercontent.com/IMTQD9ZbrrqrEH-Tqo9d072VnIhiTj_xCnDS41ovLnwSqKaMPK3fdy25MbusxXpNDEiA5rMNuA=s0,2026-04-26 19:27:03,1개월 전,https://www.youtube.com/post/UgkxO7QOwLW45uvRNzK7Fl2PDLKDTM7NY6vz,11,3,천년에 한번 나오는 표정 (온리리온 라이브 방송),https://yt3.ggpht.com/l9W_x9RlE-vwHZdJEEd8l3IGScagGMsdBt4bwzr18faVs-OlaQdO_aHpOsTl52RbcEkbkvhrLNos7ss=s0,1
카노,https://yt3.googleusercontent.com/nQ5VrMdOVG8uTxVQ70uu9TWVl9NzftA5DQSWDBPfC0hmlu5jQgI45vq8fg5dh_yxlgPog6LJLQ=s0,2026-04-26 18:30:46,1개월 전,https://www.youtube.com/post/UgkxD7aS-4vCrg-7vz4NEjBWIzfwQhEPyYaP,0,1,,"https://yt3.ggpht.com/QOCaJjH-pO9_YQU36dKNB2cIst43Cb_51sbmuLCSMf-eHRdqLhIi24aMVt_isy6Lg4_AdYasuxH9ig=s0
https://yt3.ggpht.com/bSGqiq5HoeNdsLIhmk_dQ_lu_jPQQE4sRNZKQH8qRbDJKLwSM2rdrhYRmvJSmeR6l66BDT_Hf_Ay=s0
https://yt3.ggpht.com/uKyeUQ6PRr4OIJkON1-CPyPNjmFhqEqJx7Ww9Z0ARwuq9bCP7BlY0luqxP3u4n1sFyPgC4N-tKFE=s0
https://yt3.ggpht.com/mcb6J7Mz2CLxPo0xc8jgNgaWMtFrFC6PmsKQTYJwARKVqT9xfgYi55Ph8eD_1Tl96WLLOiQSS6aMEQ=s0",4
카노,https://yt3.googleusercontent.com/nQ5VrMdOVG8uTxVQ70uu9TWVl9NzftA5DQSWDBPfC0hmlu5jQgI45vq8fg5dh_yxlgPog6LJLQ=s0,2026-04-26 17:10:05,1개월 전,https://www.youtube.com/post/UgkxeaFZv11JTCwOZecJpHVi5NLiRAtb08Jy,0,1,,"https://yt3.ggpht.com/5c7ES8ZpZgBTmlIhApaZE7eKxwkC83KnG-3aibD6jMbGhq5cmt7PoXSAaGmhEgimPuOrmcgCdowc8A=s0
https://yt3.ggpht.com/WXFitFtbBqFaJ2060MnzfPCej0xZ7DIS_UFtKUOfLKydJxVc424gMiH0-UA24flAKwabcfWrN_UwDg=s0
https://yt3.ggpht.com/jBeZHlB-lhhSPMws25xymHS1BvZloVmxi8B_KJaLyu1uRLWi6Q8a5nAaWUMNxtlplFcn32lREXq-=s0
https://yt3.ggpht.com/Tha19pX6Pde-fYe1bf_n5HMrzYGGD8dQOUUTLTlk2AXvtjPe2uv5V70JFT4FjoZvSa16gGf-Lv_R=s0",4
카노,https://yt3.googleusercontent.com/nQ5VrMdOVG8uTxVQ70uu9TWVl9NzftA5DQSWDBPfC0hmlu5jQgI45vq8fg5dh_yxlgPog6LJLQ=s0,2026-04-26 13:20:36,1개월 전,https://www.youtube.com/post/UgkxFAZelSp5L6sm7iuJJFcYXBx6hid4Fk-a,0,1,,"https://yt3.ggpht.com/kAtHOU9Nc_VpCm69FnI-_QuR_TY0kN61QeZ0LGoUm_B5RYYL4vDa3FhPGTftEXihvCrqlZr9y0c-=s0
https://yt3.ggpht.com/08RwgLr7129r7cKxjdtoMjbaJB_VjjqX7gEUeU6NhGXg0XG7SPbS6pzBEb8ReN96dW5wra79RzbM=s0",2
루포,https://yt3.googleusercontent.com/L-XO0jpjfoZyw0-33fBmLatRfca7etj9v7kcw-w4w5c4sIHWmlEbRnzSMLk04IHItbNDowTS=s0,2026-04-26 09:49:55,1개월 전,https://www.youtube.com/post/Ugkxr9oMp6S2JL0JNaICgQ-QAFXd_gZnR71I,4,1,야추♂️어흐♡♂️어흐♡♂️,https://yt3.ggpht.com/JG9Y0fl0-aC5I1VfIOZ7GNNB8WBQ3R34k2kln7C-IRAS6LvE7RoINljWZMEFYaJGmoAroZKHM97O=s0,1
외않되?,https://yt3.googleusercontent.com/45ctuo-EVYibovmu3AiutbEGj6I-VPf4QLhZMYiTWj5ROKuqlHHx2vnNjw7NHafQfIUPEmnsLBE=s0,2026-04-26 01:34:31,1개월 전,https://www.youtube.com/post/UgkxmFTFDhEpqm6Vn6sRK06-FeyLmJxt4J2D,21,2,아니 ㅇㄱㅈㅉㅇㅇ??,https://yt3.ggpht.com/Giv_154PJHbRV9VDsIBFA0DLafnaGAohjHMgw_WqNcFsPmemB7bCR0Us-LVTH1cL7rcNAQck388R=s0,1
카노,https://yt3.googleusercontent.com/nQ5VrMdOVG8uTxVQ70uu9TWVl9NzftA5DQSWDBPfC0hmlu5jQgI45vq8fg5dh_yxlgPog6LJLQ=s0,2026-04-26 01:26:30,1개월 전,https://www.youtube.com/post/Ugkx-VFef--WRXBSN3diYdDWWF2hJKzZqiUA,0,1,,"https://yt3.ggpht.com/qGGaiBvt55Gsda3UqK-WNFKPkF8Td2ji_s--UJvs-5QUdDNPDyLcV7ubA8cqTOl92hpkM753GlaQvg=s0
https://yt3.ggpht.com/bNblB6MYfgFFA0zi_b2NItMQk1UcJOYAw1gqupFyE2JLBRg12FMuXJJ52H_Xo3Ah8J2ks_UnIarm=s0",2
짱킹갓존재,https://yt3.googleusercontent.com/IfbNPAwousNx1zo1l9h2fAsI3j4GZgywRQSJAoHI03Ia75dMCiYV8unQOpSeds2DOsSL_OJWqw=s0,2026-04-26 01:15:35,1개월 전,https://www.youtube.com/post/UgkxdeQW5GqEoRayXIqzObSJq1Mf7wNv-Iz0,0,1,음 에피드도 날 보고있었나? 내가 하는짓이 자낰 ㅋㅋㅋㅋㅋㅋ,https://yt3.ggpht.com/0j14Bi5qvcR0MCAY7M4IvtfFggOe0ENnCm_WYXo_Sa4QvH8BQr1Jj0GVlahodu9FlzmpdCK9EU9gNYo=s0,1
카노,https://yt3.googleusercontent.com/nQ5VrMdOVG8uTxVQ70uu9TWVl9NzftA5DQSWDBPfC0hmlu5jQgI45vq8fg5dh_yxlgPog6LJLQ=s0,2026-04-25 22:49:38,1개월 전,https://www.youtube.com/post/Ugkxg8uEq3NbuZn8j15iLlceF8yKhCWml7xW,2,1,침략 왕사탕 없이 쌉가능인데...?,"https://yt3.ggpht.com/JZZuHZqi0kqVsauYeCSHld3QrXTJ_jOoAjVjDqsb2gBc8GuVU1IXatuylTWJkiblxmblluw56IkMsg=s0
https://yt3.ggpht.com/arGC2WyZHQZH3hIY6amHyDRc69qaJ6t04pVAoa0n8SMBbqK6gdFqH95Pjgkm6FXcOc9gJFZq5qyMKQ=s0",2
카노,https://yt3.googleusercontent.com/nQ5VrMdOVG8uTxVQ70uu9TWVl9NzftA5DQSWDBPfC0hmlu5jQgI45vq8fg5dh_yxlgPog6LJLQ=s0,2026-04-25 22:41:40,1개월 전,https://www.youtube.com/post/UgkxsgmdI7KdsRp3NFTxsUxhutdAgu6qwu_g,0,2,어흐흐어,https://yt3.ggpht.com/5mnfpggi40OWjyPGBlz4tUzvTGJZVMR19ykBtoHFT3viN9Usmy330G_A4cvYDqLTLL5MG69vu3RA=s0,1
루포,https://yt3.googleusercontent.com/L-XO0jpjfoZyw0-33fBmLatRfca7etj9v7kcw-w4w5c4sIHWmlEbRnzSMLk04IHItbNDowTS=s0,2026-04-25 17:39:09,1개월 전,https://www.youtube.com/post/UgkxSw1wnUAqbE3qaWTh-g1ah1nHX3OPttHp,10,2,게쟌니~♡,https://yt3.ggpht.com/i2z6J44-5zxGM1ybkH5ZOhJHmeDq_DFsq2d9eKmI0JhiDT1kJB6dNVvWSyAaB_rAandWU4C0XWw1=s0,1
와쿠와쿠 프린세스,https://yt3.googleusercontent.com/v-k6Fkgv_nHs-fYbrByeX65pWKqKdkeAkj8hQCa156_RsufyTeAdLVDcdzuQrUy1DHWKjatp=s0,2026-04-25 17:03:51,1개월 전(수정됨),https://www.youtube.com/post/Ugkxua9PPyBpMOMsAFhAyzR9_poCyBtuoMBm,15,4,오늘 합방 하셨다면 이런 모습이였겠지,https://yt3.ggpht.com/HvgTKauJtnpBzL1nZjlEyvoFupxSEJ0tCweQzUBHOjbZ_rot2W5HuhOoyClHLjEqX2AyFA4JAyWs-OQ=s0,1
Edgalic,https://yt3.googleusercontent.com/JFEjBZp3b79yxyHFQ8F2vAhiFYz1gKVfG2Xsn68DfBk5DZlXHmtd4yponWafXqNx6vpA4xjMXtE=s0,2026-04-25 16:16:33,1개월 전,https://www.youtube.com/post/Ugkx4zREuA1pERBgd32U2D1aeev4KGoGM0hJ,5,1,"이미 반절정도 먹은 호박전,버섯전",https://yt3.ggpht.com/Kh1AcSjWtftxy5c4jZg2nggiTwvrmGOoHWaajVsF8phVu_iBNRt93Iqi1-a8rpRqffMsJDK_X9w5hsM=s0,1
빙랑,https://yt3.googleusercontent.com/o391pQURrVGFpC60fl82wVRKcdmFBpkxnOeop8s0QiL6Ud7a_2icekn6b0HWQvZASdGZv_SG=s0,2026-04-25 15:02:26,1개월 전,https://www.youtube.com/post/Ugkxis9UhCCZZbQAye7I3kPbsrhclcWkDdp8,4,2,"온리입니다
말 그대로 리온의 두 퍼스널 컬러를
뒤집어 만들어 보았습니다
저는 편집 실력이 좋지 않기에
이정도 퀄리티가 나왔습니다
능력자분들이 많이 계시니 만들어 주시겠죠...?","https://yt3.ggpht.com/P2XXIwHb3YURmJjlox6erUrnZt11Bn7_zntM1L1rZAa1TXL0gEqywHke7uoYGXPPcWihrDH-O2KT=s0
https://yt3.ggpht.com/yDQGbGznq0ITlblQBSfTCNdi9j18KJGy5V3tUF73G3kfVGpNaN5BfJT_0pyL1Tfl1Jx1fpu9hHpBOw=s0",2
레몬좍,https://yt3.googleusercontent.com/IMTQD9ZbrrqrEH-Tqo9d072VnIhiTj_xCnDS41ovLnwSqKaMPK3fdy25MbusxXpNDEiA5rMNuA=s0,2026-04-25 12:23:04,1개월 전,https://www.youtube.com/post/UgkxkhMaMyaeFw4Prh8RRUKsEUXfVFLJMdiL,2,1,늦네에...,https://yt3.ggpht.com/RnAmad_qwn_Uw7HWXvFRwHOk7bd9CpQBU38kaIGBQjKsQSUmdAOzR5r23tFQtOb97h9NEF01JfWL69o=s0,1
와쿠와쿠 프린세스,https://yt3.googleusercontent.com/v-k6Fkgv_nHs-fYbrByeX65pWKqKdkeAkj8hQCa156_RsufyTeAdLVDcdzuQrUy1DHWKjatp=s0,2026-04-25 12:12:08,1개월 전,https://www.youtube.com/post/UgkxU2SiVAzSzliO1cyMPDbSLPBMZ5pog932,29,2,오늘 노래 감상하고 나서 내 감정.jpg,https://yt3.ggpht.com/8EBbtE5ZA4xJ7F1FzlIiv4qH0GF31QP8jCeQsBlBS3pSCc-0ukOFRR4ge4SaADhvMh3kDLMvDeHVgg=s0,1
온리리온 2호점,https://yt3.googleusercontent.com/jlIhMicbFwdmtEkjkNHgxHZUiEBDWpoSITR1McD7DLbviDYWMkJ2gxlwW634wrMOhFKxV7806U0=s0,2026-04-25 09:14:59,1개월 전,https://www.youtube.com/post/UgkxsNgM6TSSswq5lc75Nqc6fqfd65uXi9TM,15,17,"오늘 12시에 라이브 노래방송 합니다
노래 못부르고요 (억빠단도 인정한 사실)
트릭컬 노래도 별로 안부를거고요
암튼 오지마세요 제발",,0
온리리온 비밀지점,https://yt3.googleusercontent.com/PadAE7-CoLtyyLKTdk8exebQ3UPWZtjz_elHLUFDWCGtWMNV1_dBxzCuJ1rWwTc06_f_CYzDrg=s0,2026-04-25 01:47:24,1개월 전,https://www.youtube.com/post/Ugkx5beMNLXJirVVT32ihRA01IDxs_ZNjtrO,5,1,맨다몬(임시),"https://yt3.ggpht.com/fdAEZVNO5yZdyVS4pK2kqpgAqEzoVUN_JYClS67Gn2OQyiuvOXqZCuk0tShUKjSpEubnPjls1pXFOQ=s0
https://yt3.ggpht.com/xs5UmtRSf6pco6Ly1TJ133vM6e4dhvP1f-s7S_Hkw7kMNv4wKrpx7asoZ0M0_HZ0h6YphLGNiv91CA=s0",2
토게의 팬텀퍼레이드 생활,https://yt3.googleusercontent.com/xqWSRg0zOx6oXwJ1Lo1BGqWewPErjQbQcLPo3dnPMzUI9WLPeHi5xKvtRHaWXGCM07Vd42rB2g=s0,2026-04-24 23:19:41,1개월 전,https://www.youtube.com/post/UgkxHJ9C3bbRSnTBuBkoK1E4lir3d0HrAI21,2,1,갑자기 토게의 봄이 ㄷㄷ,"https://yt3.ggpht.com/pYL8blZqnDGc617abTx96hVoMHq9_5AsTMsAH-WIiJkU7C-z-9BzRnq0EvthfNZFVWsETujq3_AXAw=s0
https://yt3.ggpht.com/WXcB_Dnjm5MiTo4Xt5uJ9zOSHg-eyxMioglYtsk_sEU9t3lWKAXMFZAdt7FQF9CREfXBuGV51IAAlq0=s0
https://yt3.ggpht.com/nw9K6LbQozOhgAX_i0VgEEQk5XPqrTO7aL2SfTXlbgM8OolXZKs3RLarg4zzgnjGfqjSKqhMlJ7b=s0
https://yt3.ggpht.com/RgGmHqLhmXOt3pFLvF5R5pSxvwS1tjYQLKZLivtFKttREvChFna92SaMTaxPJ81-fOG5G9NLf26S2g=s0
https://yt3.ggpht.com/zrH7C1259NIo1mnY3yKQlWbXbGZo_vkhtuq4rwFTDftGGM1zWUcW4BgoMSu4ibGXrToOfJbrqql8AQ=s0
https://yt3.ggpht.com/rdX3WmvHkpZcforlPvuoWku0zixOn07ajAZdFBg7lBJrvPfipP8CNOLoN7qjyDyLwepBm7pkiprL=s0
https://yt3.ggpht.com/9oLZCJaMMDAyXekEJ7P25YjK2DNDT4Lf8Yg3LEH1HtcOkPV3DJ0k0rQGPtq1CnUeTdq7xBajIC95og=s0
https://yt3.ggpht.com/X0x5CfOWdvPYuG9lJv6N5iaD7xXNy7QQDl4Ods4SfyDFqjak9kc-XwWkO0V7_YdRgv9jZcNas8isQA=s0",8
코노 히스클리프다,https://yt3.googleusercontent.com/MTy3Vepc-RhRgFUGFsYMZvStd_w5f6qLqxLwe2qHsswm6s-L_S5Qz3nPtZow4llar4ynfD189Yk=s0,2026-04-24 08:11:43,1개월 전,https://www.youtube.com/post/UgkxrhO8mQAjnDhKw7QxNeYgLbHLekXQx0Fv,22,5,더 이상 사복 살 돈이 없어,"https://yt3.ggpht.com/M-9i0VT1uzQ5UYKqrt2i9W_E5IhOnQLqoOMcX0P_KarRBMBIf6rqzReo7d2j53fgsaMxq4BSnc71=s0
https://yt3.ggpht.com/bdEXr9AH17qDzkNrcx97pu8EeSCA38y5CDtJP45RzemodBIyx5T-2TONF-Q13bCUS5372g6ENZdV=s0",2
토게의 팬텀퍼레이드 생활,https://yt3.googleusercontent.com/xqWSRg0zOx6oXwJ1Lo1BGqWewPErjQbQcLPo3dnPMzUI9WLPeHi5xKvtRHaWXGCM07Vd42rB2g=s0,2026-04-23 21:47:19,1개월 전,https://www.youtube.com/post/UgkxwXfHSYF5xB3IQEzpIccJz40pOgyPDVLY,0,1,썸네일 추천좀(옾쳇에서 투표한 결과랑 비슷하면 내가 원하는 대로),"https://yt3.ggpht.com/jRNNYJYOVTWbhlrSy8JZJSGfGxo3oQtFauuGbETbtoLylf8aA-Hm4typwlN_xEoLh_u5o4s6vSir=s0
https://yt3.ggpht.com/KioDagU8IEYfp8JxV0i1F7NkIjs-YCqY2BmiaCihGjuOdrVFhtQsrxw-eTOS6_xXydp6Wc9pTp9aTw=s0",2
레몬좍,https://yt3.googleusercontent.com/IMTQD9ZbrrqrEH-Tqo9d072VnIhiTj_xCnDS41ovLnwSqKaMPK3fdy25MbusxXpNDEiA5rMNuA=s0,2026-04-22 16:13:31,1개월 전,https://www.youtube.com/post/UgkxpHhTmFVR6OP4bXyepRomO1YTp19eLMbY,121,10,내일 업뎃하는 테극 요약,https://yt3.ggpht.com/4Qj8oTCk_C24I5o9vaXRecpd6FyPbax0gtQaOua6CVs_zh3Oh5wJrJb3qOswYLo2hrgazEG6AQaS=s0,1
온리리온 비밀지점,https://yt3.googleusercontent.com/PadAE7-CoLtyyLKTdk8exebQ3UPWZtjz_elHLUFDWCGtWMNV1_dBxzCuJ1rWwTc06_f_CYzDrg=s0,2026-04-22 22:27:53,1개월 전,https://www.youtube.com/post/UgkxY1BpjZOBXleh6-l7zyRJpghlo9H8RFNG,3,5,4대주령팟,https://yt3.ggpht.com/WXSNfoqFQDbDQLPnYapL3lWqtaMh8I1Felml2qVcYuT2gfiQqwQfHDN9z9bZ6Qaaqx_gXN82Jh64=s0,1
순수맘 급행마니아♧,https://yt3.googleusercontent.com/oUN8KasRZn4dZGoXgt0nEVrNZ1qUiC1EhAO8f8-mbTRoI3Bq4ryzGLvmd2ttSbIVlSt-qBsS=s0,2026-04-22 14:24:30,1개월 전,https://www.youtube.com/post/Ugkx_jcRFme96Z4zWK30QoswB4IoN6MV-viq,18,12,리슝좍을 변기에 넣고서 내려!!!!,https://yt3.ggpht.com/8Kw1T7SsvLwkTWAy3D3uDUJqjpZuTMNUFrKYYBhXzMoeo0jzwL7SI08chMqc_nEUfl13pVj8g2NvYg=s0,1
루포,https://yt3.googleusercontent.com/L-XO0jpjfoZyw0-33fBmLatRfca7etj9v7kcw-w4w5c4sIHWmlEbRnzSMLk04IHItbNDowTS=s0,2026-04-21 19:02:09,1개월 전(수정됨),https://www.youtube.com/post/Ugkx-kSwxI1hL9I9cj7l4Fqr52VhsytGYTk9,8,4,손은 다풀렸으니 다음은 트릭컬로 그려야지..♡,https://yt3.ggpht.com/z2oNhMowjz3nhT7rLZiojfU9AYL6oHWzE5mLXKZji53rxswn5fGNGWnx272Bxja-ZOIRhEBjzmUUCw=s0,1
왓다옴,https://yt3.googleusercontent.com/lIVXDjDhmiliiSLdEhB8xyPKiwJYgpZl9jYsUpy-dkKULUylKCXLbvAgkWYVMD9H4_PmYylnefw=s0,2026-04-20 17:31:50,1개월 전(수정됨),https://www.youtube.com/post/UgkxgWHY1EUE6u3fdnlWmsNYRvBMzvU8nM9b,14,3,"<사과문 전문>





오늘 방송을 보고 불편함을 느끼셨을 시청자분들과 타 방송인분들께 진심으로 사과드립니다.

무엇보다도 온리리온 님께 가장 먼저 죄송하다는 말씀을 드리고 싶습니다.

처음에는 단순한 WWE식의 장난으로 시작한 일이었지만, 제 행동으로 인해 상황이 UFC처럼 과열되어 버렸습니다. 그 과정에서 화목했던 방송 분위기까지 망쳐버리게 되어 면목이 없습니다.

충분히 제가 적절한 선에서 마무리할 수 있었던 상황임에도 불구하고, 저의 부주의하고 감정적으로 미성숙한 태도로, 많은 분들께 불편을 드리고 피해를 끼쳤습니다.

리온님의 방송이나 콘텐츠 진행 방식에 대해 제가 불만을 갖거나, 의도적으로 쥐고 방향을 유도하려는 생각은 전혀 없었습니다. 그것은 지극히 개인 방송에서의 방송인의 자유인 것이고, 또 그런 점이 온리리온 방송의 매력이자 재미 중 하나라고 생각합니다. 이 부분에 대해서는 부디 오해가 없으셨으면 해서 주제 넘게 언급 드립니다.

앞서 말씀드린 것처럼, 평소처럼 가볍게 장난을 치려는 의도로 시작한 것이었지만, 그 과정에서 저의 소통이 매우 부족했고 적절히 끝맺음을 맺지 못한 채로 미숙하게 대응했습니다. 그로 인해 방송 분위기를 더 이상해지게 만들어버린 것 같습니다.

그러나 이는 저의 개인적인 부분인 것이고, 결과적으로는 이로 인해, 시청자 한 명이 방송 전체 분위기를 쥐고 흔들어버리는 상황까지 초래하고 말았습니다.

그동안 리온님의 방송을 보며, 방장님과 다른 시청자분들과 실없는 채팅을 치며 소통하는 것이 즐거웠습니다. 그것에 익숙해진 나머지, 안일한 생각으로 접근했던 것 같습니다.

혹여나 저로 인해 생겼던 문제 때문에, 앞으로 방송의 분위기 등 여러 부분이 전보다 경직되지는 않을지 걱정됩니다.

이번 일을 계기로 제 행동과 잘못을 깊이 반성하고 돌아보는 시간을 갖겠습니다.

앞으로는 뒤에서 조용하게나마 리온님과 다른 분들을 응원하는 시청자로 남겠습니다.

다시 한번 리온님과 불편함을 느끼셨을 모든 분들께 진심으로 사과드립니다.

죄송합니다.

긴 글 읽어주셔서 감사합니다.

- 왓다옴 드림 -",,0
외않되?,https://yt3.googleusercontent.com/45ctuo-EVYibovmu3AiutbEGj6I-VPf4QLhZMYiTWj5ROKuqlHHx2vnNjw7NHafQfIUPEmnsLBE=s0,2026-04-20 23:24:47,1개월 전,https://www.youtube.com/post/Ugkx57wfsDfAcrwdCsptoUSya1UDIi013HsJ,11,2,무려 좀비고에 시온 더 다크불릿이 학생으로 나옴,https://yt3.ggpht.com/c21Z6Vtl1ed87dF2uEiT2Sygr7mrGX0G9EpI3h_hhpUyE0GqxKwq4Amr-Ba80z_ogXbITLcMROuMkw=s0,1
마리사랑단,https://yt3.googleusercontent.com/GllUzNYohgivBjdzxF3AHFjKYOKlDAxcPwzJGCHjDJKLm396fxWx2QDveqj_GVm0OX5UB2iArLA=s0,2026-04-20 22:30:59,1개월 전,https://www.youtube.com/post/UgkxpA5YzTbvcDwRrEI1WofYIK7wPz1OiWgh,2,1,"https://youtu.be/IX-l-CPUCek


온순이 수정본입니다
(영상은 그대로니까 상세설명만 보세요)
입모양을 좀 더 자연스럽게 수정했습니다
입모양 어렵네요",,0
토게의 팬텀퍼레이드 생활,https://yt3.googleusercontent.com/xqWSRg0zOx6oXwJ1Lo1BGqWewPErjQbQcLPo3dnPMzUI9WLPeHi5xKvtRHaWXGCM07Vd42rB2g=s0,2026-04-20 20:13:34,1개월 전,https://www.youtube.com/post/Ugkxc0Nwt0sYGB-8Yw5_fwFuyq2JllBsXQY0,0,1,아무도 토게로 안깨길래 그냥 최초로 깨버림,"https://yt3.ggpht.com/TNi7P91hLVY3ygujel3YRgQTFjmmucaXIPUTfXvUzQ0h2-V8CXQjrnrnkfg4PU1k7Nn51jk5oFbeew=s0
https://yt3.ggpht.com/jSToL9RotSQGInesuBVp2n3Qgdy1dMAb673qc9vn-r1daozipvfgKb0wQ34rLha8JVOxEJGVZsGs=s0",2
카노,https://yt3.googleusercontent.com/nQ5VrMdOVG8uTxVQ70uu9TWVl9NzftA5DQSWDBPfC0hmlu5jQgI45vq8fg5dh_yxlgPog6LJLQ=s0,2026-04-20 18:50:27,1개월 전,https://www.youtube.com/post/UgkxYBMWYJZq4u0XJghYL2J7vifocQ_xGWCF,1,2,하아....,"https://yt3.ggpht.com/BVG63VrguJfsR0FmC2JRiB_iorYDDCBkhyw9NNYBTkiR2Uc3IXWwaegJcIzs77ex23JGWRJAApaBHA=s0
https://yt3.ggpht.com/6me0-59M3fISavrCGPOtrfRqIBs-ZxjAo9w4YlBvROlhNdxGe1Kza_clRkMjIeUKG-Ls7TOuQ0lO0w=s0",2
Edgalic,https://yt3.googleusercontent.com/JFEjBZp3b79yxyHFQ8F2vAhiFYz1gKVfG2Xsn68DfBk5DZlXHmtd4yponWafXqNx6vpA4xjMXtE=s0,2026-04-19 22:46:15,1개월 전,https://www.youtube.com/post/Ugkx1xc8iebk96gy2EUnPwB2CYxTiSUxJcmf,2,2,휴방이에도 기분이 좋네요 노래방송 기대할게요,https://yt3.ggpht.com/KZpv5vBmO7DFmouB-Z2wWHbkkx_PJoO4cuXbEO6Z15oICZdKJ6EXNaA7nxbqK0e_vcGCxw5xn08nmw=s0,1
온리리온 2호점,https://yt3.googleusercontent.com/jlIhMicbFwdmtEkjkNHgxHZUiEBDWpoSITR1McD7DLbviDYWMkJ2gxlwW634wrMOhFKxV7806U0=s0,2026-04-19 10:14:52,1개월 전,https://www.youtube.com/post/Ugkx0jUe8MqAT_DnC24IA-yCt6g34osK2Y-O,71,12,"오늘은 휴방이에요임

휴방이 잦은 대신 곧 노래방송을 할거에요임
(진짜못부름)

영상은 좀만 기달려달라요임",https://yt3.ggpht.com/yEm8ZCwp_ygIFp4UWxzwj4rz9lOtsS82rHthy5-rmn-6PwXuCtRbA7xhyDnth8GnLUGTsGDwsUwaBA=s0,1
마리사랑단,https://yt3.googleusercontent.com/GllUzNYohgivBjdzxF3AHFjKYOKlDAxcPwzJGCHjDJKLm396fxWx2QDveqj_GVm0OX5UB2iArLA=s0,2026-04-19 00:47:22,1개월 전,https://www.youtube.com/post/UgkxWvb5-iYt6ejJRAi46ibmIIIrs4WBFIBq,2,3,"온순이 패치노트입니다

https://youtu.be/IX-l-CPUCek",https://yt3.ggpht.com/hsPvYhVWZtdnxcqBkUIrZoXyT5FtPMzsR4N9ZfLws7MXIeEpMswBW94p9-SU6rDaA0PHa1xKBVNDbw=s0,1
카노,https://yt3.googleusercontent.com/nQ5VrMdOVG8uTxVQ70uu9TWVl9NzftA5DQSWDBPfC0hmlu5jQgI45vq8fg5dh_yxlgPog6LJLQ=s0,2026-04-18 23:31:33,1개월 전,https://www.youtube.com/post/Ugkx-JeHFyoQUYR_EbIkeN1w5Mhu0LdjQ2hH,2,1,사제장님..들..?,https://yt3.ggpht.com/xq90kSilwFTkrJnfS_r0XIyjxSU1hxWylHJey-QnIgqTFoNz_8KRVP0o4sWOUJelaUdI6tUBN2y4-Q=s0,1
루포,https://yt3.googleusercontent.com/L-XO0jpjfoZyw0-33fBmLatRfca7etj9v7kcw-w4w5c4sIHWmlEbRnzSMLk04IHItbNDowTS=s0,2026-04-18 20:55:57,1개월 전(수정됨),https://www.youtube.com/post/Ugkxgad4g-GLF9W9Fih9Br-bQCzjp7zSiZZq,3,1,"온리리온에게 청하여라. 내가 종족들을 너의 재산으로, 땅 끝까지 너의 소유로 주리라.
너는 그들을 법봉으로 쳐부수고 옹기장이 그릇처럼 바수리라.
자 이제 수장들아, 깨달아라. 세상의 수장들아, 징계를 받아들여라.
경외하여 주님을 섬기고 떨며 온리리온의 발바닥에 입 맞추어라. 그러지 않으면 그분께서 노하시어 너희가 도중에 멸망하리니.
자칫하면 그분의 진노가 타오르기 때문이다. 행복하여라. 온리리온께 피신하는 이들 모두....애교로 무엇이든 일살 격살 결착을 내주마. 목전에 있는 휴방을 방치하고서, 무엇이 교단이며, 무엇이 티스푼이란 말인가?!",https://yt3.ggpht.com/8uZys4MKDM33Bkj1wnkLks0jtvDIS60q-u5xMquT_vJj0PrEbIMA1TbsQqP4AuuoAfc0CwOR6hAANw=s0,1
마평,https://yt3.googleusercontent.com/ygtzIRx27nE3cRLMjv_NGoiqWQ7P7spNQnGVeGR8gADfUoqzZONac_EnmAWZtQFyigpvTfEdhb8=s0,2026-04-18 04:18:19,1개월 전,https://www.youtube.com/post/Ugkx_7UDM9JFfCgh5SuHmo9I8OK1KinaF1a9,23,2,어흐 어흐 부계정 꼬라지 어흐 어흐,https://yt3.ggpht.com/1Tbr41oSzdxN5Mp7Tmz9b1v-p0MuRjkAwvA8xS-qWnoHU231gzyNlNkVgcmbINYU6Y3_MjJRWwSy=s0,1
짱킹갓존재,https://yt3.googleusercontent.com/IfbNPAwousNx1zo1l9h2fAsI3j4GZgywRQSJAoHI03Ia75dMCiYV8unQOpSeds2DOsSL_OJWqw=s0,2026-04-18 03:48:41,1개월 전,https://www.youtube.com/post/UgkxZ20dQNRlJVb9iHjUFQ5fuIlsZ1qO7m4L,2,1,24시간베니면 내일도 못치는거 아니에여?ㅋㅋㅋㅋㅋㅋ,,0
카노,https://yt3.googleusercontent.com/nQ5VrMdOVG8uTxVQ70uu9TWVl9NzftA5DQSWDBPfC0hmlu5jQgI45vq8fg5dh_yxlgPog6LJLQ=s0,2026-04-18 03:36:29,1개월 전,https://www.youtube.com/post/UgkxfKcFPJOR9nBH7Qh7w-Stx_1Y_x9JCTjQ,2,3,제 아내이자 남편이자 아내입니다,https://yt3.ggpht.com/xYVnDzVwLovOAXzZETEX8dXK1n64-rMlfqTv8MODVIVUrM9aOs_wy5myQOKy8nWrQQrV-g8Z3ug2mQ=s0,1
짱킹갓존재,https://yt3.googleusercontent.com/IfbNPAwousNx1zo1l9h2fAsI3j4GZgywRQSJAoHI03Ia75dMCiYV8unQOpSeds2DOsSL_OJWqw=s0,2026-04-18 03:32:33,1개월 전,https://www.youtube.com/post/Ugkx_BNlNqJe9p05_APdccWuu8T6kfy1d5Pn,8,2,어흐❤️,https://yt3.ggpht.com/6SqROEra9dwDyj-HNLn-GjDFJ-b-1DSXLKb6mzfpH_3FSk6cmM9AdGxwX8esU2XD_24elnY6IOk9Jg=s0,1
카노,https://yt3.googleusercontent.com/nQ5VrMdOVG8uTxVQ70uu9TWVl9NzftA5DQSWDBPfC0hmlu5jQgI45vq8fg5dh_yxlgPog6LJLQ=s0,2026-04-18 03:20:09,1개월 전,https://www.youtube.com/post/UgkxkiC6FVQzA-NnK4nSUJ-y6PrePmnUtlAx,3,2,,"https://yt3.ggpht.com/Ttvf_w-BB7M7Ur7McXRPTx49CgEUqOAd9QiG3oZU_hZK5LepOgLjysh4y0VRHsyqcFVR2eQqmdvJ=s0
https://yt3.ggpht.com/Bf5DKZoBUxffpOx85CPQnTKk-oJOSK8YzXc24co8WYzcjrTjMzbH_gG5xd66LtUnxa91APOpJ2UYTA=s0
https://yt3.ggpht.com/K7Y6Yf4_ZNxRSspHF7Tll-5czM9ZoqQK5dqnGLjmrJ1mT-l6eOW8ngBZxFZQzEdHPeHAoHB-S1sGGg=s0
https://yt3.ggpht.com/JCkMfzx35KEtxnP_oRrXNZQ-rEDlZ7PqCnGqT2pUhGq9s00xZIonQseEirnDlZHaX36nrfYbz7O63bA=s0",4
짱킹갓존재,https://yt3.googleusercontent.com/IfbNPAwousNx1zo1l9h2fAsI3j4GZgywRQSJAoHI03Ia75dMCiYV8unQOpSeds2DOsSL_OJWqw=s0,2026-04-17 18:17:24,1개월 전,https://www.youtube.com/post/UgkxLLTwJQskQ8TxMR5V4uHNRqESDZReNweo,0,2,"흐앗 시간차 올리기!!!!, 나이아는 가리기용 22","https://yt3.ggpht.com/u4UiydqH64B5LTuuRbDvCjkprQZ37qqHRo94pfv6CN7t6hvptCAK-VBA5mwtUyRX9aKxXUZsWmUbtoI=s0
https://yt3.ggpht.com/agrJ-5ydntCH74PG4VRFk46coixvbUvlwnne2qfQ1oMABjOQjzfFfaalVD-Ok06Q6YPfKZsNRnVAZQ=s0
https://yt3.ggpht.com/7dF4BKDxJZHX48WjILPp8BDZXGxCtWyhGHL3O4LEls5fWBPrDKMo4cap7V1kntx6KQTQNzXqFb4mfQ=s0",3
루포,https://yt3.googleusercontent.com/L-XO0jpjfoZyw0-33fBmLatRfca7etj9v7kcw-w4w5c4sIHWmlEbRnzSMLk04IHItbNDowTS=s0,2026-04-18 01:07:46,1개월 전,https://www.youtube.com/post/UgkxtcSFKkGtRFq1DzkSvdQGShXL1iwdh-KC,1,1,♡,https://yt3.ggpht.com/wuVjLH5C8lXFnoSdzs2tlWixmd1h2lRr1K71tTq-uXw3jQYrvuYJ5ZHjxHGbVSJvLh7w2eE_17IB_g=s0,1
우이_Ui,https://yt3.googleusercontent.com/0T9Zhhm4OTbv51-9V0ymmvsSeCblvb_BEuL6YeNbhhgUwUZQdNuDOnZSoyDe-OJNKyine6xDqg=s0,2026-04-18 01:00:17,1개월 전,https://www.youtube.com/post/UgkxwZMxMfnpId8LTDKjtb5Rqke6jpI0SMHp,0,2,"●●●●●주의●●●●●
수위가높습니다","https://yt3.ggpht.com/NdKpMHs2h2oCbU_VUfAjp0UJ7QvIWcac-rI0Ox0Nk77zTUIB8kS3_tLKG3bCJDN0VhxtPLv2r8XHc_w=s0
https://yt3.ggpht.com/WK0fK2glcMdMx2em-c3KQ2_ojkEu7P9RhUel_P_y9tOKWT8JhU4KQ542SWSG8Pm6m0uPMZsSzKeo=s0
https://yt3.ggpht.com/pFQwHsFthF0JiP4j0WWM1LOk4V3FwC10s52C0LPPxdPS4HJpjvJpKRNLX95iHGkvVkHbO3w9emg0=s0",3
루포,https://yt3.googleusercontent.com/L-XO0jpjfoZyw0-33fBmLatRfca7etj9v7kcw-w4w5c4sIHWmlEbRnzSMLk04IHItbNDowTS=s0,2026-04-18 00:59:22,1개월 전,https://www.youtube.com/post/UgkxtidAVsTVEUN_jCH07-oxVJw6oGKqO3Mj,2,1,수위?,https://yt3.ggpht.com/up-xB3t6zKKXpMNdIZ9PLhQzjuP9-otldMOAnBdkR9uC4Cb7C1yzN8AFzisF4eQj4UO67kyuXeGva0E=s0,1
짱킹갓존재,https://yt3.googleusercontent.com/IfbNPAwousNx1zo1l9h2fAsI3j4GZgywRQSJAoHI03Ia75dMCiYV8unQOpSeds2DOsSL_OJWqw=s0,2026-04-17 21:48:34,1개월 전,https://www.youtube.com/post/Ugkx5CmaTz6sXLOVF52ZQQfGSasrAW6p10op,52,3,이젠 공식꺼닷!!!,"https://yt3.ggpht.com/DB_8dgXKpyE9lkXoA4M9RU3MBCuNpLyA9Ms8QuqT_r0H6YGD2JKmeAAQkgsKPHUo1SccbqYJ6ui5kK8=s0
https://yt3.ggpht.com/t13fkU244eYSrEO3jB0Belnm7h2lxTva1lf0ScX7ptLLK9AyCd4YDDaTWmZ0KMLdt9MgkY_i8vOxLQ=s0",2
레몬좍,https://yt3.googleusercontent.com/IMTQD9ZbrrqrEH-Tqo9d072VnIhiTj_xCnDS41ovLnwSqKaMPK3fdy25MbusxXpNDEiA5rMNuA=s0,2026-04-17 12:03:40,1개월 전,https://www.youtube.com/post/Ugkx6-cIcLgdm-XUASGqWt6-vpbEdBXi3g-K,6,1,"[소신발언]
솔직히 티스푼보단
대 황 방장 조롱단 을 줄 이어서
황조롱이로 불리고 싶다
(아니면 온조롱단도 좋아)",https://yt3.ggpht.com/4ruYzBWqG3UWcefQypZILcZSHuH9ySrlJhCw8pTxmr68BeyqReTghW-teO71dpLSikEcO3rBWlGkNLU=s0,1
Edgalic,https://yt3.googleusercontent.com/JFEjBZp3b79yxyHFQ8F2vAhiFYz1gKVfG2Xsn68DfBk5DZlXHmtd4yponWafXqNx6vpA4xjMXtE=s0,2026-04-16 21:01:30,1개월 전,https://www.youtube.com/post/Ugkx6Ungiage9EBszi5pEi3OU7uXTUsksKxG,5,2,오늘 내 저녁이 무너졌어 ㅠㅠ,https://yt3.ggpht.com/EumEYNHWvpVsUbl8r8xclR_TzVIyF3whkbK4_3bpo0vVFKlAHoA86cHrDpZwnV1yflMpqjhqTfwVeQ=s0,1
레몬좍,https://yt3.googleusercontent.com/IMTQD9ZbrrqrEH-Tqo9d072VnIhiTj_xCnDS41ovLnwSqKaMPK3fdy25MbusxXpNDEiA5rMNuA=s0,2026-04-16 20:01:10,1개월 전,https://www.youtube.com/post/UgkxblVS6X3002zVctzPe13YqZC7JbvGxpbu,2,8,"아
이제 왔는데","https://yt3.ggpht.com/JyG6s-WtTBmUdripdgqoNKzlDPD5pPWdntmim6iBWTzEUllWhhM1w5Mf-fZxrHe9axhdhpPinxXljw=s0
https://yt3.ggpht.com/b1InNZQI3sggLfEi2S4lA0r57GyQtl2RxFXriVRtnnucnqjp__ZvoomFqQabD_sR-xcnrqFHde1TDQ=s0",2
순수맘 급행마니아♧,https://yt3.googleusercontent.com/oUN8KasRZn4dZGoXgt0nEVrNZ1qUiC1EhAO8f8-mbTRoI3Bq4ryzGLvmd2ttSbIVlSt-qBsS=s0,2026-04-16 19:19:39,1개월 전,https://www.youtube.com/post/UgkxKhE5DGTDGZWXoCjnPkfyWuDMBP0yqEBz,24,2,요 즘래 원식 랩스 타일에빠 진것 같아 요,https://yt3.ggpht.com/-U54yGRj6eNFsNLWYx6FsWHw_jXe_v4YsjpOw8ZyjrUZ93fvc6rqMcuulBtmFXHqU6j7Ht18MbrT=s0,1
루포,https://yt3.googleusercontent.com/L-XO0jpjfoZyw0-33fBmLatRfca7etj9v7kcw-w4w5c4sIHWmlEbRnzSMLk04IHItbNDowTS=s0,2026-04-16 19:10:50,1개월 전,https://www.youtube.com/post/Ugkx-C187IWXyz2hg_4AMS1PTXPcJnFSe0BH,1,3,못보지?♡ ㅋ,https://yt3.ggpht.com/9G-dsRP555nJNDquSXhgOQhBvaBZn1QI6j9FJipq5yUJyeoLADRWUqut1uu_-o5nXrpcl6fbg_2E53w=s0,1
Spppparrot,https://yt3.googleusercontent.com/ytc/AIdro_l_cdb12iEvfbconWqKW89iqSh69jL-NdmjZIuXCkr9Yg3iLzKFdf8SG32lYrR3AmrM9A=s0,2026-04-16 08:48:18,1개월 전,https://www.youtube.com/post/UgkxXBa7v9TaL-mJWdF0krqkhvot43Ak9bZV,7,4,"크아앜 오냐 온리리온 그렇게 동물 사진을 원한다면 하드탈탈이를 보여주마 탈탈탈



다들 행복한 순간에 사진 많이 찍어두세요","https://yt3.ggpht.com/de4D8nJKT5fFDjrxLFdAcwZI1fSgPwrIlbHyVAnb-FkrUGI8Q0XlW8XTw6MLZ3Rl2u13l_mHtT6mAQ=s0
https://yt3.ggpht.com/rHMMNZIiTLm6I77l0oEAcC_7NSeS_oifDxsbjSnEofBWCJi0v4O2QSwYG3eXkUjNQyoDpkHnxice4A=s0
https://yt3.ggpht.com/xeFj9Sz6UOuSmbkumdqsi9E0lBCxt8UNFlwmwm2fSqqJNEqjE3mqspgKew6xdC5GhSc4eLAyT0mizA=s0
https://yt3.ggpht.com/nxogsvuzWR0M-VFw876zsn1XKC8uzRMXm35FxCOOym2TyRQxXZeFzF1VxJGZKFH3_7kRaJxCgocAYA=s0",4
마리사랑단,https://yt3.googleusercontent.com/GllUzNYohgivBjdzxF3AHFjKYOKlDAxcPwzJGCHjDJKLm396fxWx2QDveqj_GVm0OX5UB2iArLA=s0,2026-04-15 23:53:30,1개월 전,https://www.youtube.com/post/Ugkxq1g9V8vAPzgrBCgXMH3uNGfwWLi0oViX,1,2,"온순이 모델링 수정본입니다


https://youtu.be/1ArMXMeBGzg",,0
루포,https://yt3.googleusercontent.com/L-XO0jpjfoZyw0-33fBmLatRfca7etj9v7kcw-w4w5c4sIHWmlEbRnzSMLk04IHItbNDowTS=s0,2026-04-15 21:40:32,1개월 전,https://www.youtube.com/post/Ugkx4A8DlfGz9iOQNHWZD6wuTu2GTPaJflDM,2,1,허접♡,https://yt3.ggpht.com/pBV9DQ_oZ9dkY48vawH2Sia_J5N1toUwf-uZZiZwLmUK1dlPJLE8fE0JIJVhCnl4-uNi9yXNMjVkCmQ=s0,1
루포,https://yt3.googleusercontent.com/L-XO0jpjfoZyw0-33fBmLatRfca7etj9v7kcw-w4w5c4sIHWmlEbRnzSMLk04IHItbNDowTS=s0,2026-04-15 20:05:03,1개월 전,https://www.youtube.com/post/UgkxhEtkAQT2Miq5S4P8IJQ7KOFSlnvHdIAq,2,1,짧게 낙서한 망사 리본 리온,https://yt3.ggpht.com/CR9Gll540heyeXceKvhmHCpOtNilXY_DTVEyy0JTotzlh7G2HySF2hapnf_XrhllETgpTsJZZeBLlQ=s0,1
루포,https://yt3.googleusercontent.com/L-XO0jpjfoZyw0-33fBmLatRfca7etj9v7kcw-w4w5c4sIHWmlEbRnzSMLk04IHItbNDowTS=s0,2026-04-15 19:28:48,1개월 전,https://www.youtube.com/post/UgkxHbD3z6u-MDekWm3GPnPR-kIIyrTUMKjj,3,1,이채널 대푭니다.,https://yt3.ggpht.com/3Yu9EV-ffbL7gESiUKMbBKUxtdAY52DFz0AErXaOViI3iSl-sy235Gxwr32-HK8hiVMyH6R3El5Leg=s0,1
마평V2,https://yt3.googleusercontent.com/a0VCsd-D31gHltW0Ykmos69DSXuaPzkvASSYePo1dTGJU8GQKPwQHZquK7r45I28yWH3xRuh=s0,2026-04-15 18:58:40,1개월 전,https://www.youtube.com/post/Ugkx4xPk6xpBtie7YZGnQQRVWTgB4-WULS2C,10,1,(O) (O) (o) (o),"https://yt3.ggpht.com/UYRQx5209zxrm4tWujhAHDBWgoaztCjpnQlwKKe6-NA8vU-q3utcXxw1JyFh7YhHs_f2G_yuHEdpUQ=s0
https://yt3.ggpht.com/-cxPkFZvCTkK_bjLqo0VZMK0f9tIO35wdOEJrMT5B-RX24q-ZWq52Y0CE0SxhGzgzrIf45kZtwHv=s0",2
마리사랑단,https://yt3.googleusercontent.com/GllUzNYohgivBjdzxF3AHFjKYOKlDAxcPwzJGCHjDJKLm396fxWx2QDveqj_GVm0OX5UB2iArLA=s0,2026-04-15 07:18:23,1개월 전(수정됨),https://www.youtube.com/post/Ugkxe9ACvNORGPWzgdskdpglpr1pskk4_BUT,2,3,"루포 프로토타입 입니다

방송 세팅 되시는지 확인해보시라고 간단하게 만들었어요


https://youtu.be/vcq_AOZFohI


상세 설명에 다운로드 주소가 있어요

(이미지랑 같이 올리니까 자꾸 삭제되네요)",,0
온리리온 비밀지점,https://yt3.googleusercontent.com/PadAE7-CoLtyyLKTdk8exebQ3UPWZtjz_elHLUFDWCGtWMNV1_dBxzCuJ1rWwTc06_f_CYzDrg=s0,2026-04-14 22:35:57,1개월 전,https://www.youtube.com/post/UgkxaAwCpBnSC_BBhmT0stVWktgEJ6xRUs_t,5,3,리포 의인화 ;;;;,"https://yt3.ggpht.com/BkCz2bRQUWFAxtGaZ94vFGKGEZ4sGUo1YIZIVHd6ZylI93dB0v_AQKuyDbTb9-P0HD3K5Sruofjn=s0
https://yt3.ggpht.com/pcPKErjhQTvviOYmYFessFPnYZiU070FsCg_SKm9imw_du2wpOa8d9hG4dVlRFnKhAa5qLjjJrwFeg=s0",2
마리사랑단,https://yt3.googleusercontent.com/GllUzNYohgivBjdzxF3AHFjKYOKlDAxcPwzJGCHjDJKLm396fxWx2QDveqj_GVm0OX5UB2iArLA=s0,2026-04-14 21:27:27,1개월 전,https://www.youtube.com/post/Ugkx-5XQ3K4kPHexorGY_f82mWux_2hIoGTA,3,2,"버튜버 페이셜 테스트

https://youtu.be/p7RFeTqEMyU?si=OP2HB...",https://yt3.ggpht.com/E8HKIoY0eC_65U1_r9aS5sbEbQBUDbF-6ekU88SVA_37AHfDE6g2sMXA0NkpF-TPmo8wIYasCypCYQ=s0,1
온리리온 비밀지점,https://yt3.googleusercontent.com/PadAE7-CoLtyyLKTdk8exebQ3UPWZtjz_elHLUFDWCGtWMNV1_dBxzCuJ1rWwTc06_f_CYzDrg=s0,2026-04-14 19:33:31,1개월 전,https://www.youtube.com/post/Ugkxi8Ks0BYEbkC_9Iycp8x6Hmak7KYECgBM,2,2,마고 챈주 노래,,0
루포,https://yt3.googleusercontent.com/L-XO0jpjfoZyw0-33fBmLatRfca7etj9v7kcw-w4w5c4sIHWmlEbRnzSMLk04IHItbNDowTS=s0,2026-04-14 19:30:11,1개월 전,https://www.youtube.com/post/UgkxxKxrsNELRbcxc8V-2pPevQp7oaGPvQtB,9,1,허접 바부!♡,https://yt3.ggpht.com/4bJAEq7cheJVR75O2eiiZzALbs-Nu_gtkvEgUonl3wWoqprSyv-wAMLEaZrFaZ2Ea5csutfEeme6wQ=s0,1
루포,https://yt3.googleusercontent.com/L-XO0jpjfoZyw0-33fBmLatRfca7etj9v7kcw-w4w5c4sIHWmlEbRnzSMLk04IHItbNDowTS=s0,2026-04-14 18:12:35,1개월 전,https://www.youtube.com/post/UgkxD0CIVibM-NTyxzF3hCv3GPCLlCA2IbV5,6,1,Fnaf,https://yt3.ggpht.com/g_VuJx4aeuyv_gcMKJGfSCZKPH918c3a4zCFvhpl0hFwl4pZ8p4DQ3nkWc948w-S0zdLkatLY9xGRss=s0,1
Spppparrot,https://yt3.googleusercontent.com/ytc/AIdro_l_cdb12iEvfbconWqKW89iqSh69jL-NdmjZIuXCkr9Yg3iLzKFdf8SG32lYrR3AmrM9A=s0,2026-04-13 23:31:19,1개월 전,https://www.youtube.com/post/UgkxDljw1Cs-L_b_3qKC4Jj3aEK2XEGZGPU1,6,4,"오늘 방송 탔는데 딴짓하고 있다 늦게 알아채고 당황해서 어버버한거 쪽팔리고 아쉽고 미안해요 힝힝

예전에 찍은 쭈구리 코미로 힐링할래요","https://yt3.ggpht.com/k9KvtCyCkAHMdBc2vVDRKKlCo1xiRoA_jJgA17f1yYT1N1NcdundlyiMu8UaMfQeKSSfigelT8dPee8=s0
https://yt3.ggpht.com/MC5AnopltIDl_MYelOqcH_P6gci_u_2DAWFHbzU784YztHI7kqlOO7JvX_fu4Em0QoSjhfSoO-he=s0",2
우이_Ui,https://yt3.googleusercontent.com/0T9Zhhm4OTbv51-9V0ymmvsSeCblvb_BEuL6YeNbhhgUwUZQdNuDOnZSoyDe-OJNKyine6xDqg=s0,2026-04-13 22:33:21,1개월 전(수정됨),https://www.youtube.com/post/UgkxNKHqr-cjKney0Sl62yWu4vZK8MByDxRj,6,2,티스푼은승리한다,https://yt3.ggpht.com/64AjoC1w342uNzeoLCfj_pqdNuhHGwcXz7pMZpigVnNO8YPevCRQ5jA9BZ3vOaEdBJtbX1Rpdco1VA=s0,1
토게의 팬텀퍼레이드 생활,https://yt3.googleusercontent.com/xqWSRg0zOx6oXwJ1Lo1BGqWewPErjQbQcLPo3dnPMzUI9WLPeHi5xKvtRHaWXGCM07Vd42rB2g=s0,2026-04-13 22:13:37,1개월 전(수정됨),https://www.youtube.com/post/UgkxZ9PgqNVMKYA6-bFQDY33UPXAa_9yypOj,2,1,Kamja ga 되,"https://yt3.ggpht.com/yerWpXUs2XPvmnF0F-qHsAEPKKaJCD5xVEePKV8maoOKmZGdm2HKJmLPI19QBiJp4bWw6TTAuUHwKA=s0
https://yt3.ggpht.com/eTxnlL6YXAE1pNCosbd1tYgQoHRp7UtDHkcWRAJYaSDa3rKTca_3ze-tGjvprNG2Ek_aeiSiLKa1oA=s0",2
우이_Ui,https://yt3.googleusercontent.com/0T9Zhhm4OTbv51-9V0ymmvsSeCblvb_BEuL6YeNbhhgUwUZQdNuDOnZSoyDe-OJNKyine6xDqg=s0,2026-04-13 17:56:26,1개월 전,https://www.youtube.com/post/UgkxwQlck3d9HUwmOCaaMgthQmHnaxO9bHPG,6,1,우해행,https://yt3.ggpht.com/tURQPvkTCPM_lxx8VM9qiWp5j4QCvdrCjx8V_aQQWwHOVWktgvkG6xDXVEiI86dz30X1Mdbv83FHFw=s0,1
루포,https://yt3.googleusercontent.com/L-XO0jpjfoZyw0-33fBmLatRfca7etj9v7kcw-w4w5c4sIHWmlEbRnzSMLk04IHItbNDowTS=s0,2026-04-13 17:51:27,1개월 전,https://www.youtube.com/post/UgkxvxSJNAcnKmaFwjr9AqBVmFKW92inCiQU,10,3,수고했어 오늘도~,https://yt3.ggpht.com/q_r0OJmsmNaEHxftSUGsIKBy9UVzJOSjCDUH_V1-AvxcrYruXuXyBBHt7q1faWAZVwuItRG_HSUZUw=s0,1
우이_Ui,https://yt3.googleusercontent.com/0T9Zhhm4OTbv51-9V0ymmvsSeCblvb_BEuL6YeNbhhgUwUZQdNuDOnZSoyDe-OJNKyine6xDqg=s0,2026-04-13 10:45:04,1개월 전,https://www.youtube.com/post/Ugkx_WJZmnFuSqW4MoFlztX3s-L8otBiD293,0,3,비비가림보다크면?,,0
마평,https://yt3.googleusercontent.com/ygtzIRx27nE3cRLMjv_NGoiqWQ7P7spNQnGVeGR8gADfUoqzZONac_EnmAWZtQFyigpvTfEdhb8=s0,2026-04-13 04:07:55,1개월 전,https://www.youtube.com/post/UgkxWeZQX_8W0IySMpV7qNygJNGco2wRkQKs,8,3,아니야 그럴일이 없어❗️❗️❗️❗️❗️❗️❗️이건 꿈이야❗️❗️❗️❗️❗️❗️❗️❗️❗️❗️❗️❗️❗️❗️❗️❗️❗️❗️❗️❗️❗️❗️❗️❗️❗️❗️❗️❗️❗️❗️❗️❗️❗️❗️❗️❗️❗️❗️❗️❗️❗️❗️❗️❗️❗️❗️❗️❗️❗️❗️❗️❗️❗️❗️,"https://yt3.ggpht.com/xpz8mkO1V-rnTtIx8IcXk1cKBfttgq5u74d-Rflscnqe-j6g42bTzVP_iXOuvSqvOjuEtgf_hwHb=s0
https://yt3.ggpht.com/GZgtZqlZljhXzPgv7savk32IfJ8LAo9v_VX6VF-bYHfgo6mmkTKnzOiVFgnBhEYg5D7CPmpLlj1I=s0",2
온리리온 비밀지점,https://yt3.googleusercontent.com/PadAE7-CoLtyyLKTdk8exebQ3UPWZtjz_elHLUFDWCGtWMNV1_dBxzCuJ1rWwTc06_f_CYzDrg=s0,2026-04-12 21:07:07,1개월 전,https://www.youtube.com/post/UgkxsW8-UcQx00HfpkHz9au9s2gtoUPnEk9Y,6,0,그림방송 2일차 드디어 이모티콘 끗,"https://yt3.ggpht.com/PhwrZwP-pq8pozoXhQjOH-WOvq_2s4a1oOBBCWxlP3iZzvUJwBQnJY0qyFtAE7WV02CHK0RpQD1AbQ=s0
https://yt3.ggpht.com/B2BIIonmh1VzQoeUB0jV5_29je0Fz63r_pkZkzA3dc90QhdtxJAeEiGKJfBP_pgzkxqGCR0dVuQt2g=s0
https://yt3.ggpht.com/C8iWE379yTyGddcxsLBXZv-DgrepEtxFkN-iUICqPtUBGIV407Ve0TiERJaWxxS4MZ8Qr1XzgdxxHw=s0",3
짱킹갓존재,https://yt3.googleusercontent.com/IfbNPAwousNx1zo1l9h2fAsI3j4GZgywRQSJAoHI03Ia75dMCiYV8unQOpSeds2DOsSL_OJWqw=s0,2026-04-12 19:40:02,1개월 전,https://www.youtube.com/post/Ugkx0wZUvuN82WBWeARETsiYArZc_q-rC7N9,7,3,닌 스피키한테 할수있는 모든걸 햐주었다(사망),https://yt3.ggpht.com/p6zydnLzWa7cEiHx64TYic5gMmv2hAdlwe90fUsggDPs0fO9c5cJ2k6Od3ZqLuGS7GlJ5X_KF9yt5lA=s0,1
루포,https://yt3.googleusercontent.com/L-XO0jpjfoZyw0-33fBmLatRfca7etj9v7kcw-w4w5c4sIHWmlEbRnzSMLk04IHItbNDowTS=s0,2026-04-12 12:02:21,1개월 전,https://www.youtube.com/post/UgkxDB_8gIMrnTBCauBkibU4F38bUw02oYeo,2,1,매우 초기 스케치,https://yt3.ggpht.com/N0mxWZ5W8_k5gf6JjwE6G_Mfyiko_3S4-RNKEC8lPRyemtTe12CuJ9YC452BA2gSM43SxvkJuPmR=s0,1
우이_Ui,https://yt3.googleusercontent.com/0T9Zhhm4OTbv51-9V0ymmvsSeCblvb_BEuL6YeNbhhgUwUZQdNuDOnZSoyDe-OJNKyine6xDqg=s0,2026-04-12 09:56:40,1개월 전,https://www.youtube.com/post/Ugkx_c4vczKAT1WmN474JnMK7yHb--fIGOrX,3,4,리온이다섯명이면?,,0
마평,https://yt3.googleusercontent.com/ygtzIRx27nE3cRLMjv_NGoiqWQ7P7spNQnGVeGR8gADfUoqzZONac_EnmAWZtQFyigpvTfEdhb8=s0,2026-04-11 19:32:17,1개월 전,https://www.youtube.com/post/UgkxfvYBcswVSUjbsUS8JH_ctsQMaYHmVhYH,16,3,마아아아아아아아아아아고,https://yt3.ggpht.com/Lrpa7Xecos17Cofv6uIpgxzCW1HqQ51Eso-sg0jVc3ZkWKBTeNzvCIP2sIYsllWXepPznvgQq68n=s0,1
우이_Ui,https://yt3.googleusercontent.com/0T9Zhhm4OTbv51-9V0ymmvsSeCblvb_BEuL6YeNbhhgUwUZQdNuDOnZSoyDe-OJNKyine6xDqg=s0,2026-04-11 11:13:22,1개월 전,https://www.youtube.com/post/UgkxptY_cbVEUSX7-c6El45o8VJr7R-GM8VO,2,5,통모짜핫도그의반대말은?,,0
온리리온 비밀지점,https://yt3.googleusercontent.com/PadAE7-CoLtyyLKTdk8exebQ3UPWZtjz_elHLUFDWCGtWMNV1_dBxzCuJ1rWwTc06_f_CYzDrg=s0,2026-04-11 10:01:22,1개월 전,https://www.youtube.com/post/UgkxpAj3qlY332lIeUxSPIP6ivifnKSoRI9j,5,3,휴방이오,,0
Edgalic,https://yt3.googleusercontent.com/JFEjBZp3b79yxyHFQ8F2vAhiFYz1gKVfG2Xsn68DfBk5DZlXHmtd4yponWafXqNx6vpA4xjMXtE=s0,2026-04-10 18:57:02,1개월 전,https://www.youtube.com/post/UgkxQWy_cvrdl9eTWr8c1yC55ppEbv2othC3,16,1,"내 쌀숭이를 돌려줘!
내 하나뿐인 동생이란 말이야!",https://yt3.ggpht.com/Ca8ZJiOZVBm6FnV_HBToc1TxjqWMiGkrWqOYxKYGEnInoxjqR4liRlxx0szQ4qhQfK2PkXjssB7SY6A=s0,1
루포,https://yt3.googleusercontent.com/L-XO0jpjfoZyw0-33fBmLatRfca7etj9v7kcw-w4w5c4sIHWmlEbRnzSMLk04IHItbNDowTS=s0,2026-04-10 11:02:18,1개월 전,https://www.youtube.com/post/UgkxEW-EXnXPYbrkFOb0a5lAGYjmqGArLKnI,8,3,영원히..함께....♡,https://yt3.ggpht.com/BfZajDfVdz0UP6Fvlbd34hIzLyJ73BKZMfky1XHJRfQy5o-MCEoBbyuK7X8Z7OP3WgOZnEmDSNr3rg=s0,1
우이_Ui,https://yt3.googleusercontent.com/0T9Zhhm4OTbv51-9V0ymmvsSeCblvb_BEuL6YeNbhhgUwUZQdNuDOnZSoyDe-OJNKyine6xDqg=s0,2026-04-10 15:43:55,1개월 전,https://www.youtube.com/post/Ugkx8SL4kHh47u64Ro04t8ePuVYTflVCT1Po,5,3,가장유명한 쥐는?,,0
토게의 팬텀퍼레이드 생활,https://yt3.googleusercontent.com/xqWSRg0zOx6oXwJ1Lo1BGqWewPErjQbQcLPo3dnPMzUI9WLPeHi5xKvtRHaWXGCM07Vd42rB2g=s0,2026-04-10 07:34:05,1개월 전,https://www.youtube.com/post/UgkxfzT6TsRpwlEf8DIrS7zSCs6ujs_6uJxW,3,1,트릭컬 강제로 접겠는데요? 1달전에 이런메시지를 봤지만 계속 로그인해도 여기서 반복임,https://yt3.ggpht.com/kyw9-tnWXQp7L9W2qM7JXQPhvfp7zI7DWVBGJpi3fmiDob3FCEN6nUBtihUZIvsNRscEFH4zfxOstA=s0,1
와쿠와쿠 프린세스,https://yt3.googleusercontent.com/v-k6Fkgv_nHs-fYbrByeX65pWKqKdkeAkj8hQCa156_RsufyTeAdLVDcdzuQrUy1DHWKjatp=s0,2026-04-09 21:30:41,1개월 전,https://www.youtube.com/post/UgkxU57BsNCbnqtwDJaGlEa_UFKtmwRZSCqB,5,6,내일은 금요일이구나 좋아라~,https://yt3.ggpht.com/0aP73R8EoQ6CWHxVjCBF3T-5q2MSXMvLOxm_V7nVJPH7rx4zJS6f9SSsauhXA922JfCASiHMOdYY-Q=s0,1
카노,https://yt3.googleusercontent.com/nQ5VrMdOVG8uTxVQ70uu9TWVl9NzftA5DQSWDBPfC0hmlu5jQgI45vq8fg5dh_yxlgPog6LJLQ=s0,2026-04-09 12:23:40,1개월 전,https://www.youtube.com/post/UgkxP0N9PkCT0kTFTe5y6YKt1N1kD86mKYs9,7,4,티그 뽑기인데.... 도데체 왜...,https://yt3.ggpht.com/ObulhdgqzjDBLb0F9vCJaEQhRLHkqHaNe-wv27aGyFg5hWyh-1xnozol-SMy7AYpGJ6DtMrqkPcjtg=s0,1
루포,https://yt3.googleusercontent.com/L-XO0jpjfoZyw0-33fBmLatRfca7etj9v7kcw-w4w5c4sIHWmlEbRnzSMLk04IHItbNDowTS=s0,2026-04-09 10:26:56,1개월 전,https://www.youtube.com/post/Ugkxf49p7WIkEFiXdsOVJgB0b9ZroYtxkJSA,13,1,선까지 땄으니 쉬울것이다~♡,https://yt3.ggpht.com/E4vSjcCRtMhxiHPg9mW8nnzBMoBHFE7yHhHkgktSg-ZonkvD4N6v27qKjSzXzH5H2GYTvyghtv-KJQ=s0,1
우이_Ui,https://yt3.googleusercontent.com/0T9Zhhm4OTbv51-9V0ymmvsSeCblvb_BEuL6YeNbhhgUwUZQdNuDOnZSoyDe-OJNKyine6xDqg=s0,2026-04-09 11:51:03,1개월 전,https://www.youtube.com/post/Ugkx-e8GnRr5xsExrlzg2V4vVCmCHUnY3AZP,0,2,무서운얼굴이셋이면?,,0
우이_Ui,https://yt3.googleusercontent.com/0T9Zhhm4OTbv51-9V0ymmvsSeCblvb_BEuL6YeNbhhgUwUZQdNuDOnZSoyDe-OJNKyine6xDqg=s0,2026-04-09 00:53:46,1개월 전,https://www.youtube.com/post/Ugkx8zQP-0858awJ6nBmdGK7jaQX_1ogJgdY,5,3,"진실을말하겠습니다
















저의첫최애사도는 루포 였습니다",,0
온리리온 비밀지점,https://yt3.googleusercontent.com/PadAE7-CoLtyyLKTdk8exebQ3UPWZtjz_elHLUFDWCGtWMNV1_dBxzCuJ1rWwTc06_f_CYzDrg=s0,2026-04-08 21:56:42,1개월 전,https://www.youtube.com/post/UgkxgWn4ILQL4yEtjEwn0p2FSrWTDwPzZuYd,2,1,그림방송 1일차 (이모티콘만들기),"https://yt3.ggpht.com/z91ec-4Z3rG1kKkjfEDk2mzQU1Zxp1Uk8fC9fckQ6W11Iq86YfbaSVt-4530LzAxkGBjgtIT1jo4QQ=s0
https://yt3.ggpht.com/W_5v6yCiYnMpN4yBMqY-SYeD6u9jkUig8Mgz5UmeC1ssmg2yMvjTende79uMVGGxIOet5Uk79r7Q=s0
https://yt3.ggpht.com/Od5GllV-dUuph9WpOLjRAcOtgqoUjU-xG39roMdTPpqfZOwdT5Fg69IHNBMrKOGf5lxrMY-8l2JDQwM=s0",3
루포,https://yt3.googleusercontent.com/L-XO0jpjfoZyw0-33fBmLatRfca7etj9v7kcw-w4w5c4sIHWmlEbRnzSMLk04IHItbNDowTS=s0,2026-04-08 21:36:59,1개월 전,https://www.youtube.com/post/UgkxivfwlF5O2rlvYyytHuDhMFzG5N0_zKMr,17,4,화남 리온,https://yt3.ggpht.com/oRxts1wW7W8U1XGQXLPLCvLJiGwZMRMm0f1Pbovc84cnLqyofGvVezgFxdezwAmoIlVsinGoNdDbjg=s0,1
루포,https://yt3.googleusercontent.com/L-XO0jpjfoZyw0-33fBmLatRfca7etj9v7kcw-w4w5c4sIHWmlEbRnzSMLk04IHItbNDowTS=s0,2026-04-08 18:35:00,2개월 전,https://www.youtube.com/post/UgkxvDvjVYpNFFgr3Wd5g1u7bZNQJxL3VSDT,7,1,낙서...,"https://yt3.ggpht.com/cfGQsM7Jk03u7-Ol-yZ-5t2OeiRVj4yS5bxSOwnX68DZ3SKLLuuU5eZVRSLa6FeAuHAhfh1rIQKR=s0
https://yt3.ggpht.com/IBgeOChibxidyE9tmFJjAtKnFc_yBp6Vdmauyzj_OJpm0NrioBsCi_AaihKGlVVOwbCRHvqHKXhUiA=s0
https://yt3.ggpht.com/gKlpHI6Vov6cdLsF6M6SqGDVYJY5Sa1My_YtBzTACTmcMhJpVSYzu6xqmSqmDxu3VA-y5jyPKNkhKfA=s0
https://yt3.ggpht.com/KRlOA4FbQt0SPRx7GQkUYd3XnhypKtZl3P7kdQPRwjYX6QQszLO3uIIp9uDKb5xrAkDisgvTSNECqQ=s0
https://yt3.ggpht.com/GeMtANAkaZRbVaCIyA4O-KX5sTzTHWrwHIFAswsx4yKGJEs74AOnYIF99dB_eA2PJ7eJWyJ2uqAYDPg=s0
https://yt3.ggpht.com/uYmfnACr11J1JW1_KnciSe0UnbI0DFofCbgMDcUw3bWfqUMaPa9E-8U4NOkMi0_4qLlZdPeQHPXd2Q=s0
https://yt3.ggpht.com/MgNA1ffkQxBYOsCi2KMTA8_Qs2fBBGhmTtLoFDz_ZIn_fTUwsGYkj040-1WRcmKQa6NhVvsyg4xv1W4=s0",7
워터클로버,https://yt3.googleusercontent.com/Q1QkKLZZQC9ff_YqcD9N4hkTkqDRh5LKQjM8u6_CUVXYQRuXCAYaJT9Uwhu7mofc0nU0XVj-6CA=s0,2026-04-08 11:26:53,2개월 전,https://www.youtube.com/post/UgkxtQF0_-WNQv0oMqLutXSN3US_YPnygsty,1,1,"트릭컬 현백 전시회에 별로네 그리고오기
성공...?",https://yt3.ggpht.com/wAjeE9PmskeDNESB7jvTKb7YawGrbpbBjd9qmggt-57nQA9o18PlxwRztY-P5j5kFNmqhAK11FGZ0g=s0,1
순수맘 급행마니아♧,https://yt3.googleusercontent.com/oUN8KasRZn4dZGoXgt0nEVrNZ1qUiC1EhAO8f8-mbTRoI3Bq4ryzGLvmd2ttSbIVlSt-qBsS=s0,2026-04-08 18:09:47,2개월 전,https://www.youtube.com/post/UgkxN_CzGbCQcoRbyRXCP-KopkeUOYGQTKtB,9,4,,https://yt3.ggpht.com/rnuCC1bmcn2PH4iUoCjCTzWWaG_UdlecUyNbHIEBetJjJYH8ez3lmovVeCuoFqRHn8R80qkDyXAYdA=s0,1
토게의 팬텀퍼레이드 생활,https://yt3.googleusercontent.com/xqWSRg0zOx6oXwJ1Lo1BGqWewPErjQbQcLPo3dnPMzUI9WLPeHi5xKvtRHaWXGCM07Vd42rB2g=s0,2026-04-08 17:09:29,2개월 전,https://www.youtube.com/post/UgkxQjfSuBPUg8AllrhQv1ncXV9jEW20i_1t,0,1,쎘이걸 놓.침다고!?!?!🤯🤯🤯,https://yt3.ggpht.com/KDNn4Ml5rdNYeujCpW6tu_p-I2G6jzoTw2jKKU7_2xosdDRUN-irlVi4UEL50e09YNd3-4KzJ5hSY-c=s0,1
우이_Ui,https://yt3.googleusercontent.com/0T9Zhhm4OTbv51-9V0ymmvsSeCblvb_BEuL6YeNbhhgUwUZQdNuDOnZSoyDe-OJNKyine6xDqg=s0,2026-04-08 04:58:25,2개월 전(수정됨),https://www.youtube.com/post/UgkxDYSy2TUk0xS2WeohfpCamo1gTcn6d712,2,3,열심히 수련한물고기는?,,0
와쿠와쿠 프린세스,https://yt3.googleusercontent.com/v-k6Fkgv_nHs-fYbrByeX65pWKqKdkeAkj8hQCa156_RsufyTeAdLVDcdzuQrUy1DHWKjatp=s0,2026-04-08 06:56:08,2개월 전,https://www.youtube.com/post/UgkxfC9sR5CxfyjD-m_VGrCLauoN4XFyrbMZ,15,3,거지같은 수요일,https://yt3.ggpht.com/AmXT8KbQ9gc-6pOC_ev1bQ2Aa2I5ySEYd1G6pI9Au4vpg4huKAKGwjRKOf5L3bkbZtNFBe0HKrCcew=s0,1
우이_Ui,https://yt3.googleusercontent.com/0T9Zhhm4OTbv51-9V0ymmvsSeCblvb_BEuL6YeNbhhgUwUZQdNuDOnZSoyDe-OJNKyine6xDqg=s0,2026-04-07 08:08:00,2개월 전,https://www.youtube.com/post/UgkxS54JtXxa-XAn3pdnjGYXUncd5VkgrZE8,5,5,올해새로운 다짐은??,,0
Edgalic,https://yt3.googleusercontent.com/JFEjBZp3b79yxyHFQ8F2vAhiFYz1gKVfG2Xsn68DfBk5DZlXHmtd4yponWafXqNx6vpA4xjMXtE=s0,2026-04-07 01:18:51,2개월 전,https://www.youtube.com/post/UgkxVVxeAUMNuDY0rVNCsXWuxobv8KoetSWI,18,1,".









리온을 보고 커진 제 황크입니다.으흐흐
마음껏 칠해주마 으흐흐",https://yt3.ggpht.com/I2mjIuSrEuhBwm5iKkW3Yx9X5WXjbplvhpg9b9eBj_pr5FXX_LAN0q_O748OswVDjZsZEboDQrRFP8A=s0,1
마리사랑단,https://yt3.googleusercontent.com/GllUzNYohgivBjdzxF3AHFjKYOKlDAxcPwzJGCHjDJKLm396fxWx2QDveqj_GVm0OX5UB2iArLA=s0,2026-04-06 21:35:10,2개월 전,https://www.youtube.com/post/UgkxEl1qStBl2-4GHsJ9eKVwwmhSkhR2wbfA,1,1,"https://youtube.com/clip/UgkxitBGvfcY...


이분 비틱해요",,0
우이_Ui,https://yt3.googleusercontent.com/0T9Zhhm4OTbv51-9V0ymmvsSeCblvb_BEuL6YeNbhhgUwUZQdNuDOnZSoyDe-OJNKyine6xDqg=s0,2026-04-06 21:18:43,2개월 전,https://www.youtube.com/post/UgkxQNa8pqmt091GW-i1RSdgxAHB6lYsb2IZ,5,3,"이런거 시러서 우럭따

모두들오늘이멤버쉽생기는중요한날이라고했따
모두들오늘방송이오래할거라고했따
근데 끈났다
모두들 원래이런거라고했따
근데 나바부아니다
원래이런거아니잔아",,0
우이_Ui,https://yt3.googleusercontent.com/0T9Zhhm4OTbv51-9V0ymmvsSeCblvb_BEuL6YeNbhhgUwUZQdNuDOnZSoyDe-OJNKyine6xDqg=s0,2026-04-06 20:20:26,2개월 전,https://www.youtube.com/post/UgkxB1rC-YVWmrl-qVsJ8NeQsVbZifW1Z4v_,5,1,학교dc에누가트릭컬굿즈팔아요,,0
ABS Disk,https://yt3.googleusercontent.com/ytc/AIdro_kcqkdX-iRudrzS4KmfonNRdM0GfIZJk3qRzTj6c4NE9aM=s0,2026-04-06 20:06:08,2개월 전,https://www.youtube.com/post/UgkxnFuZT8KamDj-tf6KXH3O8iOfyzQgiaBq,0,1,디맥은 어렵고 시즌 배틀패스 채우기 귀찮다아...,https://yt3.ggpht.com/MjX_WEYicCgqUztTlKo_IRS0ZpR6T6gxtFMjHy3iSLC-euQZnnwJzm4vDLXmR_4ZiTFF4PGrc-61mQ=s0,1
와쿠와쿠 프린세스,https://yt3.googleusercontent.com/v-k6Fkgv_nHs-fYbrByeX65pWKqKdkeAkj8hQCa156_RsufyTeAdLVDcdzuQrUy1DHWKjatp=s0,2026-04-06 19:50:47,2개월 전,https://www.youtube.com/post/UgkxrAhHtvfnDewHZSXmCPEBj38Xa-D3laac,7,2,에르핀들이닷!,https://yt3.ggpht.com/xKjnNs7R3MGD9QmnqbihzFjA4hE6Sy-uv6rUGuln_TiZffgL02rRFhTL3C_cbcLcY21bwajXWNP7=s0,1
와쿠와쿠 프린세스,https://yt3.googleusercontent.com/v-k6Fkgv_nHs-fYbrByeX65pWKqKdkeAkj8hQCa156_RsufyTeAdLVDcdzuQrUy1DHWKjatp=s0,2026-04-06 19:50:27,2개월 전,https://www.youtube.com/post/UgkxaV87rpl1scX4ZOj8_GB8Sk7ZPwzQUT12,8,4,퍼터 (퍼리 버터),https://yt3.ggpht.com/A4rhQr9ixIFt-wsuPNBYaeSVF4jkOyu1H6-hH-0tveahKeOPHhnbdmiInp-YLLVXqfowhD1kn_-C=s0,1
토게의 팬텀퍼레이드 생활,https://yt3.googleusercontent.com/xqWSRg0zOx6oXwJ1Lo1BGqWewPErjQbQcLPo3dnPMzUI9WLPeHi5xKvtRHaWXGCM07Vd42rB2g=s0,2026-04-06 19:49:39,2개월 전,https://www.youtube.com/post/Ugkxdj5lI7mz83C42oVFQhTeIsI_LL07SDs0,0,1,"코가네, 룰추가 주복사사에서 망치 압수하고 사형","https://yt3.ggpht.com/E0tQZBx_o043fe1zLUwG-GwgGR_tZieSVrfJvwqVmmRow261yrb_W5JRinpti9U_AdNvPZqyH_su8g=s0
https://yt3.ggpht.com/7GRZKEcg58ZidNm2lt_dsAjwdissYM306FhFAfYrEXBi33sZbJhHUsrN4KPRDcZUXwnC1tVE0EXhtA=s0
https://yt3.ggpht.com/bQ5lKJp78aHit1jqhHHTJCqCyqK5TnrFJTWhFQwFU1Gdyf7cgH_q5dT24kr_v6-qNTHYbftBjpEOUGk=s0",3
레몬좍,https://yt3.googleusercontent.com/IMTQD9ZbrrqrEH-Tqo9d072VnIhiTj_xCnDS41ovLnwSqKaMPK3fdy25MbusxXpNDEiA5rMNuA=s0,2026-04-06 11:44:11,2개월 전,https://www.youtube.com/post/UgkxkukUsZCbbSCuGbuy23RZKRoczVYBZwar,50,4,거지같은 월요일,https://yt3.ggpht.com/5aRvvrngg6y6PXnnMQVxu7dMVxbzkeVZU7-1rfG5nw4lHM_BKAoKrbF5vpmMr08pPTLNhhTWINll=s0,1
우이_Ui,https://yt3.googleusercontent.com/0T9Zhhm4OTbv51-9V0ymmvsSeCblvb_BEuL6YeNbhhgUwUZQdNuDOnZSoyDe-OJNKyine6xDqg=s0,2026-04-05 21:09:06,2개월 전,https://www.youtube.com/post/Ugkxa6EupAgb3yi_lJFAi7zeX3HpvREden-n,13,3,"트릭컬살짝 
별루든데













☆","https://yt3.ggpht.com/Aakqv_Vi9p_TJBqixXUjWq-W8fCfKnXZ2c--7C8Dna_4ieUeG3Nia2VG83p8SFkQ_9zAqmbvrWjqew=s0
https://yt3.ggpht.com/LisXMxw3Vx4bTJcmO_k1yRPhMa7lOG_tmoaOg4r9lXwOdj-_gxrTiAzN4JUDeEfTA01_tc9mJg0a=s0",2
Edgalic,https://yt3.googleusercontent.com/JFEjBZp3b79yxyHFQ8F2vAhiFYz1gKVfG2Xsn68DfBk5DZlXHmtd4yponWafXqNx6vpA4xjMXtE=s0,2026-04-05 20:01:09,2개월 전,https://www.youtube.com/post/UgkxCGFrjdj-i-3lj0iVEYRhxbOY_5fm_vMJ,3,2,원래 시간쯤에 야식 먹으면서 같이 리온도 먹어야 하는데 리온이 없어 ㅠㅠ,https://yt3.ggpht.com/gattVm3e0fgeFDC_uE5YoRIbw0yVtNxn6hLDGze5D50uiM8TSKalPGNplAXtsyDN-UIjPDSWC7XCrQ=s0,1
우이_Ui,https://yt3.googleusercontent.com/0T9Zhhm4OTbv51-9V0ymmvsSeCblvb_BEuL6YeNbhhgUwUZQdNuDOnZSoyDe-OJNKyine6xDqg=s0,2026-04-05 12:47:24,2개월 전,https://www.youtube.com/post/UgkxtyFlQLogNFjy9WlZbWwXdt2czwhXs_sz,10,3,수집품이제한개는주농갈시간임,"https://yt3.ggpht.com/JzjQMpBKmAtxF91rUsiKOovt7eyIQV-IsbWpMPqoOjQFe432a2aKo-W8Uj7O8bs9Yv8HMbgUlsRVi6c=s0
https://yt3.ggpht.com/Swpwezkxk1O7iJnv4LMYoOp7p3xGiMDxVIkpK8oddlRtLtUeCbTifAzwb4zcxkmb3vzqXC4j-d0=s0",2
카노,https://yt3.googleusercontent.com/nQ5VrMdOVG8uTxVQ70uu9TWVl9NzftA5DQSWDBPfC0hmlu5jQgI45vq8fg5dh_yxlgPog6LJLQ=s0,2026-04-05 18:02:53,2개월 전,https://www.youtube.com/post/Ugkxtxgvlw-faHGzwVAPM2gijRYIUjva-_43,0,2,로네야 보고있니?,https://yt3.ggpht.com/6U-2z3m9P5Z2ARcxXJrof84BzOC4J_Pn-ReeI7CfRtV_sKVdHs9aqex39UPawGQz-x396Tl6CDxsaOg=s0,1
짱킹갓존재,https://yt3.googleusercontent.com/IfbNPAwousNx1zo1l9h2fAsI3j4GZgywRQSJAoHI03Ia75dMCiYV8unQOpSeds2DOsSL_OJWqw=s0,2026-04-05 17:50:26,2개월 전,https://www.youtube.com/post/UgkxT0jl0pbsTP7be3gnzMh8rAw4lFBfUCVD,1,3,비비=trash,https://yt3.ggpht.com/LgLn5hi84Msdip9BpxP0-F6eeJ8Nkjh7NYlbgN6ac433h9KpjkqmaUur5csvXBndc8O9UshcW3raKjw=s0,1
짱킹갓존재,https://yt3.googleusercontent.com/IfbNPAwousNx1zo1l9h2fAsI3j4GZgywRQSJAoHI03Ia75dMCiYV8unQOpSeds2DOsSL_OJWqw=s0,2026-04-05 17:48:03,2개월 전,https://www.youtube.com/post/Ugkxup6jCGYIW7mlULx5uv6Ej7cxyWtjI83g,0,2,리온님 저번 셀리네보다 좀더 센지는 모르겠으나 올려도 돼여?,,0
도야콩치노,https://yt3.googleusercontent.com/O10tORCmJar4llFZMAjKZP169Maswxug4iaPMXV_sTe-FoOFYL6CzADS1HDZrkOx3xyOx-AI=s0,2026-04-05 08:51:56,2개월 전,https://www.youtube.com/post/UgkxaqotPw1g1dQhUJPkcdcjqYbo1drfTCLP,2,3,"1. 5단 엘다인 합체 그레이트 볼따구 V(우로스, 티그, 네르, 에르핀, 에피카가 합체 한)
2. (타장)포치타 네르기","https://yt3.ggpht.com/7FZrnczL7vwI-NeEJwA06q2xfuz8gnY3761jUk4DifIAbIsDepfwK1f60At7q4BWK3JNkuzDN6kl3A=s0
https://yt3.ggpht.com/bYcvOsy2ZNM2q5csVlk5UMqmN1EWQGfShFsfytqinSea0lcqFQF3I4YmT5fRAKEGEBhHJs44g6SE1w=s0",2
온리리온 2호점,https://yt3.googleusercontent.com/jlIhMicbFwdmtEkjkNHgxHZUiEBDWpoSITR1McD7DLbviDYWMkJ2gxlwW634wrMOhFKxV7806U0=s0,2026-04-05 14:03:16,2개월 전,https://www.youtube.com/post/Ugkx5ONnd72g9RQZLVwtSTkT0Ta7Q0VwtnPc,31,7,"오늘은 빅우드의 날입니다

모두 빅우드를 아끼는 마음을 가져주세요




그런고로 오늘은 휴방입니다 ㅎㅎ

담에만나요",https://yt3.ggpht.com/rhdpP-rlkk-Zqck4hNWIOWikoBW3d2P1nEvhZxKupUvXm_zMJTB3oshtVSM5GWXbLymdC2yo2xz-qA=s0,1
우이_Ui,https://yt3.googleusercontent.com/0T9Zhhm4OTbv51-9V0ymmvsSeCblvb_BEuL6YeNbhhgUwUZQdNuDOnZSoyDe-OJNKyine6xDqg=s0,2026-04-05 11:42:23,2개월 전,https://www.youtube.com/post/UgkxeIhM4CMUw5tLpYbaWPV4LesIPG46FJkS,0,2,오늘아침은 아침햇살과 솔의눈^V^,,0
온리리온 비밀지점,https://yt3.googleusercontent.com/PadAE7-CoLtyyLKTdk8exebQ3UPWZtjz_elHLUFDWCGtWMNV1_dBxzCuJ1rWwTc06_f_CYzDrg=s0,2026-04-04 22:59:48,2개월 전,https://www.youtube.com/post/UgkxTPcYJOU32AroFNKEeEsVkmZ1NAABZeQL,5,2,그림방송 0일차,"https://yt3.ggpht.com/vv1HFF1BCfjKhecfgfYnDqd9c1Y3wNZy7zKuQ223yWfFJL2dgIue5XHyXUWjgFsmXaEv2fkyB0123Gs=s0
https://yt3.ggpht.com/QCfqRuIlIKB6ZOWQ9J41iMNYSl_rxr0YSTOwaelYR9G2rtrL8FXhuPDQoklnzr9YHWReB0zB2vrkaQ=s0
https://yt3.ggpht.com/-WWL4OgH0jmyetocpuMY2vY5eEKQxxM2SMh5jSarUCk-qT8CpsYfd6EUjEfcJHePFJaQsG3_snyHzfw=s0",3
와쿠와쿠 프린세스,https://yt3.googleusercontent.com/v-k6Fkgv_nHs-fYbrByeX65pWKqKdkeAkj8hQCa156_RsufyTeAdLVDcdzuQrUy1DHWKjatp=s0,2026-04-04 22:36:11,2개월 전,https://www.youtube.com/post/UgkxmG7jSXqIVEkD6m6CP_BNZbc5Skr68Q5q,2,6,내가 뮤트를 그리는법,https://yt3.ggpht.com/qsqnXwJZLSpN9xECqPsy12a3wLT8zAVM2xh98Qbnz4d12TA_2SW9CuEypxcaNQRrU9uI9qxbWd_S=s0,1
루포,https://yt3.googleusercontent.com/L-XO0jpjfoZyw0-33fBmLatRfca7etj9v7kcw-w4w5c4sIHWmlEbRnzSMLk04IHItbNDowTS=s0,2026-04-04 21:28:31,2개월 전,https://www.youtube.com/post/UgkxtH6QkRZvsxAeWd_NnwthqhPFJmYicqfQ,9,2,저퀄 낙서 ㅠㅠ,"https://yt3.ggpht.com/udqSPxS4fZDGvKwS_ZCpW9FqLjigFHL8dYX2gBqW-PAM6Pi7FcWBuJsIAVOhzWOsmIXnmLk3CQHAuA=s0
https://yt3.ggpht.com/DbK_hzg4DfHzdKzgV72ansKJwX3x-P_gcqJzt5VsRtEmOlgAMZizjkIQVA4BbYeju8A3nrXnsNFrZzY=s0
https://yt3.ggpht.com/SRPGNw7yLAPs8j44_3e5WaEIyYDMvyUd4PfbA6_mIcr8yRJps5kTO_l5WJnirMH5vpBdoR3f5FhadlU=s0
https://yt3.ggpht.com/A1JN6IStAi67sy6V_E5JkwGgsgsBbj0n1ENTHyxj4KbWJ_rMFQ7EDKlDYtH592yYIKuFc_jDH82g=s0",4
루포,https://yt3.googleusercontent.com/L-XO0jpjfoZyw0-33fBmLatRfca7etj9v7kcw-w4w5c4sIHWmlEbRnzSMLk04IHItbNDowTS=s0,2026-04-04 21:17:54,2개월 전,https://www.youtube.com/post/Ugkxqk_eObZ9SzIjqjV1Y8o2LcKGUTTI7JwR,11,4,"3분은 무리였나?,",https://yt3.ggpht.com/Oe_ft7xn5NKI5yUPfEPLVNlHd61l6i6AZ2bfTTF0a2ySX-YC5NOtorUcwX_DlfejR-CJLr_InmFfLQ=s0,1
우이_Ui,https://yt3.googleusercontent.com/0T9Zhhm4OTbv51-9V0ymmvsSeCblvb_BEuL6YeNbhhgUwUZQdNuDOnZSoyDe-OJNKyine6xDqg=s0,2026-04-04 21:04:58,2개월 전,https://www.youtube.com/post/UgkxObcyXo2OGXC5mhJbiUY06eAIW1CydJTV,11,2,포기하자,https://yt3.ggpht.com/S5UI7OKbj6-bOQDIpUv0v2hTzFZZkEGTGFM_SRoPSzaJBATS4TkPX7LDM8Sqhf2w2IpWrm_a2PzRpX4=s0,1
와쿠와쿠 프린세스,https://yt3.googleusercontent.com/v-k6Fkgv_nHs-fYbrByeX65pWKqKdkeAkj8hQCa156_RsufyTeAdLVDcdzuQrUy1DHWKjatp=s0,2026-04-04 20:43:42,2개월 전,https://www.youtube.com/post/UgkxwsYwVRhLHwmy2646Mq6m7J3BxmZVzlCY,23,2,2.5주년 생존 기념관 벽?화(진짜로 온리리온을 찾습니다 팻말(휴대폰) 들고다녔습니다),"https://yt3.ggpht.com/S3oIhd8QoTPKY45qhlPyBT5OAPfEC2GecwZdP566uu0H8XUQSOKmIlX9-deIAt3FRzjLxvYnE2Vosis=s0
https://yt3.ggpht.com/Xuu8ETPyfAO4XQsUXaChCy5iKCPxqacejzycut0w-OW_hdylAXFPfOf5opAojBNhl8Bb50W4DQd4kA=s0
https://yt3.ggpht.com/8QAbj-mHvKhYCTBUN760tosq9UBMT9oet8u04r-4yaiqNfYxb1tjknXHFOUASEIZS6c8a2o9Z_xHSg=s0
https://yt3.ggpht.com/isJUUZ1eahzMQVkngdl8iHtsruz5MvtmY5NoN-RNrJjVi7zdX7pIPkhuDxhPuBIJdOfF3MX140zB=s0
https://yt3.ggpht.com/4VO6dWyYSZsVGNwGmWl-loRYkb6TcolCGCstUgzTWZIpH2JthFwfHIoGbXLrTkQ0BkRwWpCaXBxPmbs=s0
https://yt3.ggpht.com/oA6yvSCD8FI0oaktd_b_1O1cMuF06AyX8y1o5L1ik8cYo4VWkLen034o2ujFu-IIo705pmY7_dCG9w=s0
https://yt3.ggpht.com/WnkdFeOQJt8G4Ni9vrJ1EZNlPn4TeXgPW1YZQAfjMYGubgWyse9Ur4DqPw3OQdYg_ZTCXXYfyqcALg=s0",7
짱킹갓존재,https://yt3.googleusercontent.com/IfbNPAwousNx1zo1l9h2fAsI3j4GZgywRQSJAoHI03Ia75dMCiYV8unQOpSeds2DOsSL_OJWqw=s0,2026-04-04 20:34:38,2개월 전,https://www.youtube.com/post/Ugkxx4QHm2XaMPR3_ig5ID-DJARaRrWHyifa,0,5,그니까 이런게 된다눈 거지 흐흐흐흐흐ㅡ흐흐흫,"https://yt3.ggpht.com/bBWageJCRYiRokxB0XS4b0ELtVXTt2YKPIBMb2RZiSnTY-GCv3Ytn6UOloNPJhzHUOYk92ckPaBibA=s0
https://yt3.ggpht.com/9MFsY7Lgw3MjXpx2KlF_pBbCAzVijBKr7LrWzvem0aLppu58R_YfYIM4-SRon7pRGpRgjabuZHJxgw=s0",2
짱킹갓존재,https://yt3.googleusercontent.com/IfbNPAwousNx1zo1l9h2fAsI3j4GZgywRQSJAoHI03Ia75dMCiYV8unQOpSeds2DOsSL_OJWqw=s0,2026-04-04 20:17:24,2개월 전,https://www.youtube.com/post/UgkxQO5wFO2jg9TAKzpNEb4kHJZ9mAiUztN_,1,2,리온님이 커뮤보는 지금 트릭컬 사도 뷰어에서 본걸 이르는거야!,"https://yt3.ggpht.com/eaZua61g-Du7Gm8zBPYPFwg6MxWyRyHVLkvLi4BDH14lL7KmUG6AKBCscKsKGfkC1IU0TgRQyD6n=s0
https://yt3.ggpht.com/OUHkHBZTioA7fRD7dTlMTErLf2a6M8z_0C95ZjOii0GL-P6q79qrUiur3L5es8Og6Em-ZE2odsB4=s0
https://yt3.ggpht.com/oZqWM9YN-_Oy_GCMRedqBD5tF5Rkz0lLGfySFxYhMm1BEohCZ-DMMPaHj3zKvkkteRlt60tPa0_T=s0",3
루포,https://yt3.googleusercontent.com/L-XO0jpjfoZyw0-33fBmLatRfca7etj9v7kcw-w4w5c4sIHWmlEbRnzSMLk04IHItbNDowTS=s0,2026-04-04 12:23:21,2개월 전,https://www.youtube.com/post/UgkxoKvdPb4t2KK2qbEOHeoZPHR4NXwBz9VW,7,2,미완성 낙서♡,"https://yt3.ggpht.com/JoS848XnCrddsSP-F0IwBWAPQBhTeruAb77eaMsfSq5YVvDO_yrf_5Rul3-nWfDMrQVyeg05ebS34A=s0
https://yt3.ggpht.com/atlOr6vRGVnxJjATZolMbXF21rOI1uhkZEHgmou53Fj4fWkJEdTX--n4zE9xItliguXvacvRc3HhJw=s0
https://yt3.ggpht.com/w4xPEPvwjg_Jt63g2s_Iv4xTwRZPDU3sER1gEVhY6fTz2LTO38wdLI07fgXLtFqjwh_f4Fzr1r1DCQ=s0",3
우이_Ui,https://yt3.googleusercontent.com/0T9Zhhm4OTbv51-9V0ymmvsSeCblvb_BEuL6YeNbhhgUwUZQdNuDOnZSoyDe-OJNKyine6xDqg=s0,2026-04-04 18:58:26,2개월 전,https://www.youtube.com/post/Ugkx8K9J1h0r49dfSD9oPszcR7c-d5SoM3hL,0,2,소신발언하겠습니다,"https://yt3.ggpht.com/zEDsEOLGyv0JHxs4cwH9Qxaz5-MrJFJaSY_IJSZRU54r5d4UDW1YNogPLxFVXmO9yCQyVM7BARAypA=s0
https://yt3.ggpht.com/I0mI4J1oLMH8LTus-ws069I3RaOSPXRMouYDXZxhyhH28bYPOt1EjwzkNnTPBb-N4w2p7EhGZbVp=s0",2
짱킹갓존재,https://yt3.googleusercontent.com/IfbNPAwousNx1zo1l9h2fAsI3j4GZgywRQSJAoHI03Ia75dMCiYV8unQOpSeds2DOsSL_OJWqw=s0,2026-04-03 04:54:58,2개월 전,https://www.youtube.com/post/Ugkxg28h6PqunDVtjTnXR6x9Jnmlcp9r6cCy,3,2,리온님 주무시겠지만 한번 만더 올릴껭료 1분후에,,0
토게의 팬텀퍼레이드 생활,https://yt3.googleusercontent.com/xqWSRg0zOx6oXwJ1Lo1BGqWewPErjQbQcLPo3dnPMzUI9WLPeHi5xKvtRHaWXGCM07Vd42rB2g=s0,2026-04-03 04:13:58,2개월 전,https://www.youtube.com/post/Ugkx3tHghvnsn7Uv9PWNKQ2owVevI9b5VhET,13,2,*또 비틱주의* 나도 갑자기 이렇게 될줄 몰랐어..(네르천장),https://yt3.ggpht.com/88x-RswuSNtP5dIvEuh3teM51LyQB2dWSy8CM5qheN4JGacPpDk3SvfmWI9Uu7hFpTra7WWDZ2UmCw=s0,1
토게의 팬텀퍼레이드 생활,https://yt3.googleusercontent.com/xqWSRg0zOx6oXwJ1Lo1BGqWewPErjQbQcLPo3dnPMzUI9WLPeHi5xKvtRHaWXGCM07Vd42rB2g=s0,2026-04-02 20:42:48,2개월 전,https://www.youtube.com/post/UgkxR6RIOlPHhlN8C9onlgrCbc4QG8jDFog3,10,2,*비틱주의*,"https://yt3.ggpht.com/4xzKM6y8d6v7aOJizAnWqAh7zTwZ8CTODoml0KL_vJIjGIyCbB9lYPUIDIH_ULd2xnqETRW0j6du5A=s0
https://yt3.ggpht.com/Sn2f_tp9WlJ6sQvtBQIKxbF9UsCh8vfG21sAQPkJWfuOULXAalNzASSzVLK8-Si90BVWQ8sUaSdjOw=s0
https://yt3.ggpht.com/DXF5NUfP2cqNHiLskzuvTh_9cnF7P1NGVU-NJ3ID9DLIerNFLJiCdJjPvHI0qRhCEzLqa5pRN2WKFw=s0
https://yt3.ggpht.com/JLv4a2CTuNTdTm_UvMu9oZnyQJe9JwDd72H-AfyfzQvBPSqVUHzKXm9yfOA4TNjB7lpjCvPLHLfybP4=s0
https://yt3.ggpht.com/C0XTT4XhL5OikmOIJaP3pHFE5E7iZx78sOnh_KuEwh8i9CKIz4MDykA92j520kIbFBHNzvGKwd_t=s0
https://yt3.ggpht.com/yJPYPBMaMFNwr8aXD65r_ElX-ewkLIUapdd0-E54laxbdIoDWep7zqkB5P9sXY1cCDwuDx5W006ovg=s0
https://yt3.ggpht.com/odadHzaepVTpEnxeA2Zf7WXPz7TlO7EsRHZuoW0fLOaQ1ZIPL_q5kCNkqCDi5wvXnz4NQUs5dkIHyQ=s0
https://yt3.ggpht.com/NtlIrI4raeXbosRygM9KzgYBqyBnvy4n2ReT2gHGWiU75iuxv0OL-3Bw_Sn-qhLODCJ0PgoPRAe3TQ=s0
https://yt3.ggpht.com/fui9ZuKcem2tizNRmLwV25nJgg0PlK_YvDXJPJZrN5TaOKQL21xbPYtyDf4lL29riVPRa7EDwJNw=s0
https://yt3.ggpht.com/b_gxndalGP8zPgiKC10G73ZrFwchGlzaJHEw7239oEx1WncScqjRHuxxYa3TtJJORQ8Bj-xrdYxj=s0",10
짱킹갓존재,https://yt3.googleusercontent.com/IfbNPAwousNx1zo1l9h2fAsI3j4GZgywRQSJAoHI03Ia75dMCiYV8unQOpSeds2DOsSL_OJWqw=s0,2026-04-03 02:58:50,2개월 전,https://www.youtube.com/post/UgkxOaSFK0q498_Aj8Ionehwxz1BHXiiH-fC,0,1,이거 평발이라 발과다리 아픈거죠?,https://yt3.ggpht.com/-LobIic5kORhtDmwhssibbhPHpE6Hi9_Qsq90_7WB21UC7_FlK3ZJoJY_18hb7TJdyk0PvqNIcN7Kk0=s0,1
짱킹갓존재,https://yt3.googleusercontent.com/IfbNPAwousNx1zo1l9h2fAsI3j4GZgywRQSJAoHI03Ia75dMCiYV8unQOpSeds2DOsSL_OJWqw=s0,2026-04-03 02:51:42,2개월 전,https://www.youtube.com/post/Ugkx4cc2PPY4gmq5TY5eMldF74fYvwIUdI58,0,2,리온님 제가 트릭컬 사도 뷰어에서 찾은 그 무언가들 올릴테니 삭제할 준비 하십쇼 댓글 적우면 올리오록 하겄습니다 ㅋㅎㅋㅎ(아님 10분 후에 올림),,0
카노,https://yt3.googleusercontent.com/nQ5VrMdOVG8uTxVQ70uu9TWVl9NzftA5DQSWDBPfC0hmlu5jQgI45vq8fg5dh_yxlgPog6LJLQ=s0,2026-04-02 23:34:22,2개월 전,https://www.youtube.com/post/UgkxS7LHtdcMhtBsjLviGvraTPnw998bw_aX,6,1,쌍다인이 안떠요...,"https://yt3.ggpht.com/cgfBuodvIO8yLsLgIoBu3TQlZGMLYSVhNh3ryoTV3Z83n_rDcyskYezXuncmrZn4f7OcOnVzfpYNPA=s0
https://yt3.ggpht.com/UMKCPhcr-M1-cJCRdYqP2_6lsCNZ6a2He9CrNKpi3WfCZqxxfjustojZNmXNJo8AJNk3tHhqKVzwiQ=s0",2
레몬좍,https://yt3.googleusercontent.com/IMTQD9ZbrrqrEH-Tqo9d072VnIhiTj_xCnDS41ovLnwSqKaMPK3fdy25MbusxXpNDEiA5rMNuA=s0,2026-04-02 22:50:58,2개월 전,https://www.youtube.com/post/UgkxQv89Qd7jZQcKfv1pBQGCUk9GDRf7W5wp,20,1,"월드컵 끝나고 노가리도 안까고 튀다니...
참 정없습니다...",https://yt3.ggpht.com/-kbYvXzxBdoFJi37_llKOxwt1Bq1RUe5xoFE2tEtabk5h9P7zRz8xCZzGa91-U6-CCEfZLI8hMCgSQ=s0,1
Edgalic,https://yt3.googleusercontent.com/JFEjBZp3b79yxyHFQ8F2vAhiFYz1gKVfG2Xsn68DfBk5DZlXHmtd4yponWafXqNx6vpA4xjMXtE=s0,2026-04-02 13:31:21,2개월 전,https://www.youtube.com/post/UgkxBgGDCpUs703masOE5jNY5amLB6-lGbsr,15,6,내가 비틱을 하면 니들이 뭘할수있는데?,"https://yt3.ggpht.com/NQ9j95dLALfuYW6F1Nd8q3jVgptW_xrKPFCCz1iNp7QLADUOX1mRWQD_Dwq3x5qRzdyx7Gi23EUuvw=s0
https://yt3.ggpht.com/iZM3getz63hiRoPqZsPpo5H20dl9hVfv1bsslU58bTvjo_LcVO8t9R3EECjbfyKR1ceX65hh9a9sPQ=s0
https://yt3.ggpht.com/owMoqV0oTP5vTofJjy3-oRMZn9d7XqjoHz7vVbaeXaEE37Pdd110HnDPWRWpcpeumP2OMCKyWQm8-g=s0
https://yt3.ggpht.com/o1te8QmCY4a0q1QX_umOJD3jcak1qFErpwz-8eYLKupVozQ45kHFWSqkP5LAcfLC_1drDGxlfzgZ2WM=s0",4
순수맘 급행마니아♧,https://yt3.googleusercontent.com/oUN8KasRZn4dZGoXgt0nEVrNZ1qUiC1EhAO8f8-mbTRoI3Bq4ryzGLvmd2ttSbIVlSt-qBsS=s0,2026-04-02 18:13:04,2개월 전,https://www.youtube.com/post/UgkxYPeX16wdg2au2_e3gF7SdMhbWW4w6rjU,35,8,왔음,https://yt3.ggpht.com/F277QpqLcKVshDIJcyc9nFr30sAs74Ia2xPPLGADpjz1tWj1wecEyPbQKfHkIWZJJ7ycXNExlqEA=s0,1
온리리온 2호점,https://yt3.googleusercontent.com/jlIhMicbFwdmtEkjkNHgxHZUiEBDWpoSITR1McD7DLbviDYWMkJ2gxlwW634wrMOhFKxV7806U0=s0,2026-04-02 11:07:51,2개월 전(수정됨),https://www.youtube.com/post/Ugkx-NdPgGurtOoAdST1ntoNx162LeA9alQj,56,1,"생방 다시보기 공지



저작권 이슈로
대부분의 영상 다시보기가 삭제될 예정입니다 ㅠ

멤버쉽 사용 설정을 위해서이며
최근 2주/이후 다시보기는 영향 없으며, 일부 영상 제외입니다


주농가는 다시보기 :
3.14 이전 모든 영상
트릭컬 스토리 방송
500기념 QNA영상


특별생존 다시보기 :
첫 생방송
노래방송
합방
저작권 안걸린 몇몇 영상


내일까지는 남아있을 예정인슝좍~",https://yt3.ggpht.com/L2TfeEUI5_Yy8nNT_QwGyNs0_FXgy5rImNgv5Gzb3D3QSoxA9sHV_b2lJi-frX5_WixrtfNXCnsQJmI=s0,1
토게의 팬텀퍼레이드 생활,https://yt3.googleusercontent.com/xqWSRg0zOx6oXwJ1Lo1BGqWewPErjQbQcLPo3dnPMzUI9WLPeHi5xKvtRHaWXGCM07Vd42rB2g=s0,2026-04-02 01:00:00,2개월 전,https://www.youtube.com/post/UgkxEtnsAswpm17Fg7iuqyYnVIa_kI51RDQ6,11,1,방장님아;;,"https://yt3.ggpht.com/h1GLxBNODfRUaPdHsJ9LhIfqZQB9OCXCiEYeF39Y-zT3W5ndVq3fbcxtjRnp2HIReyWPJUw8M6GMOac=s0
https://yt3.ggpht.com/H7bYGWWNuBrSWi9wjOyg0qJdVqx5q_kon73Qtporji8bP98iK3ZDxdAwFsoTWZYwnlafSnqWGXwsvA=s0",2
Spppparrot,https://yt3.googleusercontent.com/ytc/AIdro_l_cdb12iEvfbconWqKW89iqSh69jL-NdmjZIuXCkr9Yg3iLzKFdf8SG32lYrR3AmrM9A=s0,2026-04-02 00:20:54,2개월 전,https://www.youtube.com/post/UgkxJIjpcxntX6P6DJpJcfKWOSrBgrNQBUKI,5,3,댓글 달다 때려침.,https://yt3.ggpht.com/q0aPWFf3g38s-6bu9fdGETmDu2gWhMkl-yEB2CwONofyNm2vNbInPn12gZprf-mcRk7pb7_MmmyedTo=s0,1
우이_Ui,https://yt3.googleusercontent.com/0T9Zhhm4OTbv51-9V0ymmvsSeCblvb_BEuL6YeNbhhgUwUZQdNuDOnZSoyDe-OJNKyine6xDqg=s0,2026-04-01 16:37:30,2개월 전,https://www.youtube.com/post/Ugkx1enc8CmkqHhune_rZdDXFMYPaibaORaQ,0,2,질문찬스,https://yt3.ggpht.com/_HrsX2-gGdn7vim6sm0hSnrrM7f4h986VDG57sHk8GJZIIAWswBFCYTwoU2q7Bd5E3p2n--Ad3lospA=s0,1
온리리온 비밀지점,https://yt3.googleusercontent.com/PadAE7-CoLtyyLKTdk8exebQ3UPWZtjz_elHLUFDWCGtWMNV1_dBxzCuJ1rWwTc06_f_CYzDrg=s0,2026-04-01 23:37:17,2개월 전,https://www.youtube.com/post/UgkxCcXh31g5bQu_phpvuGh4NrO_L4ZkAfUw,3,1,에슈르 초안,,0
루포,https://yt3.googleusercontent.com/L-XO0jpjfoZyw0-33fBmLatRfca7etj9v7kcw-w4w5c4sIHWmlEbRnzSMLk04IHItbNDowTS=s0,2026-04-01 23:28:40,2개월 전,https://www.youtube.com/post/Ugkx4kFTCtX9bXCWg9SmdEa-cSQMvkn2JnG-,8,5,뒤 도 시 오!!,https://yt3.ggpht.com/YmTdAKSErf68vvpJX6ncYXGmkhgIEw6zfT4dxI59V3H_kh3p0s1_cesOoYJ7sWRuj2X09D0UV_wa=s0,1
우이_Ui,https://yt3.googleusercontent.com/0T9Zhhm4OTbv51-9V0ymmvsSeCblvb_BEuL6YeNbhhgUwUZQdNuDOnZSoyDe-OJNKyine6xDqg=s0,2026-04-01 23:23:52,2개월 전,https://www.youtube.com/post/UgkxzHUpRrKRuhypKGfbzmrRcloa1yN78Wbd,0,2,수학,https://yt3.ggpht.com/VeBSgidy4FWk0S-vLLuzdPTDXuHs2bkU-qIGQvU5VdyFcI9YUOSSASjjFCW1LbQM_Plct7w2ZW9y=s0,1
루포,https://yt3.googleusercontent.com/L-XO0jpjfoZyw0-33fBmLatRfca7etj9v7kcw-w4w5c4sIHWmlEbRnzSMLk04IHItbNDowTS=s0,2026-04-01 23:19:26,2개월 전,https://www.youtube.com/post/Ugkx_IfKjmHb_LEKCHAaIUtYZutOi9CHGQQj,4,4,검열 쬰쟌니,https://yt3.ggpht.com/0L8uNucxDb4Sq9Xkn06wNGUOApp4DOLVgQ7q06t7tZQGFQ6alSnEeAa5dE4cXPysvkyN2s7ijsKv=s0,1
우이_Ui,https://yt3.googleusercontent.com/0T9Zhhm4OTbv51-9V0ymmvsSeCblvb_BEuL6YeNbhhgUwUZQdNuDOnZSoyDe-OJNKyine6xDqg=s0,2026-04-01 21:41:04,2개월 전,https://www.youtube.com/post/Ugkx9c6zoBT2S_ZEqUzZpiKW9Oz7pvEa-UJF,2,3,리온 미니갤을만들겠어,,0
토게의 팬텀퍼레이드 생활,https://yt3.googleusercontent.com/xqWSRg0zOx6oXwJ1Lo1BGqWewPErjQbQcLPo3dnPMzUI9WLPeHi5xKvtRHaWXGCM07Vd42rB2g=s0,2026-04-01 21:38:50,2개월 전,https://www.youtube.com/post/UgkxpOV_iHEyQiJWautQQuTCi-XL2LeHs4jJ,0,1,저는 사실 주술회전 초보였고 토게 말고 게토 좋아하고 마요네즈 말고 빅우드 좋아합니다,"https://yt3.ggpht.com/CpeBs-0ZBFbWSneN4ZnrIz1gBNvclRQiaghdm_3_QzknI89fSS6pK-U5k7jVWrGiE8eAAMRZTdvQPMw=s0
https://yt3.ggpht.com/IYhbCFAPTFV--A6NZVrDBBbELXCZKIEnPgoyPOo-xqOsvH9pl9UFGuC_8tOC-wnFK74hpJS2Nud8hg=s0
https://yt3.ggpht.com/jssF33aflRpU6OzHAQUSS-qTeV6IIDA1IuoXa1c6NMPIz1SQ1ch8N47_IWk9FR30ov-drUBN6mGLvA=s0",3
빙랑,https://yt3.googleusercontent.com/o391pQURrVGFpC60fl82wVRKcdmFBpkxnOeop8s0QiL6Ud7a_2icekn6b0HWQvZASdGZv_SG=s0,2026-04-01 13:55:49,2개월 전,https://www.youtube.com/post/UgkxLnHoy4YiK7o00Znb47BORd1Dan0rEgA-,9,5,"트릭컬 접겠습니다

트릭컬 로고 접는다던지 그딴거 아니고요

트릭컬 켰는데 이 화면이라서

1시간 기다려도 그대로길래

폰을 재시작해도

앱을 수십번 지웠다 깔아도 이모양이라

그냥 접겠습니다",https://yt3.ggpht.com/PazJ8_MRuXJ9DR-A_xxGyqtV7OnLDnVfgmfibhCZeK_Hd-e64qNm8g76Ew_QC-kcpsZ1vaGWBS7SQQ=s0,1
우이_Ui,https://yt3.googleusercontent.com/0T9Zhhm4OTbv51-9V0ymmvsSeCblvb_BEuL6YeNbhhgUwUZQdNuDOnZSoyDe-OJNKyine6xDqg=s0,2026-04-01 16:59:49,2개월 전,https://www.youtube.com/post/Ugkx6Im-2gQKoovmJXqhUF6P9lqPXFts42RH,18,3,와 네르,https://yt3.ggpht.com/fuUa7LE4Ye9BuB4uyPkvvOFHtkvnh-DxdtgOPow_pIWTWRwy5zpHRD_UDSmDXy_akvSBTM0FyjAqxjE=s0,1
Spppparrot,https://yt3.googleusercontent.com/ytc/AIdro_l_cdb12iEvfbconWqKW89iqSh69jL-NdmjZIuXCkr9Yg3iLzKFdf8SG32lYrR3AmrM9A=s0,2026-04-01 16:43:53,2개월 전,https://www.youtube.com/post/UgkxG0aeX4r1gE39GuGvtT2ukPoTVNPjM_Zv,0,1,코미는 너희들이 무슨 말을 하는지 모르겠어. 오늘이 무슨 날인 거야?,https://yt3.ggpht.com/HJIo67vF9yVEDdEv6q4zN5A7hZ0chQeq1pWi9FdKSUZ4WZGZVbiK8okBspXMMMEgdpMvICbtXny_0EU=s0,1
빙랑,https://yt3.googleusercontent.com/o391pQURrVGFpC60fl82wVRKcdmFBpkxnOeop8s0QiL6Ud7a_2icekn6b0HWQvZASdGZv_SG=s0,2026-04-01 16:39:22,2개월 전,https://www.youtube.com/post/UgkxbWPP3Z3tIQ0LbWmuIUgw-Z7dsZv-ONEz,7,2,"온리리온님께서 오늘 아침에 돌아가셨다는 소식을 들었습니다. 농담으로 계속 병약미소녀라고 했었는데.... 
섬가 고인의 명복을 빕니다.",,0
우이_Ui,https://yt3.googleusercontent.com/0T9Zhhm4OTbv51-9V0ymmvsSeCblvb_BEuL6YeNbhhgUwUZQdNuDOnZSoyDe-OJNKyine6xDqg=s0,2026-04-01 00:38:46,2개월 전(수정됨),https://www.youtube.com/post/UgkxZIDLLCfuSRPNRIrxsAtTU_1kkYFs2ffz,0,1,나는 에루는그냥 교통수단이라고만 생각한다,,0
토게의 팬텀퍼레이드 생활,https://yt3.googleusercontent.com/xqWSRg0zOx6oXwJ1Lo1BGqWewPErjQbQcLPo3dnPMzUI9WLPeHi5xKvtRHaWXGCM07Vd42rB2g=s0,2026-04-01 07:37:59,2개월 전,https://www.youtube.com/post/UgkxT-bQtlaN6nwYKgrNFJzooZL1CThDZT_2,0,1,저의 최애는 빅우드 입니아 으흐흐(만우절),,0
Edgalic,https://yt3.googleusercontent.com/JFEjBZp3b79yxyHFQ8F2vAhiFYz1gKVfG2Xsn68DfBk5DZlXHmtd4yponWafXqNx6vpA4xjMXtE=s0,2026-04-01 00:47:12,2개월 전,https://www.youtube.com/post/UgkxksoIJZOBe6NZQdVRO-PUaPx5CMoXeq7F,4,2,난 리온이 싫다 너무나도 싫다,,0
레몬좍,https://yt3.googleusercontent.com/IMTQD9ZbrrqrEH-Tqo9d072VnIhiTj_xCnDS41ovLnwSqKaMPK3fdy25MbusxXpNDEiA5rMNuA=s0,2026-03-31 21:54:38,2개월 전,https://www.youtube.com/post/UgkxovZFadNVxm95G6x7aaTuEpkwLLtYHrrf,63,8,UFC->WWE,https://yt3.ggpht.com/aN_K2d4rgO6zpOgH0eflLhNGwo1-6EJeV5cno3W8HETXcSc28gQop5XdOyvtDaI4up8bSurRDix0W3M=s0,1
우이_Ui,https://yt3.googleusercontent.com/0T9Zhhm4OTbv51-9V0ymmvsSeCblvb_BEuL6YeNbhhgUwUZQdNuDOnZSoyDe-OJNKyine6xDqg=s0,2026-03-31 21:54:35,2개월 전,https://www.youtube.com/post/UgkxCaVmRs8MuBSofL2xxIh347VKd3-dab75,1,1,팬카페기원1일차,,0
마리사랑단,https://yt3.googleusercontent.com/GllUzNYohgivBjdzxF3AHFjKYOKlDAxcPwzJGCHjDJKLm396fxWx2QDveqj_GVm0OX5UB2iArLA=s0,2026-03-31 06:32:52,2개월 전(수정됨),https://www.youtube.com/post/Ugkxf7wC_kYBS7D2Vk201KGh2na7J4y9DJ7H,3,5,햇살 속의 리온,https://yt3.ggpht.com/Fmrw1fdA-6du4jK50FuenHK6tC5Gn_DPpMGFSlyWSaz1aTtLtgkfreDC25JFGTz9VzvjUnyHy_F9=s0,1
티그_TIG,https://yt3.googleusercontent.com/dPgtGKgZEeM4Xrqz2xuPf3hMV9XYFHwD7gCAkpK5Oa-CHR54I9IJubuPoIr1hOgiPwgGzuAK=s0,2026-03-30 22:32:12,2개월 전,https://www.youtube.com/post/Ugkxg3kh6q5Lnsr2vqwIf3DQLpf6YG7K8zu7,0,4,🔥,,0
티그_TIG,https://yt3.googleusercontent.com/dPgtGKgZEeM4Xrqz2xuPf3hMV9XYFHwD7gCAkpK5Oa-CHR54I9IJubuPoIr1hOgiPwgGzuAK=s0,2026-03-30 22:30:52,2개월 전,https://www.youtube.com/post/UgkxBtafD9qLlfkE38gON7C1qouMq93QAOg0,2,3,이곳은사료스탕스가점령한다,,0
ABS Disk,https://yt3.googleusercontent.com/ytc/AIdro_kcqkdX-iRudrzS4KmfonNRdM0GfIZJk3qRzTj6c4NE9aM=s0,2026-03-30 19:48:48,2개월 전,https://www.youtube.com/post/Ugkxky9TSHMsaeG7FCYvn5_nFafKmXbfcM1g,2,1,주말동안 하루종일 해서 엔딩 본 블러드스테인드. 악마성 분위기는 잘 재현했지만 후반부 필드가 아쉬웠사와요,https://yt3.ggpht.com/y4osQ2N_pToxDUDG88PPJLA37_5HD4jOwfxw3cYZ6FtbHAV95-yX5EKunQrTFOKedIv4dhPJ_qFn1g=s0,1
우이_Ui,https://yt3.googleusercontent.com/0T9Zhhm4OTbv51-9V0ymmvsSeCblvb_BEuL6YeNbhhgUwUZQdNuDOnZSoyDe-OJNKyine6xDqg=s0,2026-03-30 19:31:47,2개월 전,https://www.youtube.com/post/UgkxdH7b6MsOkWyfMTZYgTAo16FYlTpS_6ex,5,4,에루는정실이다,,0
빙랑,https://yt3.googleusercontent.com/o391pQURrVGFpC60fl82wVRKcdmFBpkxnOeop8s0QiL6Ud7a_2icekn6b0HWQvZASdGZv_SG=s0,2026-03-30 18:58:31,2개월 전,https://www.youtube.com/post/UgkxMDSMbfbQeilLNhTLZ1I9InxxaPpJ8Z2v,0,2,정실은요미다,,0
온리리온 2호점,https://yt3.googleusercontent.com/jlIhMicbFwdmtEkjkNHgxHZUiEBDWpoSITR1McD7DLbviDYWMkJ2gxlwW634wrMOhFKxV7806U0=s0,2026-03-30 18:30:30,2개월 전(수정됨),https://www.youtube.com/post/UgkxsskLBBqYy1WdzstiLOlbNuRG1ttuOLpm,82,9,"방송 좀 늦을 예정


밥먹어야댐 ㅎ",https://yt3.ggpht.com/0GqCbYftRzuiKYFnpD9F0pkvJwNV7Yp6SdEhB1RqaN5RSJIQeol1AhLeaTVaW6r2wDooGMczg1G3OQ=s0,1
레몬좍,https://yt3.googleusercontent.com/IMTQD9ZbrrqrEH-Tqo9d072VnIhiTj_xCnDS41ovLnwSqKaMPK3fdy25MbusxXpNDEiA5rMNuA=s0,2026-03-30 16:39:15,2개월 전,https://www.youtube.com/post/UgkxQN2v8InYfIOFoFtTATEyohd7eMPI3gY0,32,6,아사람 언제 오나요,https://yt3.ggpht.com/kGQ5_06dqm3G7msKuwLuh_NpZHl1-RvGZ0QE00IgNGegI7hKUGgyBgj21lXCoSFI7AfSiaBi9HXUkw=s0,1
코노 히스클리프다,https://yt3.googleusercontent.com/MTy3Vepc-RhRgFUGFsYMZvStd_w5f6qLqxLwe2qHsswm6s-L_S5Qz3nPtZow4llar4ynfD189Yk=s0,2026-03-30 03:31:11,2개월 전,https://www.youtube.com/post/Ugkx7CbBjbvEFazK0bajfA5I0CyEYvE4p0T9,15,1,"비틱입니다!!!!

여기서 이게 왜? 나왔지? 나는 사복을 원했는데 근데 오히려 좋아","https://yt3.ggpht.com/mygWqBVpbfM37NZiqCP2Qxiqlu24EGcyEI6n4UmcFCVNX_M1Tq1GeguU2pwMHznHyqNCUGZkyx-b=s0
https://yt3.ggpht.com/EmRMsYnCy7yPHTQbKQaVXhZ7XWOqdiXGq-2Nw9t_UNRv8q_zeOtTz3EdvE4y7QKkAUg4p9pMCJ5a3n0=s0",2
토게의 팬텀퍼레이드 생활,https://yt3.googleusercontent.com/xqWSRg0zOx6oXwJ1Lo1BGqWewPErjQbQcLPo3dnPMzUI9WLPeHi5xKvtRHaWXGCM07Vd42rB2g=s0,2026-03-30 06:31:50,2개월 전,https://www.youtube.com/post/Ugkxx_HiXQneTRqmXnUOD6a4ccDEu8ZtaOl7,0,1,오늘 그가 돌아온다,,0
토게의 팬텀퍼레이드 생활,https://yt3.googleusercontent.com/xqWSRg0zOx6oXwJ1Lo1BGqWewPErjQbQcLPo3dnPMzUI9WLPeHi5xKvtRHaWXGCM07Vd42rB2g=s0,2026-03-29 20:31:20,2개월 전,https://www.youtube.com/post/Ugkxe5DH7FT9bMCzL0Fr_XKnc-kOTZu5TjaK,23,8,어이가 없다,https://yt3.ggpht.com/BcxJODTsfT7hscgWRSBzVpMbPNIAufMMNEggno8sEySb9HlyBVE0NS4uhsMXDVVl-wLX8EL7vcsMzQ=s0,1
우이_Ui,https://yt3.googleusercontent.com/0T9Zhhm4OTbv51-9V0ymmvsSeCblvb_BEuL6YeNbhhgUwUZQdNuDOnZSoyDe-OJNKyine6xDqg=s0,2026-03-29 13:15:51,2개월 전,https://www.youtube.com/post/Ugkx_QtnjzhVuWqX8hMeT6DIlM-8Y-qQgD6b,2,3,"●비틱주의비틱주의비틱주의●



















랜덤박스대성공","https://yt3.ggpht.com/aP732mCCmqC4o4_fEnL3rfHdk6CUOnhjuEkd96j3tRnSc-snwJ1fDF6iDG7G_2hjeAVt6wa0sJkifsk=s0
https://yt3.ggpht.com/KeVITi_3RDnk3rRcoGtc4A95tGl4D4-trb2V2Ew_2hiy2nfXgqL98_v9q7Ax4l8bY_hEaBjuMzyBpdk=s0",2
마평,https://yt3.googleusercontent.com/ygtzIRx27nE3cRLMjv_NGoiqWQ7P7spNQnGVeGR8gADfUoqzZONac_EnmAWZtQFyigpvTfEdhb8=s0,2026-03-29 04:47:01,2개월 전,https://www.youtube.com/post/UgkxV7wfmwd5aGb85pfeNT7fVoIa1BHRc9bd,18,1,,"https://yt3.ggpht.com/OY6DcWHJTpLM0v65t-zhq3W4WGuAaP6qhl3YZtpmijBxTUEguA60bLiGJqmDfi5PBHMzB3oid2BXxg=s0
https://yt3.ggpht.com/rfSEH1Sr7c7LAwd7yD6ofdaqdBgYYuSuOjZRlkulG6bDLWHzXsPXZM71C10DzAbpfTevyfnUVed4cw=s0
https://yt3.ggpht.com/TnIeXpGsGvyK1sibIVKfXEsvB4rQGvOS_9oigOGwiVCKhlIYMoPvPHyHa5dTtwY2WIc5hRrocIeu=s0
https://yt3.ggpht.com/3DIcc7GYZrLCFx3AXf8o3hOzu8SuZtxaeo3yHGqmpW0SHn-vdQ-tZUkuZrqcFhjoTWeI34QrQKud=s0",4
순수맘 급행마니아♧,https://yt3.googleusercontent.com/oUN8KasRZn4dZGoXgt0nEVrNZ1qUiC1EhAO8f8-mbTRoI3Bq4ryzGLvmd2ttSbIVlSt-qBsS=s0,2026-03-28 22:11:14,2개월 전,https://www.youtube.com/post/UgkxpDCQfwY1HXGv3wxjHGix7rj8-Jfq4nWX,48,2,"에르핀!!!!!!!!
광기도 따잇해주고 우리 효녀 사랑해❤️🧡💛💚💙💜",https://yt3.ggpht.com/4dt3w2EYZMmi08CvFfuxmVrZlqLhATN2LnEbmNVxJtUr3x9khWHFaiFkjxsV8WgDvhhoMDsU7qZabQ=s0,1
카노,https://yt3.googleusercontent.com/nQ5VrMdOVG8uTxVQ70uu9TWVl9NzftA5DQSWDBPfC0hmlu5jQgI45vq8fg5dh_yxlgPog6LJLQ=s0,2026-03-28 17:55:04,2개월 전,https://www.youtube.com/post/Ugkx0nsQ4fPixwim7vjP-Wy1H4DG5EyCvlMf,0,4,,https://yt3.ggpht.com/YP9SYSM2arazM_1O20H0CIoNIBfeF5QjSz3cC-NvzaICKhPIVjCU6fi3TQs-dyTWvFVX8Mrnth3OhA=s0,1
짱킹갓존재,https://yt3.googleusercontent.com/IfbNPAwousNx1zo1l9h2fAsI3j4GZgywRQSJAoHI03Ia75dMCiYV8unQOpSeds2DOsSL_OJWqw=s0,2026-03-28 11:56:57,2개월 전,https://www.youtube.com/post/UgkxPd79gOFszFMIe9hxd3d2hryKC8sDuKzb,13,3,"아침에 이제 일어나서 올립니다 비틱주의⚠️⚠️⚠️⚠️⚠️⚠️⚠️








에르핀도 10뽑 1트임 ㄷㄷ","https://yt3.ggpht.com/XwEy8VteCdXR-trKXifs4KRZjyfL1Swf0Hqzhb96SK9sqWkYpaDRJuji2uya0dog9x4FDdlpGyrRP5o=s0
https://yt3.ggpht.com/KdU-sVyZcbwRSN1xd-eLe1O_SdlaoMJC4RUgY2Gu70mmEF0V1bezfZHsBtJut638rCoClLG4XzWxiQ=s0",2
코노 히스클리프다,https://yt3.googleusercontent.com/MTy3Vepc-RhRgFUGFsYMZvStd_w5f6qLqxLwe2qHsswm6s-L_S5Qz3nPtZow4llar4ynfD189Yk=s0,2026-03-28 10:50:32,2개월 전,https://www.youtube.com/post/Ugkxy3qTCnKl8WvAqOBp7-Bq2RIbHX1wki0g,8,5,비틱 입니다!!! (90뽑만에 에르핀!!!),https://yt3.ggpht.com/nUAhVqBhfU9JiDmcNwrXlGXEgjBp2YmG8IDxXhDeBovzk7h_xpO5PV8HFqhLLGPHNOd-_JaMP3gMTTM=s0,1
Edgalic,https://yt3.googleusercontent.com/JFEjBZp3b79yxyHFQ8F2vAhiFYz1gKVfG2Xsn68DfBk5DZlXHmtd4yponWafXqNx6vpA4xjMXtE=s0,2026-03-28 03:52:10,2개월 전,https://www.youtube.com/post/UgkxrfAM_5OvdjPwgeLJ8Icq5svuMw1AG9gc,16,2,5시30분까지 잠을 못자겠군요,https://yt3.ggpht.com/9yiP3bjlyMp32tnMqIqbcjIhEzkV4c_dQcQgd7tPxg-CX8bnQk8noAtA0JOHZdZRIld-6CR_llJG=s0,1
온리리온 2호점,https://yt3.googleusercontent.com/jlIhMicbFwdmtEkjkNHgxHZUiEBDWpoSITR1McD7DLbviDYWMkJ2gxlwW634wrMOhFKxV7806U0=s0,2026-03-27 11:03:19,2개월 전,https://www.youtube.com/post/UgkxqvGfyjPT7j0Iul5NLejUauAEhdK03zOr,58,8,퓨퓨,https://yt3.ggpht.com/m_zZSZ4jy4FIcGa8iLlhSVj3UNdtmMEDD9sbhmwheUM0VElh4sPjzpkkZ1hi1WpZ8p7umTMGTRYX=s0,1
루포,https://yt3.googleusercontent.com/L-XO0jpjfoZyw0-33fBmLatRfca7etj9v7kcw-w4w5c4sIHWmlEbRnzSMLk04IHItbNDowTS=s0,2026-03-27 17:07:21,2개월 전(수정됨),https://www.youtube.com/post/UgkxpEn5b9PJTdCt3hOu9bgjMYfEf54fldMa,2,4,"이젠 한물 두물간 늙은세장이 어거지로 철가루 알바랍시고 날 실업자로 만든 것이다.






요정들은 수인국민들은 총력전을 원치 않고 있다고 주장합니다. 그들이 말하길 요정국민은 총력전이 아니라, 항복을 원하고 있다고 합니다!

여러분들에게 묻겠습니다. 여러분들은 총력전을 원하십니까? 만약 필요하다면, 오늘날 우리가 상상할 수 있는 그 어떤 것보다도 더 전면적이고 급진적인 전쟁이 되기를 원하십니까?

여러분은 조국의 군단이 되어 총통을 따라 우리 군대를 뒷받침하고, 강한 투지로 전투에 참여하여, 마지막에 승리가 우리의 것이 될 그날까지, 기꺼이 싸워나가시겠습니까?

그대들은 우월한 수인들입니다 요정들로부터 이젠 터전을 되찾아야합니다.

이제 수인 국민들이여, 일어나 폭풍에 맞서라!

-아돌프 루포-",https://yt3.ggpht.com/GtTuxsT8wsUHJbTpgbr_48LHBS2Wr2rGx3gaEpamqxSI2hvbbugzD7ZwMJvV6BVTLtQLSkBNadYdleY=s0,1
순수맘 급행마니아♧,https://yt3.googleusercontent.com/oUN8KasRZn4dZGoXgt0nEVrNZ1qUiC1EhAO8f8-mbTRoI3Bq4ryzGLvmd2ttSbIVlSt-qBsS=s0,2026-03-27 08:22:11,2개월 전,https://www.youtube.com/post/UgkxGEl6A6LLiD9tdYczCka9rc7HFqcKX3mE,5,7,"순수의 시대가 또 미뤄졌어
에르핀을 당장 내놔!!",https://yt3.ggpht.com/aWwaZBSoQKGcFFFRz4cfsjhqB-FdB2eGrCat6pQyaSVRdKkJ402P36yvIadjodTQ1_Dw90-Ksxby=s0,1
토게의 팬텀퍼레이드 생활,https://yt3.googleusercontent.com/xqWSRg0zOx6oXwJ1Lo1BGqWewPErjQbQcLPo3dnPMzUI9WLPeHi5xKvtRHaWXGCM07Vd42rB2g=s0,2026-03-27 08:35:51,2개월 전,https://www.youtube.com/post/UgkxfHqOrO2qNPRcK2DVFV9BgYn-42u_zaHi,0,1,"""딱 한번만이예요"" 이때 Aizo를 넣은 마파 찬양해❗️❗️",https://yt3.ggpht.com/hnXJip7wwUPSeneLiqfmB8Bqp_VVqIQjV_QCl6In2HL6WZQTxTBkCdVGwG9VVOXO7BNuc90KuHZ6sLU=s0,1
짱킹갓존재,https://yt3.googleusercontent.com/IfbNPAwousNx1zo1l9h2fAsI3j4GZgywRQSJAoHI03Ia75dMCiYV8unQOpSeds2DOsSL_OJWqw=s0,2026-03-26 23:27:30,2개월 전,https://www.youtube.com/post/Ugkxdmb8Yd8V0iXmqCDIqTQOihZ5NlsY5vO0,0,2,"ㅈㅁ 그럼 네르도..... 뒤가 없는건ㄱ 







글고 속옷도 에르핀껀ㄱ","https://yt3.ggpht.com/evpzycOaXlqYHYVSENnMaeZ5Dmy6Gq-CG8t8tl4SbKUcD1nfiZ1NmlpOJ5204RwimpPemxvDEQaXAU4=s0
https://yt3.ggpht.com/SWbv67JRzwzJqwpx108AZty4FZgaOHTuHYVh4Lq0hUFwxZIxxHAhc-SEFZYZvcDDZB8CYclz0cXzBE0=s0",2
온리리온 2호점,https://yt3.googleusercontent.com/jlIhMicbFwdmtEkjkNHgxHZUiEBDWpoSITR1McD7DLbviDYWMkJ2gxlwW634wrMOhFKxV7806U0=s0,2026-03-26 22:20:29,2개월 전(수정됨),https://www.youtube.com/post/Ugkxvsf4AW2nuUsroSP0zHqQZ1lsubWHPdyS,53,7,"조금 긴 휴방공지



월요일날(30일) 올게요
사유:
트릭컬 생존전시회가고 가족일정있음



그리고 부코데이트함 그분이랑",https://yt3.ggpht.com/TNnvFteUto0n_iSuzCKKw3kL70AGVZorHgeiGvJG0xSmAkXMjA_aje2LZmY-neFHSBxm9_xahqx8Eg=s0,1
토게의 팬텀퍼레이드 생활,https://yt3.googleusercontent.com/xqWSRg0zOx6oXwJ1Lo1BGqWewPErjQbQcLPo3dnPMzUI9WLPeHi5xKvtRHaWXGCM07Vd42rB2g=s0,2026-03-26 14:42:06,2개월 전,https://www.youtube.com/post/UgkxJXeV3vvUDSKxyeEXxHhEUDtbhSTT8hqn,25,6,이게 뭐예요? 퇴물 회쟈니잖아,"https://yt3.ggpht.com/QPyMKjxPGDAl9KYno3RhwEhoWKCDdWaB24MYtjnuf3sU-oaH5EttbaIEp-8U1LOk_MatP-IuMZ46eQ=s0
https://yt3.ggpht.com/i0zu5a272GYu6cmFQ1CBJ39jy-bHpb_HoYaC4cm40cOoMl1q6BXM9Wl93Ai081Fp246wz3zQv6jbCQ=s0
https://yt3.ggpht.com/EFf6inzWJ9dM7hgfCIutpf1Aj9q9D9a4VsqgtFiji8WFiRuEaym6Nysw-ZvWUkF_NNXETEeCkSTw=s0",3
짱킹갓존재,https://yt3.googleusercontent.com/IfbNPAwousNx1zo1l9h2fAsI3j4GZgywRQSJAoHI03Ia75dMCiYV8unQOpSeds2DOsSL_OJWqw=s0,2026-03-26 19:05:33,2개월 전,https://www.youtube.com/post/Ugkx-Y4vF9f2DAYfA9_h1UmBlwKG5xXG1ifj,17,9,"비틱주의⚠️⚠️⚠️⚠️⚠️











크윽 10회뽑기 1트","https://yt3.ggpht.com/luZny7u7j2PbhBe7NAAiZ3xFwt_UVzl0ieseS6FUgAPaP1W2N23Le6zksXx16thSSz-e60q4pclvZmo=s0
https://yt3.ggpht.com/i_sBKpPnalsfH0eSYdz-YeBH2PIKgQGrIYVbb2zqovK3Off5iTy5TzTRDEv3gNtLPX9tfGkFmvTv2w=s0",2
루포,https://yt3.googleusercontent.com/L-XO0jpjfoZyw0-33fBmLatRfca7etj9v7kcw-w4w5c4sIHWmlEbRnzSMLk04IHItbNDowTS=s0,2026-03-26 19:05:29,2개월 전,https://www.youtube.com/post/Ugkx6N17JWMfQ6Q2cGdaWHvnhgBs4aJ4au9k,7,2,알래스터 볼따구,https://yt3.ggpht.com/DBN59TXK6mJueSVpw_fZU5vLG1HWSMYDZ4eYBXB7nW_5BUEe5SAsZgixjzu8XxQ-MbblhM20UO965Q=s0,1
레몬좍,https://yt3.googleusercontent.com/IMTQD9ZbrrqrEH-Tqo9d072VnIhiTj_xCnDS41ovLnwSqKaMPK3fdy25MbusxXpNDEiA5rMNuA=s0,2026-03-26 18:24:16,2개월 전,https://www.youtube.com/post/UgkxkI5_Rp9F9HvNO86Fm-XBO3fihkiOkDwD,44,3,"대뾴니... 교주님 슬슬 힘들어요

벌써 6시에요

이 정도 불이났으면 

알아서 사료공지 띄워야하는거 아닌가요?

뭐 이런 경우없는 연장점검이 다있어?



돈통 성격 모르나요?

다 용서한다니까요? 애초에 화난적도없어요..

깔끔하게 '성의' 보이고 끝내자구요ㅇㅇ.. 더 시간 끌지말고.

교주님들 지쳐요.",https://yt3.ggpht.com/k8oktAPa0cCT-nwvoZrO0QBSbW6ibzp5Q2cgirfGnyqw2wcDusvq6zmihycYLKxHduVcZO-ci5q_=s0,1
토게의 팬텀퍼레이드 생활,https://yt3.googleusercontent.com/xqWSRg0zOx6oXwJ1Lo1BGqWewPErjQbQcLPo3dnPMzUI9WLPeHi5xKvtRHaWXGCM07Vd42rB2g=s0,2026-03-26 07:57:21,2개월 전,https://www.youtube.com/post/UgkxgRMwB1rObL9GuglT05Qt8F8GIjkmj2yn,21,7,폭탄 들고있는 녀석은 누구예요?,https://yt3.ggpht.com/Bs0hyrshGy7O_3xzlkILy44YYv1leFxNawGWp2mCYbu1z4EHfbzWDa3aJ4UmD9uViOrsAbXOuzPm_Hg=s0,1
코노 히스클리프다,https://yt3.googleusercontent.com/MTy3Vepc-RhRgFUGFsYMZvStd_w5f6qLqxLwe2qHsswm6s-L_S5Qz3nPtZow4llar4ynfD189Yk=s0,2026-03-25 15:39:23,2개월 전,https://www.youtube.com/post/UgkxJkgNo1vWu8yiu1bJiGewMEAMFkHmvjv5,10,2,내가.....! 내가! 텅장이라니.....! 말도안돼,https://yt3.ggpht.com/9y8WXD2rlgBANLJo5_H2cHJ4BH6ZRlpF5TAQVF4sSlW9-NrvVRa9POhuMdZdRRFA1L-4wmFRGG0F=s0,1
토게의 팬텀퍼레이드 생활,https://yt3.googleusercontent.com/xqWSRg0zOx6oXwJ1Lo1BGqWewPErjQbQcLPo3dnPMzUI9WLPeHi5xKvtRHaWXGCM07Vd42rB2g=s0,2026-03-24 21:09:55,2개월 전,https://www.youtube.com/post/UgkxclhkNLnGyH1ul_HFk9yj8sZniIOKqMXm,1,1,허걳슨?!!?🤯🤯,https://yt3.ggpht.com/B5RN5HwR7FKWQGHSomJc51JlefJ2XpRjhIwFTftsD82qyApZoN3GTqZkRPo1i0yLGp0BY7p61T7v1A=s0,1
짱킹갓존재,https://yt3.googleusercontent.com/IfbNPAwousNx1zo1l9h2fAsI3j4GZgywRQSJAoHI03Ia75dMCiYV8unQOpSeds2DOsSL_OJWqw=s0,2026-03-24 20:46:08,2개월 전,https://www.youtube.com/post/UgkxdaVRHYlUhWbt-9QurSIKMLStoEp59YG-,27,5,누군가의 고요속 외침,https://yt3.ggpht.com/OFJYnbj0fYR5imYKZc6HYim3ENBz4DGz8NMvmw4U7WYuYSjJrOAp6K3tJclli2gPseUItjMpb2sn=s0,1
레몬좍,https://yt3.googleusercontent.com/IMTQD9ZbrrqrEH-Tqo9d072VnIhiTj_xCnDS41ovLnwSqKaMPK3fdy25MbusxXpNDEiA5rMNuA=s0,2026-03-24 20:17:05,2개월 전,https://www.youtube.com/post/Ugkxk9HxiyjVa9FLSgyvAsHALvlb8g9Vj3kC,34,3,네르(통수침),https://yt3.ggpht.com/Cs-HQKfbtGlWbSGU6mqpuB1DPD66zVWjCCpOQIb5a9yEp-cF9sXCWCvxl9Ta9O0ySTE7Gx8nf80G=s0,1
레몬좍,https://yt3.googleusercontent.com/IMTQD9ZbrrqrEH-Tqo9d072VnIhiTj_xCnDS41ovLnwSqKaMPK3fdy25MbusxXpNDEiA5rMNuA=s0,2026-03-24 10:00:41,2개월 전,https://www.youtube.com/post/Ugkx8RU3I_woQRIM7XEDXXat7iO_XI3yDBMD,2,1,화요일의 귀여운 리온,"https://yt3.ggpht.com/33jh4MI6cxqZsWpkw5jMR1ac5F1EAqnI0cZIV7HrT6QQnQAuWqg92PhnmuHnRXVUbtC-5itWTiEK=s0
https://yt3.ggpht.com/6hFWBMLtC_Ga4fvNQuTrir8ysKVZYuRxXqtq0M6WiHsYEWAUYzbgMe9eetNWyUzocbdXtduhJGgkVA=s0",2
ABS Disk,https://yt3.googleusercontent.com/ytc/AIdro_kcqkdX-iRudrzS4KmfonNRdM0GfIZJk3qRzTj6c4NE9aM=s0,2026-03-23 18:37:39,2개월 전,https://www.youtube.com/post/UgkxxcHojwvGiC7H2zGfl1KgZpOMI2Mcc_ox,0,1,고토부키야제 반궤도 오토바이 프라모델과 피규어들,https://yt3.ggpht.com/Ufdzs4SvsAViavxOJCYB6kHxJ3ML4TmIXJ3lZ-32J3pJTNYZxbtfKoz4XS-u-COWOanP6w5Iq8nLBk8=s0,1
토게의 팬텀퍼레이드 생활,https://yt3.googleusercontent.com/xqWSRg0zOx6oXwJ1Lo1BGqWewPErjQbQcLPo3dnPMzUI9WLPeHi5xKvtRHaWXGCM07Vd42rB2g=s0,2026-03-23 00:40:30,2개월 전,https://www.youtube.com/post/UgkxSifqeL2Ps72mmFpznIkwQJiJ5u7xuX2a,5,1,쌍다인 강도까지 D-3/4등 달성,"https://yt3.ggpht.com/2V5C1epNigcult7bBPEDJfjj4nV-gjrj2xKhtaynuR8rk_3viutPyQZ_h_nyVlCLpKIfhdChHgw4=s0
https://yt3.ggpht.com/63cxEU6GN73X5KQyNHIrK48Czh2OkBVSt18PQ-OgQbOtwhZ6l0KXvvf32_O0mL3hbwJIYxWOKgAU=s0",2
토게의 팬텀퍼레이드 생활,https://yt3.googleusercontent.com/xqWSRg0zOx6oXwJ1Lo1BGqWewPErjQbQcLPo3dnPMzUI9WLPeHi5xKvtRHaWXGCM07Vd42rB2g=s0,2026-03-22 21:41:23,2개월 전(수정됨),https://www.youtube.com/post/UgkxCBhfQzQi5DOQbXkaaZv4oYenHPM3JSts,2,3,주팬퍼 근황?+ 다음주 27일에 센다이 콜로니로 주술회전 사멸회유 1쿨 끝인데 7화를 압축한만큼 젠인가 전투만큼 제밌겠지,"https://yt3.ggpht.com/GLHy0S65xkE33g_5lR31sWMub1s1ApyFTq_8XwiLzrxYqX0Cl9qjdFPU35cohJeheT53cniBuTjWKKI=s0
https://yt3.ggpht.com/Mt3rskMGn3Vs_oyuBDqFw3DtuRr0dSeVbVJKMHQJaE65Ug1MTHiKq2InmOLpITICXwUHKdh_bZ9u=s0
https://yt3.ggpht.com/QKSqRvbc97zEjKWNlU6EpF0xKKJrxdnPMrzEWA2FL2fVuZlU6dXVYKfVoi-6hGvuikFGsfYSZd00VjM=s0
https://yt3.ggpht.com/DfiSmAJofn1rqOH0RXAq_I8AZpGMqow1Qtk2CtE5QmhhjgVKOVTbX9K78IFEZdREBqK3ByG-JJT9=s0
https://yt3.ggpht.com/imLNBNZ9fBBX3PQWGURMAhnvzKDTb_v_huQzElcpPmS2uKq-X_HKzBKjP5NVOYzgXCxJ6cD1wsgFug=s0
https://yt3.ggpht.com/vLvZlAiAF9D7MBYgtVNaMFFaBD2YPFY9yOFewQo9jhdE3Fw033z3QJN8mpY_XKtydnKi60L5OGyPqQ=s0",6
온리리온 2호점,https://yt3.googleusercontent.com/jlIhMicbFwdmtEkjkNHgxHZUiEBDWpoSITR1McD7DLbviDYWMkJ2gxlwW634wrMOhFKxV7806U0=s0,2026-03-22 16:04:23,2개월 전,https://www.youtube.com/post/UgkxulZ3DZ2u9wRQtnQGzijPG4dKoR1VQLfF,22,18,"휴방공지



데이트해야함


ㅎ",,0
코노 히스클리프다,https://yt3.googleusercontent.com/MTy3Vepc-RhRgFUGFsYMZvStd_w5f6qLqxLwe2qHsswm6s-L_S5Qz3nPtZow4llar4ynfD189Yk=s0,2026-03-22 16:02:48,2개월 전,https://www.youtube.com/post/UgkxVfbVRMl31lKoyY1keJj0BIUttEM92z4b,1,1,엄청난 쌀먹 캐릭(대신 해금 하는법이 귀찮답니다),https://yt3.ggpht.com/4J6ZQOxY5sI4yWqJELRqF6Q2vLQGnhQyR2GGHWv09JdFb0zW3e5l_SJLnWmsFSGYKGyMgBKp601U=s0,1
레몬좍,https://yt3.googleusercontent.com/IMTQD9ZbrrqrEH-Tqo9d072VnIhiTj_xCnDS41ovLnwSqKaMPK3fdy25MbusxXpNDEiA5rMNuA=s0,2026-03-22 10:42:28,2개월 전,https://www.youtube.com/post/UgkxeR3f_uU4emAcwn6z8mtYZ5hJK8fFiOGr,0,5,으아앙!! 새벽 방송을 못봤잖아!!ㅠㅠㅠ,https://yt3.ggpht.com/3oyWFLAeEyDnIJAOi2MdlrYruVDI0hzs7cn5fpirFsQWklyLHokgUus4ItvJd_tELHa80rgbnMzRTQ=s0,1
짱킹갓존재,https://yt3.googleusercontent.com/IfbNPAwousNx1zo1l9h2fAsI3j4GZgywRQSJAoHI03Ia75dMCiYV8unQOpSeds2DOsSL_OJWqw=s0,2026-03-22 10:12:57,2개월 전,https://www.youtube.com/post/UgkxxxIKC6VvAiLOVIV9NOR_UR6frZmcRrSj,21,4,아야 이놈은 일부러 이러는거죠?,"https://yt3.ggpht.com/8lTcRqGO5ix6PkzcThZNYqnaG-OPpFiKJRS7jHDt5PfihgwHL17eDJ-ZPQxRQqJMUfjDZuwNTWYG=s0
https://yt3.ggpht.com/-CtytwQZveFYYrvwFsmIlHv5BZKLhEMRvC2LbND_7EflgANHUmWB-itW8NIsBLa7-XCc_3sEbEGv6w=s0
https://yt3.ggpht.com/A3r-iVolXC4Krv9F8IECqPliuOR03fRqo1AtChmxST_6LEIg_kAAh3ZY6M1MzB_P911bXcFjVYdOpg=s0
https://yt3.ggpht.com/Flctdtst1gt-_J-LkJBQf8755lhZk9mv4e1ro_6XIgCZ7dmKX_Ss2F0qcLfrB23OefaCzkEkff_4PmM=s0
https://yt3.ggpht.com/jUTD4yV-3hoCP8u2DDwQjYAv003OUchH5ULa6M6Tb6QOdpQHzS9E7fWnHfYEJ5fvgEZWFTaoxD0t=s0",5
토게의 팬텀퍼레이드 생활,https://yt3.googleusercontent.com/xqWSRg0zOx6oXwJ1Lo1BGqWewPErjQbQcLPo3dnPMzUI9WLPeHi5xKvtRHaWXGCM07Vd42rB2g=s0,2026-03-22 01:28:50,2개월 전,https://www.youtube.com/post/Ugkxj4tdL5eQSS-CPKstKNLedeHv7OrEo0ik,0,1,야르,"https://yt3.ggpht.com/KzSZa0PQfdJ7E-1t8UzDnyctHkuIjYNNUm0nf2UJ1zOMzpJGdAr4aU05KTB2vF--ZvZKsMyAKqGR=s0
https://yt3.ggpht.com/LuNQQuWBf6IRkchUw6TyKz0KF2BW12Jux0PnR-bUOjzYV0ypUofvdYvFX4X5S6NnTljZiUyNMngu1A=s0",2
루포,https://yt3.googleusercontent.com/L-XO0jpjfoZyw0-33fBmLatRfca7etj9v7kcw-w4w5c4sIHWmlEbRnzSMLk04IHItbNDowTS=s0,2026-03-21 21:40:33,2개월 전,https://www.youtube.com/post/UgkxX1vRmkpOaZXd-Wsffh6WVlUNNR5tWBjK,4,3,,https://yt3.ggpht.com/feWppfg0L7mWtzTBGWquZJAiI5xyusGAJjGinsP3O1qKv3r9j23h6pPR7tx6jME2HcoGX7DcYwtfRg=s0,1
와쿠와쿠 프린세스,https://yt3.googleusercontent.com/v-k6Fkgv_nHs-fYbrByeX65pWKqKdkeAkj8hQCa156_RsufyTeAdLVDcdzuQrUy1DHWKjatp=s0,2026-03-21 14:38:49,2개월 전,https://www.youtube.com/post/UgkxVc8CwmZlUJfVs1y1ufDsySn7mxIYprX5,33,2,저번에 그린 뮤트,https://yt3.ggpht.com/ekLvVsXgZU161m72FaQ5KAASXQpdN6Sq_uftC8Gvps2RWrctxFDFbIKac0DBE68Qnd1-MYqumR5IOw=s0,1
루포,https://yt3.googleusercontent.com/L-XO0jpjfoZyw0-33fBmLatRfca7etj9v7kcw-w4w5c4sIHWmlEbRnzSMLk04IHItbNDowTS=s0,2026-03-21 21:34:07,2개월 전,https://www.youtube.com/post/Ugkx5qw315d342UswD1JG79rQlcthlVk-oL1,3,3,낙서 모음 2,"https://yt3.ggpht.com/4PewM9Q4IgDCC79qECljDc27YKDEejFQUoVFAuRZABCypbEZfvZKRELkU2HC67EQ2HqWLgeQp90VrTs=s0
https://yt3.ggpht.com/NOYMDFLnPqL0ZzKycFxAlkDghcLANKX53BcO8QXC07XjhuDAjLpDmBPk33APTNV1i3y4i3-6A-1ELw=s0
https://yt3.ggpht.com/dM8UUdEM8jSq5tDH5TlUv-VzhekgkWRKnUyU3Gv9tlTLZ82rLpqcrcb4Alf942eLzCDML_VwYWU43Zc=s0
https://yt3.ggpht.com/p5-tb7Orrk9LCbD998JHarcPOTcHhGxPrqr_WtTOctMhEJKtn3nZdqhh1yDzjufV9Gl7b6kR95C3kw=s0
https://yt3.ggpht.com/_1W4NYFU3IWiVOAddyLaHF2Z9AdQtNlPVpFpraPX8D6RfkdJ4ehnFT5LmIF-hYePhpAiRrzPEpT3RUE=s0
https://yt3.ggpht.com/H0s-LfDjC1LL8HVl1T709xUAP69YHxOFIkZ-OfZUopcxIIBYS7TqxMNcK6x48pMoZKxPjB7VR-hv=s0",6
루포,https://yt3.googleusercontent.com/L-XO0jpjfoZyw0-33fBmLatRfca7etj9v7kcw-w4w5c4sIHWmlEbRnzSMLk04IHItbNDowTS=s0,2026-03-21 21:32:16,2개월 전,https://www.youtube.com/post/UgkxDGSStIE-THhezMAnWd4oOUsdVQyvI04E,3,1,낙서 모음,"https://yt3.ggpht.com/RZn5WJIJI_Ugcgz4IJa2maQjK7owBMueolDQBV2cZlIgYermibBXQjZ1UpiIRU9it3M79981VaDLWA=s0
https://yt3.ggpht.com/PjW1LekpT5TqmVT_UTgesn6J98Nqwn17h3gPJP3R6fRhYZiSCaIQrS4d3M7KGDPfrkiU7Ex0ru7GQ08=s0
https://yt3.ggpht.com/B78TXgwLt_wksGH-v1XyJBrtBvUZxXhT4FkcSnUT9HlKDaBXDkfyK6Y6QbxUribpRBiRpOBIOcfLqw=s0
https://yt3.ggpht.com/b2DoEJXCJrvPnn3rJ0ARvIEUtt3ml-rLPehYpudgWt2njPfAaaEJV7Ss2iLmeRF8q7boPhnY2y8XqJA=s0
https://yt3.ggpht.com/W0BBSy6OzDSjQ7VE-9aZ84zxGjfyJVOlixZUgCf4JYNH3jZdgUqOzV5PWRZUK46g6SF6Hj-6XsKXRA=s0
https://yt3.ggpht.com/-5uNWx8Hg2publrc1Z_L38XC_gAtVtH7MF_chZMm-CHb8UyIAplF-FIU3s8P34u8aSpqspYCj_ZIymw=s0
https://yt3.ggpht.com/Mrwd2Sw_FGyBdSGBaeEn7fCQ70Pyz2coEyuL1MdE9hv87yv-TrbBHRU8rxRZCjfSlYqAcH-f7Lfktw=s0
https://yt3.ggpht.com/Iy_l6AgBHqYk3fvUBiAzuIxQlzKQpu1PKCDsB1sjqddQ9c8wP4bXq-MfjHL4f7JEHqHdGx38j8AhLSk=s0
https://yt3.ggpht.com/Z0pUrS1gHuoIDPUcpV5-VVy27pGfGt_vIghnJ_sGO3c66VrjLQC52UDgJ8NvCoZxxiQ4RDp86137=s0
https://yt3.ggpht.com/dwAGj3pxwCnWSVsVP9I00IZCKKI3JYTkryWa52xQXbY6UjZuepZb_e8Pc-_N3EX0lv54cgk0fAsg=s0",10
짱킹갓존재,https://yt3.googleusercontent.com/IfbNPAwousNx1zo1l9h2fAsI3j4GZgywRQSJAoHI03Ia75dMCiYV8unQOpSeds2DOsSL_OJWqw=s0,2026-03-21 21:25:39,2개월 전,https://www.youtube.com/post/UgkxMYZPlI7dbS7eRCjeaGH97mttQ8SyfTRL,12,6,계정 상황,https://yt3.ggpht.com/SGSRnwqZ9bEEWyBz8QWWhXVCpetF1S3ZoX3bryTik3AQC7fE9TKGZaqUSpYgRXpzEoUxe-aOk6b5=s0,1
Edgalic,https://yt3.googleusercontent.com/JFEjBZp3b79yxyHFQ8F2vAhiFYz1gKVfG2Xsn68DfBk5DZlXHmtd4yponWafXqNx6vpA4xjMXtE=s0,2026-03-21 16:57:59,2개월 전,https://www.youtube.com/post/UgkxlIK2JS3BoGHl29b2-qpeZUM8gwWvYqiW,25,2,대표니 종치기 게임 같이할 사람?,https://yt3.ggpht.com/xlJx7GGeyuOOACPmsGTCh287sQcYB-lIgj2ng13CMyvBEL0WaQNlQak1mZR49R-4HuTP-6j2EQ9ESFM=s0,1
짱킹갓존재,https://yt3.googleusercontent.com/IfbNPAwousNx1zo1l9h2fAsI3j4GZgywRQSJAoHI03Ia75dMCiYV8unQOpSeds2DOsSL_OJWqw=s0,2026-03-21 08:04:07,2개월 전,https://www.youtube.com/post/UgkxRYjnS1JyPuKBalXRVxsL33C8np7v1Pyb,20,0,epid도 스피키를 좋아요로 확실히 밀어주네,https://yt3.ggpht.com/L9T8TDJnwAmrrSkQlZGq0dIg-0Mq8GFBQV5a07vIYa9crE5dhIZSZoS32ltKWWpURZhLZcixYHW4Dw=s0,1
짱킹갓존재,https://yt3.googleusercontent.com/IfbNPAwousNx1zo1l9h2fAsI3j4GZgywRQSJAoHI03Ia75dMCiYV8unQOpSeds2DOsSL_OJWqw=s0,2026-03-21 10:02:21,2개월 전,https://www.youtube.com/post/UgkxjqJuq4ALrGwnWbeHOSsZx09GHv9ll3Y4,26,4,왜 불쌍하다고 느끼지?ㅋㅋ,https://yt3.ggpht.com/9rjnrohI371koQJVGf-65ucTKVST7C6xfZtm_6JWxVqOZCoIENfgf5Th2ifeGqChPbIh1C8Fm3wm=s0,1
온리리온 비밀지점,https://yt3.googleusercontent.com/PadAE7-CoLtyyLKTdk8exebQ3UPWZtjz_elHLUFDWCGtWMNV1_dBxzCuJ1rWwTc06_f_CYzDrg=s0,2026-03-21 07:06:12,2개월 전(수정됨),https://www.youtube.com/post/UgkxkyE8DmeFYf_3WIgMa8m4aELPbDGASO15,6,1,전원 돌아가라,https://yt3.ggpht.com/QpuEyWXI8K9et2ov1Y_Dm1fXY_D3cz3g8TH4wo2sAzwYdtExua3nq4VJj26dJJgEZynuHcE4riIv=s0,1
짱킹갓존재,https://yt3.googleusercontent.com/IfbNPAwousNx1zo1l9h2fAsI3j4GZgywRQSJAoHI03Ia75dMCiYV8unQOpSeds2DOsSL_OJWqw=s0,2026-03-20 20:10:17,2개월 전,https://www.youtube.com/post/Ugkx4agK_gVKP7fc84YlCtNUg7N622XJvfAY,33,1,내 폰배경화면,https://yt3.ggpht.com/b1wb-9Z2g57jpQj7-m2btVLIwnQjikX4Y0mfZf9xcsS8VOWX-pDndxBwuB76-DTZA8et72O7RaUPGg=s0,1
루포,https://yt3.googleusercontent.com/L-XO0jpjfoZyw0-33fBmLatRfca7etj9v7kcw-w4w5c4sIHWmlEbRnzSMLk04IHItbNDowTS=s0,2026-03-20 20:10:17,2개월 전,https://www.youtube.com/post/Ugkxe_AEWDG6CR-WITmyqeDu0_1eGEmPlRT5,3,2,흐에...?,https://yt3.ggpht.com/8xpNt6DYAbTBCbcQiGwxGAAqE1ZacFMHF5lFwdNmbvvT3MXtXxkLLIf2tQY1KlMuXdEmxbjMyMfU4w=s0,1
마리사랑단,https://yt3.googleusercontent.com/GllUzNYohgivBjdzxF3AHFjKYOKlDAxcPwzJGCHjDJKLm396fxWx2QDveqj_GVm0OX5UB2iArLA=s0,2026-03-20 18:32:27,2개월 전,https://www.youtube.com/post/Ugkxk8yU7JUaCkc_xpPRBDh9ENQxImY9i0fQ,0,1,"신을 음해하려는 건 아니지만 브금이 넘 비슷함

https://youtu.be/Y0NNv_tHpLA?si=YxClT...


https://www.youtube.com/watch?v=kN2fp...",,0
레몬좍,https://yt3.googleusercontent.com/IMTQD9ZbrrqrEH-Tqo9d072VnIhiTj_xCnDS41ovLnwSqKaMPK3fdy25MbusxXpNDEiA5rMNuA=s0,2026-03-20 18:18:15,2개월 전,https://www.youtube.com/post/UgkxKYOR6wf-6mijqkCVwKY5SAJ3K81opR0x,40,12,복장 이거 뭐냐??,https://yt3.ggpht.com/ZzcLRgLSFuUpIt1mgzSy7S4LbEiYpJazXiaS8jHWq_QRbkbVcAdcGiI9-EzA1ROU7ZF0p2KsfirS4g=s0,1
순수맘 급행마니아♧,https://yt3.googleusercontent.com/oUN8KasRZn4dZGoXgt0nEVrNZ1qUiC1EhAO8f8-mbTRoI3Bq4ryzGLvmd2ttSbIVlSt-qBsS=s0,2026-03-20 07:14:10,2개월 전,https://www.youtube.com/post/UgkxAXBzqFuGalFyQwk9OvMI9hgSbX-OunTn,4,2,"수노가 말을 안들어요 살려주세요
크레딧이 갈려나가고 있어요",,0
짱킹갓존재,https://yt3.googleusercontent.com/IfbNPAwousNx1zo1l9h2fAsI3j4GZgywRQSJAoHI03Ia75dMCiYV8unQOpSeds2DOsSL_OJWqw=s0,2026-03-19 15:46:35,2개월 전,https://www.youtube.com/post/UgkxTY0_-EVyo2ilK3EIuWJpJ0cmSuZYeJGf,6,4,벌써 다다음주가 4월1일 이네요 미리 할꺼 추천 받음,https://yt3.ggpht.com/9bKKypB1k9cj2rcBO00ioFoUj9zSlcyS6X-Nr1SlLEKiTaOCtDZapcd_1LBJnpejBzff0SLf2Fln=s0,1
제스퍼,https://yt3.googleusercontent.com/DvvPujkk44lLvFdN70HR9nYIm7DCJwB9-crPITkga-5PuqVb-wCMwxNiDMowiYiBk5IFyxKNhw=s0,2026-03-18 23:58:23,2개월 전,https://www.youtube.com/post/UgkxXRiBnbTsEqZ8KUSegoEBmZcCUKhPmzFg,26,2,폰 배경도 변경완료!,https://yt3.ggpht.com/rmG_v_IpBRvhWG10M9UX4GjiUUoD1JKFUyKRcuXEceN9zaAwWutOKSfeRqitQMxTT8-kcajzY96h=s0,1
토게의 팬텀퍼레이드 생활,https://yt3.googleusercontent.com/xqWSRg0zOx6oXwJ1Lo1BGqWewPErjQbQcLPo3dnPMzUI9WLPeHi5xKvtRHaWXGCM07Vd42rB2g=s0,2026-03-18 21:45:55,2개월 전,https://www.youtube.com/post/Ugkx_3tKsLep_P7Vy0oDOFi9u4uWL5tptYlS,2,1,잘만하면 1.8억 될꺼같은데,"https://yt3.ggpht.com/6VF_qEOJ6TVUTxaqKN0AA0Bk8qNr6FIE5MzAGZzJTLou-TxKSEkvvg7vidaW9Nzw8BEmVU-fpywI2Q=s0
https://yt3.ggpht.com/d9c_7fxfSzBg4Bei-X9tJinNMPbwrRUQmB_R5kz4RjrLHdZI6Pz-HtuUKaia-yqpJMSItXktVEE2sY8=s0
https://yt3.ggpht.com/ArsP-WktYiASeNLvAPHfQ7u6_1QL6UAeHZZKiOfV_i5W6TS04a24KibT-ahXEu2aR_FaBqQl2tpWN00=s0
https://yt3.ggpht.com/Nt_8MfLmq7scsu8VJkncJh_OSz_yLXBntwCj62asI6lK3_235iqi9qmKAbO-JEuN5RCL_qmguTf4ow=s0
https://yt3.ggpht.com/TW7H-khpWVgQxqMSjQrmsqOiW6dtIHYoKeonmhHySIMNFB9Ps8yWjxU5mn6s1d04gIhPvjOx7I_dkfk=s0",5
제스퍼,https://yt3.googleusercontent.com/DvvPujkk44lLvFdN70HR9nYIm7DCJwB9-crPITkga-5PuqVb-wCMwxNiDMowiYiBk5IFyxKNhw=s0,2026-03-18 20:36:03,2개월 전,https://www.youtube.com/post/UgkxGP4TqsupIqXNN0gAFxkj5s8CRrgDVFDY,11,2,다음 대충돌1.0 27단계 가능성이 보였다!,https://yt3.ggpht.com/LZ1pu9YjbxoG8MqwTOIt4ZTMyyoEWkK9eA09jZ8FZb86rY6IO8sBa-9mcTxKGZ_t9M9KodtP5jTdzrg=s0,1
코노 히스클리프다,https://yt3.googleusercontent.com/MTy3Vepc-RhRgFUGFsYMZvStd_w5f6qLqxLwe2qHsswm6s-L_S5Qz3nPtZow4llar4ynfD189Yk=s0,2026-03-18 11:31:21,2개월 전(수정됨),https://www.youtube.com/post/UgkxoEwWo0plg0pzIO5wcq5O2lFMyTMpaQ3Y,1,1,비틱입니다!!! *비틱 주의 하십쇼!!*,https://yt3.ggpht.com/n4LUqTDpRkqz79NVboK12M9Pd1z6qCRFmN_sJrcXPPIGwF1Zfn9esKHr_N5YJdOEihQo-neVHeRp=s0,1
토게의 팬텀퍼레이드 생활,https://yt3.googleusercontent.com/xqWSRg0zOx6oXwJ1Lo1BGqWewPErjQbQcLPo3dnPMzUI9WLPeHi5xKvtRHaWXGCM07Vd42rB2g=s0,2026-03-17 18:45:49,2개월 전,https://www.youtube.com/post/UgkxIsN1vS2IvF_Sda3qAAWVOuqGJuACnRqS,2,3,스토리 다깨면 나오는거,"https://yt3.ggpht.com/4XjzKV4JamgSYGdhAYiOVqTA-T5zJYk3h9-i2vMJxjkBDuhMPl2zEqhNcRo1JDZVih4bkyzG4_gNiw=s0
https://yt3.ggpht.com/KMlXhGpMInUw0Syxa97n4Qvc9uCyBFaSmZFLcLtCnjJ3oIHE4ZtkJp_WMl997FEO5Kk2XG5fxkmvnQ=s0
https://yt3.ggpht.com/dNbhVMQmVACrXzcu3zfnLSj6sk5bmxmUTUfRc2HUi45LDL2mP7ohcf5aks2hsvm8CWdp_bBhdN2syQ=s0",3
제스퍼,https://yt3.googleusercontent.com/DvvPujkk44lLvFdN70HR9nYIm7DCJwB9-crPITkga-5PuqVb-wCMwxNiDMowiYiBk5IFyxKNhw=s0,2026-03-17 18:08:18,2개월 전(수정됨),https://www.youtube.com/post/UgkxkgCThhJWa0yOgDoMK1ZTTbx3IR2dxH51,23,3,"ai를 사용했습니다 배경 좋다!
두번째것도 좋은데 겨우살이???","https://yt3.ggpht.com/wP5yw-ct0_9aGui2kQ6tR-x98EN26ZJpN_-Y0pltcwqFpMhVQdg52rIczEauis8EW_F4Qgs-_l2Akw=s0
https://yt3.ggpht.com/qxIZ4fzOM7e2t_R5C5T30pIFYasNNXbvKiuJ-E37e0JybQ5JmepQ44ZVLIXIiz7XgTkSbrYKG4dq-iA=s0",2
레몬좍,https://yt3.googleusercontent.com/IMTQD9ZbrrqrEH-Tqo9d072VnIhiTj_xCnDS41ovLnwSqKaMPK3fdy25MbusxXpNDEiA5rMNuA=s0,2026-03-17 09:36:35,2개월 전,https://www.youtube.com/post/UgkxgLwGP8iSVb1hmLlTgdLceQ3k-CoS4m1l,0,1,쌍다인인가... 언젠가 집을 찾을 수 있으면 좋겠구나...,"https://yt3.ggpht.com/6pwMKB9bR-V0077dfr5soghz9P_cBFSOLS8GlxVNT5qVoQ8-1KLt6iC30ODwWze6nzphGT14e1Hblg=s0
https://yt3.ggpht.com/hIFEpojsv1j8OXFRoDz8b5LdzeJbAFb-HIhlitSrwwRo10SeX5MEeU5j7CHrazXmklsDbmGxl-oFKA=s0
https://yt3.ggpht.com/ncYAijeFY_KBkOvPXx9H3N7yjb2o8GJHEqRg16ROjceOm6SHslpvEhhZLa4xBoC8wgwv0QcbB58vHQ=s0",3
토게의 팬텀퍼레이드 생활,https://yt3.googleusercontent.com/xqWSRg0zOx6oXwJ1Lo1BGqWewPErjQbQcLPo3dnPMzUI9WLPeHi5xKvtRHaWXGCM07Vd42rB2g=s0,2026-03-16 22:29:30,2개월 전,https://www.youtube.com/post/UgkxyoWRheZ1zGROrClzbiYUXIk1zvgWyUs5,0,1,"다들 오늘 하루 고생하셨습니다 

https://youtu.be/lnre7tFfKx4?si=VWpaP...
 그거 말한분 공격하는거 아님)",,0
토게의 팬텀퍼레이드 생활,https://yt3.googleusercontent.com/xqWSRg0zOx6oXwJ1Lo1BGqWewPErjQbQcLPo3dnPMzUI9WLPeHi5xKvtRHaWXGCM07Vd42rB2g=s0,2026-03-16 14:33:03,2개월 전,https://www.youtube.com/post/UgkxpmIKPylGmVn_TYBoMpVWB8xp60rMj_SL,10,1,정가라니..(얼탱),"https://yt3.ggpht.com/hjN3oSSTIZYd4JqjLDVtRodh-XidKTJ1qSW9jYiXWF2b3tAXjpYp4KrdaIQ4KR833esnH1va0-RxLmo=s0
https://yt3.ggpht.com/z8TnUIl8HRNLS7ljJElZX2sNrpFlw8PZILhA3xuo_x4jqzOodn-S6YvDVK_hfnB6XMekhKc1J9wIYA=s0",2
루포,https://yt3.googleusercontent.com/L-XO0jpjfoZyw0-33fBmLatRfca7etj9v7kcw-w4w5c4sIHWmlEbRnzSMLk04IHItbNDowTS=s0,2026-03-16 20:19:43,2개월 전(수정됨),https://www.youtube.com/post/UgkxH9wRqqQKv81AJNJzOVOXCTGDxGgCxXey,5,3,으우...쬰쟌니...구상..♡,https://yt3.ggpht.com/NkJmyVyeLHrnd6CMMrHmRTO4xllf-qhGDTn6G9ipbVJz8xPEi1hCu2-ed2Kev2tJwMUgKAERVNrDZUU=s0,1
루포,https://yt3.googleusercontent.com/L-XO0jpjfoZyw0-33fBmLatRfca7etj9v7kcw-w4w5c4sIHWmlEbRnzSMLk04IHItbNDowTS=s0,2026-03-16 20:11:56,2개월 전,https://www.youtube.com/post/UgkxzeuwyeBkBmbWFXeleYXzXp7M0y7r4_MZ,15,1,시쟌니...♡,https://yt3.ggpht.com/CWlj8_97Faw9XoHVQdJp-7z67nS303TX_R_1M55nYuEN-6p6VIFw882NW1sE93pj8hFVLxtGxGMWdA=s0,1
와쿠와쿠 프린세스,https://yt3.googleusercontent.com/v-k6Fkgv_nHs-fYbrByeX65pWKqKdkeAkj8hQCa156_RsufyTeAdLVDcdzuQrUy1DHWKjatp=s0,2026-03-16 12:06:11,2개월 전,https://www.youtube.com/post/Ugkxcn0kOmsShUWctq86KJM79hfIgnMyRdlQ,18,1,생각보다 크다앗!,https://yt3.ggpht.com/sNvD3aaXU_Y8YU8hj7cbfmnd3mCh2zW0fUOfKWJ9bGY_KgDYd0mqSmJCP20vppYLZjrPhKERpqFj6Ck=s0,1
제스퍼,https://yt3.googleusercontent.com/DvvPujkk44lLvFdN70HR9nYIm7DCJwB9-crPITkga-5PuqVb-wCMwxNiDMowiYiBk5IFyxKNhw=s0,2026-03-15 22:27:55,2개월 전,https://www.youtube.com/post/Ugkx1FnPRJl1u36AdpzIkv2OYe6Tp6ADUWLd,10,2,"코노가서 노래 부를거 두개 개사완료!
(전체 개사는 조금 이상해 져서 부분개사만 했어요ㅎ)","https://yt3.ggpht.com/DXBHxsYt7osZBSyZACNFN5JuqpPl-hSzl0FHdj0QhVYZYVkgLnsoQvcCCNZ7EyXM6f9Ykr14ziTtKw=s0
https://yt3.ggpht.com/Y5E1o6fKZRth3TIlaqyEvhNZJGcRev8qeKggr-US3rfWl1Ur-8F9x_FT1DGhUJMQjeWBWC7yF_5stA=s0",2
ABS Disk,https://yt3.googleusercontent.com/ytc/AIdro_kcqkdX-iRudrzS4KmfonNRdM0GfIZJk3qRzTj6c4NE9aM=s0,2026-03-15 21:46:56,2개월 전,https://www.youtube.com/post/Ugkxb0DQM2mDopvW14QuUVb7578saU-_-f7N,0,2,그타에 실장된 라보. 이제 다음 패치에서는 다마스를 기대하는 것이와요,https://yt3.ggpht.com/VRrzq7YRSg7DO53Fevk-gId_8xAweZ5Z97V3zqXhdF62-ajhXgvD8T8SH4Xn3z41ZhMlBPBuILtuPQ=s0,1
와쿠와쿠 프린세스,https://yt3.googleusercontent.com/v-k6Fkgv_nHs-fYbrByeX65pWKqKdkeAkj8hQCa156_RsufyTeAdLVDcdzuQrUy1DHWKjatp=s0,2026-03-15 19:41:31,2개월 전,https://www.youtube.com/post/UgkxVk6_nDymWgM5aPvU1rb8uOgPkzVBDWqD,1,4,평농 랜탈 사도,https://yt3.ggpht.com/DchA1oK3_ccK5_o_bDNEQH3Cbe2dkhaGm5i7VYp7hjSdrSya14nOIPwv909ORWIqYorT6YDTucYRjQ=s0,1
외않되?,https://yt3.googleusercontent.com/45ctuo-EVYibovmu3AiutbEGj6I-VPf4QLhZMYiTWj5ROKuqlHHx2vnNjw7NHafQfIUPEmnsLBE=s0,2026-03-15 15:10:45,2개월 전,https://www.youtube.com/post/UgkxEyxVt8Ze1mydk6hWVRqf4jTftqMyhvfB,13,2,아니 로비에서 야추 뜨면 대사가 따로 있네 ㄷㄷ,https://yt3.ggpht.com/cOA7JzQ7cy4PInGu8lk1vHSNfWSgyoj76o3Q2BNjvi4G4CgAfY1jTTt_IFOhB6MR42ZKUhG0JV_r=s0,1
우기아 류,https://yt3.googleusercontent.com/f8_JUzgRQbJn3bO47lDfjrdaKpL5E_vPd1Q_I4WROT32zDmGR8KbDtJ63zVd41bV9W52l1jQ=s0,2026-03-15 15:02:17,2개월 전,https://www.youtube.com/post/UgkxUuVJg8CPBkxKJuQIuCukQmjbRF3lDeDJ,3,1,이번 도박겜 한번도 안해서 그런데 재밌음?,,0
토게의 팬텀퍼레이드 생활,https://yt3.googleusercontent.com/xqWSRg0zOx6oXwJ1Lo1BGqWewPErjQbQcLPo3dnPMzUI9WLPeHi5xKvtRHaWXGCM07Vd42rB2g=s0,2026-03-14 22:19:25,2개월 전(수정됨),https://www.youtube.com/post/UgkxoKlVU6PZ_6vQ6R-ipn4xwoFQOyFZCtas,1,2,이것도 비틱에 포함인가?*비틱주의*,"https://yt3.ggpht.com/4IZo5l9MDnTdn_fQd8AMvyV8po8t-sgz8H7BNSkoWVC8IFfKL4OsbXDgzMD4IwTVM30wUfr1SjBjBp8=s0
https://yt3.ggpht.com/8DDCMWoc1DGsyXEVVo9TAnTaWRRoEIlPvd4SnaJ6X0PmZfWWcl4CunYsKQP6l2eC97aR44EdOe-FypU=s0
https://yt3.ggpht.com/STaFYUiNqFX6-utsXHbWLlfy2aFx7zxuMqu9GomrB5LcQaPz4rkTYbxCL07f-qhAYKC-uppGjU_dFA=s0",3
짱킹갓존재,https://yt3.googleusercontent.com/IfbNPAwousNx1zo1l9h2fAsI3j4GZgywRQSJAoHI03Ia75dMCiYV8unQOpSeds2DOsSL_OJWqw=s0,2026-03-14 21:51:12,2개월 전,https://www.youtube.com/post/UgkxaRArMrK-iSvn3OHaZW9MPU9CqXm0RqgD,2,3,5959 리온과 시온도 기여워,"https://yt3.ggpht.com/zBhTI8ccte-le65o2WNmmALwRFrIq7nB5SEy8unFHCMvdqh2QNn3q88WfPLfmjFjXMKN_9zvZfcEYg=s0
https://yt3.ggpht.com/W5iTUI87K6xzKKJFljo2m_swTvjsF8XzPvl3VJtbd09EleHUU6F5mASiDCJsGBh-P7qmjhMZsTw7Qg=s0",2
짱킹갓존재,https://yt3.googleusercontent.com/IfbNPAwousNx1zo1l9h2fAsI3j4GZgywRQSJAoHI03Ia75dMCiYV8unQOpSeds2DOsSL_OJWqw=s0,2026-03-14 21:35:44,2개월 전,https://www.youtube.com/post/Ugkx6K7ocJ3_7CJK_lK4SDXvnIpWcOh4fjU8,3,4,5959우리 루포 이뻐(?),https://yt3.ggpht.com/Apk-febPLihyY6f4Im55RZ5yDNjL8JAnb8iiAWQzBNNtV5C5c0ZL0vjsqWQONvXROpDYX9G8gzIllYY=s0,1
토게의 팬텀퍼레이드 생활,https://yt3.googleusercontent.com/xqWSRg0zOx6oXwJ1Lo1BGqWewPErjQbQcLPo3dnPMzUI9WLPeHi5xKvtRHaWXGCM07Vd42rB2g=s0,2026-03-14 06:35:52,2개월 전,https://www.youtube.com/post/UgkxQx3-vb1OSxEgoIuiHYJRxN7ieFkCtsHv,0,2,Obs설정은 끝났는데 방송만 안되는데?,,0
제스퍼,https://yt3.googleusercontent.com/DvvPujkk44lLvFdN70HR9nYIm7DCJwB9-crPITkga-5PuqVb-wCMwxNiDMowiYiBk5IFyxKNhw=s0,2026-03-14 11:41:55,2개월 전,https://www.youtube.com/post/UgkxC23fLmrWB0ByYzTuALqQsVseOrMOLz9x,8,3,일일 퀘스트라 읽고 일회성 퀘스트라고 하던가...??,"https://yt3.ggpht.com/AV40xaX5UNqOWrMZ6Hs-m6qpMRtSxj-o6LXoIfW8GSCmqVItDUef31DE5uzFV_SM2vB1LEg_22siwg=s0
https://yt3.ggpht.com/lIPhUeoVlgH4BljisOOfXQZx5v-XRDaXvD0Z8jf8BjTSCQShgZ8pdpzdVThWeBerslmYVX5KGNKz=s0",2
짱킹갓존재,https://yt3.googleusercontent.com/IfbNPAwousNx1zo1l9h2fAsI3j4GZgywRQSJAoHI03Ia75dMCiYV8unQOpSeds2DOsSL_OJWqw=s0,2026-03-14 10:41:08,2개월 전,https://www.youtube.com/post/UgkxhZu_nsUm0gNqGQs3DKcXab9touk2znNr,20,5,"나:ai한테 그냥 유행한것들로 루포 짬뽕 만들면 되겠지?
그 ai:",https://yt3.ggpht.com/Ud-6l3hbBKIfX-n3WlKPeg0yJKUkhdqWUWLXLi8WFzDZQJTm5953IMv7Zcc3S3JHH7ZR_H6HcDB0=s0,1
온리리온 비밀지점,https://yt3.googleusercontent.com/PadAE7-CoLtyyLKTdk8exebQ3UPWZtjz_elHLUFDWCGtWMNV1_dBxzCuJ1rWwTc06_f_CYzDrg=s0,2026-03-14 00:58:27,2개월 전,https://www.youtube.com/post/UgkxzA3TzEIsJro8ukTGo64Rs0biNPf-T1zH,5,3,야수의 심장,https://yt3.ggpht.com/hyZS8Bp3mP9LSKK4P55STFLx2rp9h-to9FtiE_vlP9eQdB2KeyT7S0LO_wLE7QCBnNtB9kM5-YD9=s0,1
제스퍼,https://yt3.googleusercontent.com/DvvPujkk44lLvFdN70HR9nYIm7DCJwB9-crPITkga-5PuqVb-wCMwxNiDMowiYiBk5IFyxKNhw=s0,2026-03-13 21:06:36,2개월 전(수정됨),https://www.youtube.com/post/Ugkxb__3AGZEvXuv5xQCMaDwiKtQujvJZ5gJ,9,1,"초심자 보너스인가 ㄷㄷ?!
하지만 업적 보상만 쌀먹!",https://yt3.ggpht.com/9LdXNAGCP9G5gM4tGKYXbE_p5GIfDUhjgYRv1lScMJJy7zk9LgtXiMZ7Gidc4j2BAzgbmCWY0SRGeA=s0,1
레몬좍,https://yt3.googleusercontent.com/IMTQD9ZbrrqrEH-Tqo9d072VnIhiTj_xCnDS41ovLnwSqKaMPK3fdy25MbusxXpNDEiA5rMNuA=s0,2026-03-13 21:03:21,2개월 전,https://www.youtube.com/post/UgkxbW44wilbqmoceAsP-1UoPCr_zaM32wug,52,7,"[2.5주년 예상]
쌍다인 강도가 난데없이 제 지갑을 빼앗았어요...",https://yt3.ggpht.com/6TWlgVT6HXGv-lVa_Ml4_msBsZKvr2nVyt_kEVqKhbPGmVRVWwwSD_eTPyp6O0gr46es_GQmym6o=s0,1
짱킹갓존재,https://yt3.googleusercontent.com/IfbNPAwousNx1zo1l9h2fAsI3j4GZgywRQSJAoHI03Ia75dMCiYV8unQOpSeds2DOsSL_OJWqw=s0,2026-03-13 20:59:39,2개월 전,https://www.youtube.com/post/UgkxkmV8WKYatEJ49aBV-v43QOGvM7a0VUJN,8,2,루포가가(원래 구구가가 밈도 올림),"https://yt3.ggpht.com/P0ngiXRUWm8N5tH8bgJzB4SYZlka_McTAHF-LXkbHDpXs6Y-RY0A0D09uJF1Tf1HOVSofGL5KMEhiw=s0
https://yt3.ggpht.com/JkaeRK6f3IRVESV6U_xri_lX1NC86-4qhoqboS3cI190FRk8zMLLDdkEgndW1H-A8WnIya1JkM2_OIw=s0",2
마리사랑단,https://yt3.googleusercontent.com/GllUzNYohgivBjdzxF3AHFjKYOKlDAxcPwzJGCHjDJKLm396fxWx2QDveqj_GVm0OX5UB2iArLA=s0,2026-03-13 20:11:11,2개월 전,https://www.youtube.com/post/Ugkxvbr275tRaf2ZElehRMKaqyhJ4idXwB-b,15,5,3연 야추는 뭐임!,"https://yt3.ggpht.com/z8FzYzDoc-MkyW_FOgE6IubIrKFrs33yREwhlM-5z9w_dGWmrPX-DJj7cZbbFBRQasRSldPBWcA7hA=s0
https://yt3.ggpht.com/bWD8RxSqBtEDAYV6oaDJEeUXjx-3RPEGvpBxyK59r_obnytKq8iZqdnt_LXKMbM1V9Gna5NTS6Iq=s0",2
토게의 팬텀퍼레이드 생활,https://yt3.googleusercontent.com/xqWSRg0zOx6oXwJ1Lo1BGqWewPErjQbQcLPo3dnPMzUI9WLPeHi5xKvtRHaWXGCM07Vd42rB2g=s0,2026-03-12 23:44:05,2개월 전,https://www.youtube.com/post/UgkxCUowEScbnXEiXz_uV7f-yy3abzB7gOTZ,0,1,"https://youtu.be/Vqi5cc2vOFs?si=dQd-M...

오늘 하루도 고생하셨습니다",,0
토게의 팬텀퍼레이드 생활,https://yt3.googleusercontent.com/xqWSRg0zOx6oXwJ1Lo1BGqWewPErjQbQcLPo3dnPMzUI9WLPeHi5xKvtRHaWXGCM07Vd42rB2g=s0,2026-03-12 21:28:49,2개월 전,https://www.youtube.com/post/UgkxKlEw39_H5T1mwFwpdEafRgPl4k0mrtc1,1,1,"『최강,푸른최강,허식자,영역전개」 벨라사토루","https://yt3.ggpht.com/hyr2ctVcnRAZKOnMVyRW39J0HWy0kVRKp_T_FKF4-7kHLViF_Gc9UcXS_eo6a1ash4yTxqmQglUOPA=s0
https://yt3.ggpht.com/mLiyZwEdjIkmTntx61TIT3wpXKmhLfxtFSt8A3EvlB_9nE9C_1h_-pbWsxPjvdXVIx2rl1Osas26ug=s0
https://yt3.ggpht.com/nPl2-5zhr27Y-fBs5ADIillOPxko4QkBwQdxsiMNQNEhCh4Iv0_GgXYdyAXgyMuKUmiudPftPYYr4g=s0
https://yt3.ggpht.com/2VB8i-VrqfHf9Kq3lHZIO-fTJM8kkN4eUbxyY9FOe8PE6Jm_ENNpY6CnX2uE-KDJfR8xsD1Sex_4AN8=s0",4
루포,https://yt3.googleusercontent.com/L-XO0jpjfoZyw0-33fBmLatRfca7etj9v7kcw-w4w5c4sIHWmlEbRnzSMLk04IHItbNDowTS=s0,2026-03-12 19:33:24,2개월 전,https://www.youtube.com/post/UgkxbGywgAYvbbXzjzUZaPu3Vtslp7rKT1lJ,19,3,시쟌니♡,https://yt3.ggpht.com/zBy0OMbtRAVnlWcyMT5N4a0zvUbXT_dpTP3DqjIwqrZVLIxznWlkBltJFm1OgHixEAxta2DpGqwMgQ=s0,1
레몬좍,https://yt3.googleusercontent.com/IMTQD9ZbrrqrEH-Tqo9d072VnIhiTj_xCnDS41ovLnwSqKaMPK3fdy25MbusxXpNDEiA5rMNuA=s0,2026-03-12 02:22:51,2개월 전,https://www.youtube.com/post/Ugkx8Ku37tn1hW7OjAZkpA42h9Ni4y2u-8_X,41,1,"14시간 후
영웅과 호걸의 시간이 찾아온다...!",https://yt3.ggpht.com/va8Y_KKy7iYjvxMvgTGmU8WL0Hf4uWXHVNud8NoXKrtbedTjR0YWh4Kkf-jeezRRwEAeAsqOxjxJfg=s0,1
토게의 팬텀퍼레이드 생활,https://yt3.googleusercontent.com/xqWSRg0zOx6oXwJ1Lo1BGqWewPErjQbQcLPo3dnPMzUI9WLPeHi5xKvtRHaWXGCM07Vd42rB2g=s0,2026-03-11 22:36:07,2개월 전,https://www.youtube.com/post/UgkxCXnZ-P4fZXKGbBqbBf9jb9spYYpZNJnA,1,2,500 ㅊㅊ~~,"https://yt3.ggpht.com/GIYSaWRF4XtlGQ6dQ5-Cj4qhkGN_e9Pz_x4c6LVJz7_o5wk5GI7_beQaI1P1IQjQ-m2LhpGEi-8b=s0
https://yt3.ggpht.com/KRLi6EULoT5pUUC6L4zjUA_Ju1LQB7eAsZHhmhhJwMj0Y47d0UFjzbDg0397bEBfXEuGnE1CVdKD=s0
https://yt3.ggpht.com/QyKhNCSONaLveip7fY5VNruwTwcUuEd4RL5zZq4rgf12EQgSdJHBIFTfWX_MLsFGO0IrswR2kfxR=s0",3
토게의 팬텀퍼레이드 생활,https://yt3.googleusercontent.com/xqWSRg0zOx6oXwJ1Lo1BGqWewPErjQbQcLPo3dnPMzUI9WLPeHi5xKvtRHaWXGCM07Vd42rB2g=s0,2026-03-11 22:13:42,2개월 전,https://www.youtube.com/post/UgkxrLD-CMu8k1O8952lCy7W_Gw6secRrrB-,1,1,영토게 5돌찍고 상위권에 들어가볼게요,"https://yt3.ggpht.com/xb3RCRG0F_0fe7nLS7g4eCMw7TIW1KiNPosvOB56iLIH0UvpXrYNzI8tDT6vV9pEDHfzyTgD821r=s0
https://yt3.ggpht.com/xeRp_BMg1UZJP4s6N7Nf3hQ539SHl6Y_9gNuyn8xw2NmH3OSN4MXKo43mK-fW-5jYJp6w-RQMgdLZg=s0
https://yt3.ggpht.com/590IYfNU8vb00nvcRm42fqPY4_SuuJqLrQQVOWF0Mi62Oj9l5-_FsX4kzD-LJfMQXGxRJjfbnGRXHg=s0
https://yt3.ggpht.com/Q8Wncvskj5dKjQE9GYDXlyPHlxf8BC2B6bRL24xi3cy3npyLVcGD7I8aPFhyd_OzCB4jCjATX0CkAg=s0",4
빙랑,https://yt3.googleusercontent.com/o391pQURrVGFpC60fl82wVRKcdmFBpkxnOeop8s0QiL6Ud7a_2icekn6b0HWQvZASdGZv_SG=s0,2026-03-11 16:21:21,2개월 전,https://www.youtube.com/post/Ugkx9QOLV6_fwViCat9-F3h_k4SNpTn3P1ct,3,1,[WEB 발신] 어느덧시계바늘이밤을가리키고떠들썩했던도시의불빛도조금씩어두워지네요그동안우리함께나눈수많은이야기들내마음속엔벌써예쁜노래들이되었죠하고싶은말은아직너무나많지만아쉬움이남는다면다음이더설레는법이죠내일의햇빛이뜨면우린다시만날테니까서운한마음은잠시조용히접어두어보죠함께웃어준그대고마워요함께울어준그대잊지않아요우리가연결된무음의선율을따라다시만날약속을그리며안녕이제는우리가헤어져야할시간아쉬운마음은꿈속깊이숨겨두고다시만날다가올그날을기억해웃으며인사해잘자네게굿나잇불꺼진천장을보며혹시외롭더라도내가남긴목소리를기억해줘요언제나우리마음은함께일테니포근한밤이되길빌게요안녕이제는우리가헤어져야할시간아쉬운마음은어둠뒤로흩어져서다시만날다가올그날을기억해웃으며인사해잘자네게굿나잇네게굿나잇네게굿나잇어느덧모두집으로향해돌아가고떠들썩했던마음한자리도조금씩허전해지네요그동안우리함께나눈수많은시간들이아름다운노래하나되었죠,,0
레몬좍,https://yt3.googleusercontent.com/IMTQD9ZbrrqrEH-Tqo9d072VnIhiTj_xCnDS41ovLnwSqKaMPK3fdy25MbusxXpNDEiA5rMNuA=s0,2026-03-11 11:36:49,2개월 전,https://www.youtube.com/post/UgkxH0v3xutL4Sh1tw80i6LPxrUagUpjo47P,32,3,,https://yt3.ggpht.com/Iw-cNWv35scMC73bC3TAXfP7h6hJ830qOEWUespShUsliDpBbVMqXmo5SjHg9NkXhCEFziRAqbQMwRo=s0,1
루포,https://yt3.googleusercontent.com/L-XO0jpjfoZyw0-33fBmLatRfca7etj9v7kcw-w4w5c4sIHWmlEbRnzSMLk04IHItbNDowTS=s0,2026-03-10 21:55:22,2개월 전,https://www.youtube.com/post/UgkxxYhMOWAxo5pgmd57D_8W__ZU2-Ok6A4E,15,6,야알~~~,https://yt3.ggpht.com/OLcddiGPrcvowWiOkwK-GMVrWb-LGemFfDcDLfN83LTRU5y7Zey6i-PyunA3xHriaqQE3Qn9PaD96g=s0,1
토게의 팬텀퍼레이드 생활,https://yt3.googleusercontent.com/xqWSRg0zOx6oXwJ1Lo1BGqWewPErjQbQcLPo3dnPMzUI9WLPeHi5xKvtRHaWXGCM07Vd42rB2g=s0,2026-03-10 21:05:31,2개월 전,https://www.youtube.com/post/UgkxD65Ml3kQ-dvX20iR57-SNtqnigvIlS6M,0,1,이거 버그 인가요,https://yt3.ggpht.com/FcvS6REthDVmWc_s9f6xZjG9GE0InVq28faz0eo1Fnibf0inx8g04wagwJy2ZU10DQJU5S1PM0Jc=s0,1
마리사랑단,https://yt3.googleusercontent.com/GllUzNYohgivBjdzxF3AHFjKYOKlDAxcPwzJGCHjDJKLm396fxWx2QDveqj_GVm0OX5UB2iArLA=s0,2026-03-10 16:42:17,2개월 전,https://www.youtube.com/post/Ugkx1SdVnq7DFsf4z-8w0wqNe1K9Qye74zBd,0,1,방장이 느낀 기시감의 정체,https://yt3.ggpht.com/3JvsXtS78yxvda_mMuU7M-V9fsQsTYtklUKVmdTKHHRrrUYNZ8JWOGyKcizm9_NoipOCxBn0rmXMuQ=s0,1
레몬좍,https://yt3.googleusercontent.com/IMTQD9ZbrrqrEH-Tqo9d072VnIhiTj_xCnDS41ovLnwSqKaMPK3fdy25MbusxXpNDEiA5rMNuA=s0,2026-03-10 11:49:48,2개월 전,https://www.youtube.com/post/UgkxVyuTMYSQ_A5E2LVl4Y9wEpFWS2q46TRP,26,5,"오늘은 업데이트 공개의 날입니다
맛@도리를 줘용 대뾴니...",https://yt3.ggpht.com/IH163SMYPtYn5WNqDhbgbQPpdB0FRo2ms2K_wA96UL25AYw2r6UGC0LTbRDeKiSybsK0saBUATEhAg=s0,1
ABS Disk,https://yt3.googleusercontent.com/ytc/AIdro_kcqkdX-iRudrzS4KmfonNRdM0GfIZJk3qRzTj6c4NE9aM=s0,2026-03-09 22:00:28,2개월 전,https://www.youtube.com/post/UgkxaqqANVT0GZrpUwtMRP4sAJoL_ewnZeKF,25,2,스피키 아스키 아트,"https://yt3.ggpht.com/Lbff7ALcBXS3_ZAHTf0yazL9KPmxhyA-zuw2uV2ENIhY6f8jNhImymJRzFQ9p0rAwkybf7JhC25V-ks=s0
https://yt3.ggpht.com/l5_fTn-teJjBZKpLgKLIFHthaQHeULHhivRm6wxWZO_tq8OFcQKw6PRIBCO-caELS9erzl9L-qF8Jw=s0",2
유튜브탐굴가,https://yt3.googleusercontent.com/nU92rhpbGveeNl938gRKEAkubYnnPEgsMo-I2Ih6DCZGq95YFtiEhsUVE3dC5ELzITb5YhYufA=s0,2026-03-09 21:17:06,2개월 전(수정됨),https://www.youtube.com/post/UgkxdpJLs3PTVa6zEHVnWuPVSwdLObq-GrYk,4,1,리포에 입이랑 안광만 있어도 좀 더 귀여울 거에요,"https://yt3.ggpht.com/FkgjnbOHBux5fZMESXoH0ulsL2ZQWGYg_XrQ-f1nndW_DG4euB2sS1XFWvRQKOEbOl1mrUJU_vexgg=s0
https://yt3.ggpht.com/FuwmGHOtsbGkCW5_qvUv9CROXisxdkJk4rfe0j2VLCLhiU9a-_ou4Ej1uYDq7cr52GfLzrosmSuw=s0
https://yt3.ggpht.com/tu6nyKj2Ildjg-XnaS7fUvMJHmWHBUv9pU1MSQmfIeIcvpIL0_5z9N1xWqc2tV1XggiknsVBJ5fZELY=s0
https://yt3.ggpht.com/Nlq4iIxTKrM7O0WX9Cm30o1YKzlZ5m-OPTNq0vErAD7UYqfv0HvXumIoVrjzvMEXBwnmsMl6W9u7hA=s0
https://yt3.ggpht.com/e37Yhqxkv9PYJToHpMI0uzf9VaXKpqHdsBfBTZGEiW3Fl8gtKE3pYJ53OjRCipHJ0UZ__d65ojF8=s0",5
레몬좍,https://yt3.googleusercontent.com/IMTQD9ZbrrqrEH-Tqo9d072VnIhiTj_xCnDS41ovLnwSqKaMPK3fdy25MbusxXpNDEiA5rMNuA=s0,2026-03-09 14:43:38,2개월 전,https://www.youtube.com/post/UgkxQMdHPOt-X5B2ziz7qacdvdl9hOS53L40,1,1,"*""게장부거의 비법은 이제 내거야!!""*",https://yt3.ggpht.com/WaJiHpEguDtAen96M71IOhhospfVoiNwwNIe9hs2ViXfUPMDeYRcVOe8IfIeZUpdJRPdPYXpTdQkxyQ=s0,1
코노 히스클리프다,https://yt3.googleusercontent.com/MTy3Vepc-RhRgFUGFsYMZvStd_w5f6qLqxLwe2qHsswm6s-L_S5Qz3nPtZow4llar4ynfD189Yk=s0,2026-03-09 08:58:21,2개월 전,https://www.youtube.com/post/UgkxVtAvkM1cbTi5OqiMu5u1HLXF5B31cmwL,31,3,낚시를 했는데........ 나이아가 거기서 왜 나와?,https://yt3.ggpht.com/YLs6aVqH7uBCkQOU5Ebb3xOKmNT6ouVmK2lUIck7_DSdPH1bIpd9OswICXZNoC2xbK0N7ewbXbsOXpY=s0,1
마평,https://yt3.googleusercontent.com/ygtzIRx27nE3cRLMjv_NGoiqWQ7P7spNQnGVeGR8gADfUoqzZONac_EnmAWZtQFyigpvTfEdhb8=s0,2026-03-09 06:07:05,2개월 전,https://www.youtube.com/post/UgkxsWZbGNerQ13tSZYLnJMeItlTRS1aTjS8,17,7,크아크아악2시간뒤학교로가기싫어요살려주세요살려주세요살려주세요가기싫어요살려주세요,https://yt3.ggpht.com/iWZhzpM-wj1ag27LWizDnrldDDACtAlc_J_2Aczf67xuAORHOUEUBnulxEH7fM6jlhatb92RXjNdcQ=s0,1
루포,https://yt3.googleusercontent.com/L-XO0jpjfoZyw0-33fBmLatRfca7etj9v7kcw-w4w5c4sIHWmlEbRnzSMLk04IHItbNDowTS=s0,2026-03-08 17:59:32,3개월 전,https://www.youtube.com/post/Ugkx0qWEepvLjEz_5KX0V8TkCOBR5aTpAIII,18,3,이격을 주지않으면 던질것이다?,https://yt3.ggpht.com/s-0Iq5VlMPjEEo_u0FILlweCm541m-edQwSmAeKBC2Huqdm6cZf5oxgoqm4rp6rFMEkxgYEfiRxGOA=s0,1
루포,https://yt3.googleusercontent.com/L-XO0jpjfoZyw0-33fBmLatRfca7etj9v7kcw-w4w5c4sIHWmlEbRnzSMLk04IHItbNDowTS=s0,2026-03-08 16:50:01,3개월 전(수정됨),https://www.youtube.com/post/UgkxW9qiDk8XnRqjkwIDdmg9AXBV5rZ-P8EW,4,3,낙서 분탕스탕스(베니만 허접한건 비밀인 것이다),https://yt3.ggpht.com/n31r3NQQc4FP-hZdo0pFAboSMw5tBshG6jq1TZJdkzO3obFziuHO0WLyrgHlZl1k3BI4nV_d689oAbE=s0,1
토게의 팬텀퍼레이드 생활,https://yt3.googleusercontent.com/xqWSRg0zOx6oXwJ1Lo1BGqWewPErjQbQcLPo3dnPMzUI9WLPeHi5xKvtRHaWXGCM07Vd42rB2g=s0,2026-03-08 16:27:25,3개월 전,https://www.youtube.com/post/UgkxohE06FqZmHfmXymJMeYJBDGAo-PoO248,2,1,🤯,https://yt3.ggpht.com/YlybhZ3TWb9OXx46OBK-6qOaZqleehSFkvlik6V0NAKEwHan4BSfXH87ZBKwv4Lv2r4bYS1Zx4tvdA=s0,1
마리사랑단,https://yt3.googleusercontent.com/GllUzNYohgivBjdzxF3AHFjKYOKlDAxcPwzJGCHjDJKLm396fxWx2QDveqj_GVm0OX5UB2iArLA=s0,2026-03-08 15:49:45,3개월 전,https://www.youtube.com/post/Ugkxn-pS0-QDhVdfAChj0enWol2f_NeOMeJg,4,1,허허 젊은이 그건 내 잔상일세,https://yt3.ggpht.com/qGBEyaMJ6nRCfigm0v0hLEwd8_WkN_goGZdodxwA8nqIFb_Q4Un8syi49NNhAOfIrWO4ukbHth11ew=s0,1
온리리온 2호점,https://yt3.googleusercontent.com/jlIhMicbFwdmtEkjkNHgxHZUiEBDWpoSITR1McD7DLbviDYWMkJ2gxlwW634wrMOhFKxV7806U0=s0,2026-03-08 04:30:18,3개월 전,https://www.youtube.com/post/UgkxDrF6Z5GItkfoXkUL-G4yHGbDfP_oAOm9,33,7,시저가 맘대로 머리잘라서 개빡친 리온,https://yt3.ggpht.com/7fNsao6Aw5RR1jyDKPwN345atwgCvlj2LhhuDHA63n2ZPldRXKeCVjrGmZui0cBozdU7oFeakFcw=s0,1
와쿠와쿠 프린세스,https://yt3.googleusercontent.com/v-k6Fkgv_nHs-fYbrByeX65pWKqKdkeAkj8hQCa156_RsufyTeAdLVDcdzuQrUy1DHWKjatp=s0,2026-03-07 21:44:42,3개월 전,https://www.youtube.com/post/UgkxWBZ4xt7yHOO31NhpOmdbmbUuL0HFKXlf,4,2,내 딸임,https://yt3.ggpht.com/16UF0hWaT7ialCuAMOHQuOsqzilT9GiEL9IF6yyGAgF8X2IciHw17T6PL_mLGJ4TZ4g2x_JmwJSwcm0=s0,1
토게의 팬텀퍼레이드 생활,https://yt3.googleusercontent.com/xqWSRg0zOx6oXwJ1Lo1BGqWewPErjQbQcLPo3dnPMzUI9WLPeHi5xKvtRHaWXGCM07Vd42rB2g=s0,2026-03-07 13:09:06,3개월 전,https://www.youtube.com/post/UgkxNcljQteihRWY_yyuQtVOmIWOeAfU-ieC,5,1,현생이 바빠서 주술회전하고 트릭컬도 잘못하는데 시험 끝나자마자 트릭컬 달릴게요,,0
ABS Disk,https://yt3.googleusercontent.com/ytc/AIdro_kcqkdX-iRudrzS4KmfonNRdM0GfIZJk3qRzTj6c4NE9aM=s0,2026-03-07 21:02:01,3개월 전,https://www.youtube.com/post/UgkxJYuVc_rIujohc4N1WqKiKnPuCbJXekWZ,4,1,어딘가에서 무료로 배포하는 RTS 게임. 커맨드 앤 컨커 관련 프로젝트사와요,https://yt3.ggpht.com/jHXNODFWHP-Hn6RZQE23zTCRIJV0Fmnf0hhBFKaW8NkhWT3046JDIzKoscYtiDvfTI4OXxtofCfe=s0,1
온리리온 비밀지점,https://yt3.googleusercontent.com/PadAE7-CoLtyyLKTdk8exebQ3UPWZtjz_elHLUFDWCGtWMNV1_dBxzCuJ1rWwTc06_f_CYzDrg=s0,2026-03-07 16:35:43,3개월 전,https://www.youtube.com/post/Ugkx7BjBXlA53FB_9BbjfBLcmzEHSsPjZa9N,6,2,"오뱅휴
(휴방)

사유: 외식

즐주",,0
순수맘 급행마니아♧,https://yt3.googleusercontent.com/oUN8KasRZn4dZGoXgt0nEVrNZ1qUiC1EhAO8f8-mbTRoI3Bq4ryzGLvmd2ttSbIVlSt-qBsS=s0,2026-03-07 12:58:29,3개월 전,https://www.youtube.com/post/Ugkx9nu-DF0y0B6OmWX9udCjUjZjP4naZR5z,19,11,절대 순수 만세!!!!,"https://yt3.ggpht.com/3rx8x5WE2tiSC0WzR33T1DDT2XHQuUEj_WiJlYOR3eXN49gutN0hfiCb740as_-p3ISGDzePpIIESA=s0
https://yt3.ggpht.com/Pm351IyJ-Gncr73OkIrkXSZfzY8nPZBLSY78zsIZEKUCvs_hDcnNZcZgrMHgVX5KTLBuaeoWSPhfWXs=s0",2
빙랑,https://yt3.googleusercontent.com/o391pQURrVGFpC60fl82wVRKcdmFBpkxnOeop8s0QiL6Ud7a_2icekn6b0HWQvZASdGZv_SG=s0,2026-03-07 07:53:41,3개월 전(수정됨),https://www.youtube.com/post/Ugkxa7gyTLKBs6qnZnSvPFvVXPqhfXgBt4mN,1,2,"요즘에 스트레스를 많이받나 봅니다
뭔 아침부터 리온님 방송이 켜져있는데 그게 어제 그 방송에서 밤을 샌거였고 갈틱을 하는 꿈이.....
내가 얼탱이가 없어서",,0
ABS Disk,https://yt3.googleusercontent.com/ytc/AIdro_kcqkdX-iRudrzS4KmfonNRdM0GfIZJk3qRzTj6c4NE9aM=s0,2026-03-06 11:08:30,3개월 전(수정됨),https://www.youtube.com/post/UgkxeKjiEDhEvsAcEFMZzigEVYtKUQmUm00r,0,1,"https://www.youtube.com/watch?v=lnvbM...


클래식둠에 버터가 나오는 모드. 후반에는 좀 잔인한 장면이 있으니 주의",,0
온리리온 비밀지점,https://yt3.googleusercontent.com/PadAE7-CoLtyyLKTdk8exebQ3UPWZtjz_elHLUFDWCGtWMNV1_dBxzCuJ1rWwTc06_f_CYzDrg=s0,2026-03-06 18:03:53,3개월 전,https://www.youtube.com/post/Ugkx-zrqhxGIt1gTLe_ekYhXDdZmAtenJSSw,37,2,"리온이 모나티엄에 가서 열심히 공부하고 알바해서
사법시험 합격해서 변호사됨 변호사되서 정의의 히어로처럼
억울한 볼따구들 변호해주고 한 볼 바쳐 도와줌
처음에는 볼따구들이 고맙다고 해주는거임 자기 믿어줘서 고맙다고
그런데 어느날 힘든 사건을 맡았는데 무죄를 받아낸거임
그 볼따구도 리온한테 엄청 고마워함
근데 재심이 있는거야 2심 재판에서 나쁜 멜루나가 판사랑 검사를 매수한거지
하이디한테도 뿌리고
그래서 재판을 져버린거임 얼탱없게
아무 반론도 안했는데 그냥 판사가 유죄판결내려서 구덩이행이 나온거임
마녀 구덩이로 끌려가게된 볼따구가 갑자기
리온한테 뭐라고 한다는 거임
왜 무죄 준다그랬는데 안주냐고
그랬더니 리온이 개빡침
갑자기 망치를 꺼내드는거임 ㄷㄷ
그리고 재판장을 주농내버림
결국 타락해서 모나티엄의 빌런이 되어버림 헉
근데 빌런짓하고 다니다가 (겁나쎔)
교주를 만남
교주도 나쁜짓 했을거라고 생각하고 리온이 직접 심판을 내리는데
교주가 사실 착한거임
나쁜짓을 하기는 했는데 네르한테 떠밀려서 한거였음
그런데도 자기 잘못이라고 인정하며 죄책감을 가지는거임
리온이 놀람
나는 볼따구에 실망해서 나쁜짓했는데
교주는 똑같이 실망해도 정의의 히어로가 된거임 ㄷㄷ
그래서 리온은 마음을 고쳐먹고
모나티엄의 히어로가 되기로 함

주농회전 리온 편 끝",https://yt3.ggpht.com/hP7Mr0fmH8mg_Zzs_qXP6DBgpVle3tylHYVfw3mE2yaSPPoZdf9axujAOkSRasFEgyEiSQHMEhLNLg=s0,1
온리리온 2호점,https://yt3.googleusercontent.com/jlIhMicbFwdmtEkjkNHgxHZUiEBDWpoSITR1McD7DLbviDYWMkJ2gxlwW634wrMOhFKxV7806U0=s0,2026-03-05 11:00:00,3개월 전,https://www.youtube.com/post/Ugkx0YvMC7TB0h25bw0g3LQGBYZng3BfU5sn,16,6,"진짜 중요한 공지사항입니다!

구독자 여러분들의 도움이 필요합니다.


기존에 이 채널에서 진행하던 라이브 방송의 컨텐츠를,

간단히 편집해서 올려볼 예정입니다.


다만 본래 AI 노래인 볼팝 채널에, 저의 목소리가 들어간 전혀 다른 방향의 트릭컬 컨텐츠를 올리는 것이 우려되어 채널의 방향성에 대해 깊게 고민 중입니다.



해당 컨텐츠가 어떤 느낌일지 우선 쇼츠를 업로드하였습니다. 같은 내용의 영상을 롱폼으로 업로드할 예정인데, 어디에 올리면 좋을지 투표 한번만 해주시길 부탁드립니다.


다만 투표 결과로 업로드 유무를 결정하지는 않으며, 이후에 결정되면 홍보 한번만 하겠습니다. 항상 감사드립니다.


맛뵈기 쇼츠들 :


https://www.youtube.com/playlist?list...",,0
레몬좍,https://yt3.googleusercontent.com/IMTQD9ZbrrqrEH-Tqo9d072VnIhiTj_xCnDS41ovLnwSqKaMPK3fdy25MbusxXpNDEiA5rMNuA=s0,2026-03-04 22:22:44,3개월 전,https://www.youtube.com/post/UgkxcAKOEipsiAz9VB5QqwABy-DKZtu130I-,37,3,너를 떠나 보내는 이 밤~🎶,https://yt3.ggpht.com/Zx1rYV3hgHpKwihBJZ3d6rn0Xw-Q1WAhFYv38MvwnQymhQGycXDAPyovj0U4Utcr6dPotamhAUzFbQ=s0,1
레몬좍,https://yt3.googleusercontent.com/IMTQD9ZbrrqrEH-Tqo9d072VnIhiTj_xCnDS41ovLnwSqKaMPK3fdy25MbusxXpNDEiA5rMNuA=s0,2026-03-04 17:17:59,3개월 전,https://www.youtube.com/post/Ugkxu_I19-S77yADCUWa-UR46zIUXfYwvtMG,4,2,오~호호호!! 모두 맛있는 저녁 드시사와요~~~!!!,"https://yt3.ggpht.com/HDfTUVeSW0DGyvHoMd9o3LbQQ6pxDQg0XyP4dcvrc3mi5qWsrhndkmDiwc8Bj8rPa6VsMC4SO1TW=s0
https://yt3.ggpht.com/iAyPcbuoQHIwoyLnvN2UJkmHCegMpe209MrST0xFbLwtAtLJ6ti3uClCYQ4zDZRzBRAH_YnfFfFsQjY=s0
https://yt3.ggpht.com/W6CR0tCPbpktFBz6RY0sREepPybV2oAMRtcjDUNf95xpOqZLkOkuGb7to-PNUGYCD_jC2MsyfDBx=s0
https://yt3.ggpht.com/kMlodLePvgcUBG2rMn_WJdrE05YnxjVPcSOpUBVOCicv7-ZBB9BbywY3e5mDQQquFKQnbBL8x4WJoOE=s0",4
온리리온 비밀지점,https://yt3.googleusercontent.com/PadAE7-CoLtyyLKTdk8exebQ3UPWZtjz_elHLUFDWCGtWMNV1_dBxzCuJ1rWwTc06_f_CYzDrg=s0,2026-03-04 04:08:14,3개월 전,https://www.youtube.com/post/Ugkxy_HSc2rjG7_d_J7qPgARU5tS555dSvzg,2,0,"커뮤 규칙 : 자유

글,댓글 삭제 기준 : 주인장 마음



(임시운영입니다. 다시 규칙 생길지도 몰라요)",,0
레몬좍,https://yt3.googleusercontent.com/IMTQD9ZbrrqrEH-Tqo9d072VnIhiTj_xCnDS41ovLnwSqKaMPK3fdy25MbusxXpNDEiA5rMNuA=s0,2026-03-03 22:03:36,3개월 전,https://www.youtube.com/post/UgkxzwLaHiFXSBh0O8x0aynvwHx6liNlL2kS,0,1,"♚♚포켓몬스터 파이어레☆드♚♚패배시$$ 금구슬☜☜100%증정@@@ 즉시이동
https://www.youtube.com/watch?v=WVoyU...",https://yt3.ggpht.com/5C-g6iBu6AqQQpOQZBhT9k078AlZB7q7iehp_-dQQKI7H1mR-rI23Kz2RV3n9pEK7olEga966l3gGzg=s0,1
ABS Disk,https://yt3.googleusercontent.com/ytc/AIdro_kcqkdX-iRudrzS4KmfonNRdM0GfIZJk3qRzTj6c4NE9aM=s0,2026-03-03 21:19:49,3개월 전,https://www.youtube.com/post/Ugkx7s_tGH_Tkiq6KYy_E-iD8Ix9Kc0xJ9tf,4,1,"정비중... 이라는 컨셉. 
1년 전에 찍은 건데 지금 다시 보니 정비대 배터리가 떨어졌어요. 교환하기 어려운데...",https://yt3.ggpht.com/cXv8D8nrtffp2mLv4bPLgvnXsLLsSb9jA1G8U-8j_EyM8UNcTapqPMveuNkWRCB_HvfN2b02lwC_pA=s0,1
빙랑,https://yt3.googleusercontent.com/o391pQURrVGFpC60fl82wVRKcdmFBpkxnOeop8s0QiL6Ud7a_2icekn6b0HWQvZASdGZv_SG=s0,2026-03-03 19:30:11,3개월 전,https://www.youtube.com/post/UgkxXcpE_xQAKgqid7MvVQdmYf8-OIamn0uL,3,1,왜 이번 사복은 나이아 불란서 두명밖에 안나왔죠?,,0
마평,https://yt3.googleusercontent.com/ygtzIRx27nE3cRLMjv_NGoiqWQ7P7spNQnGVeGR8gADfUoqzZONac_EnmAWZtQFyigpvTfEdhb8=s0,2026-03-03 18:11:15,3개월 전,https://www.youtube.com/post/UgkxiGmrnvjiNxmMUxjUcLy2JR8c-0KCKQW4,30,8,마요와 함께하는 생일인거요임,https://yt3.ggpht.com/MSh1rcWG5Te4-Ry8Bu6VxXSRHf8rbxMGYhD8_3s4PjPIkC54vEKmlHVzSewZIvSYiEhOanudesFyZw=s0,1
루포,https://yt3.googleusercontent.com/L-XO0jpjfoZyw0-33fBmLatRfca7etj9v7kcw-w4w5c4sIHWmlEbRnzSMLk04IHItbNDowTS=s0,2026-03-03 10:10:12,3개월 전,https://www.youtube.com/post/UgkxQ2Lsh3bWs53WfeGL3OwzBQEOUDMWpFw9,35,5,루포님을 애호하란 것이다!!♡,https://yt3.ggpht.com/9QN06nztMjgKZz2VCVa4qEz6zdHkRZcyTH5ojyP7ut7zvVioJ25MlGGH1oI4UP7fhwH0D8CajEhf0g=s0,1
우기아 류,https://yt3.googleusercontent.com/f8_JUzgRQbJn3bO47lDfjrdaKpL5E_vPd1Q_I4WROT32zDmGR8KbDtJ63zVd41bV9W52l1jQ=s0,2026-03-03 12:03:10,3개월 전(수정됨),https://www.youtube.com/post/UgkxgsU6xFQMU9kWHGuEPxjwnLg-e-tstR3r,4,1,개학 너무 슬프다,,0
레몬좍,https://yt3.googleusercontent.com/IMTQD9ZbrrqrEH-Tqo9d072VnIhiTj_xCnDS41ovLnwSqKaMPK3fdy25MbusxXpNDEiA5rMNuA=s0,2026-03-03 11:10:44,3개월 전,https://www.youtube.com/post/UgkxdqjdIH0Zgq5k254qAVvxcphO0ujcvo8s,53,1,에으우!,https://yt3.ggpht.com/blcA_FBUPyQdRGD9PatgA47f2bAWiWKwkTbZC-JpOqU-M_Ss7pFjOqbipKTkSokxjS5gwwxy2kns_g=s0,1
온리리온 2호점,https://yt3.googleusercontent.com/jlIhMicbFwdmtEkjkNHgxHZUiEBDWpoSITR1McD7DLbviDYWMkJ2gxlwW634wrMOhFKxV7806U0=s0,2026-03-02 15:56:37,3개월 전,https://www.youtube.com/post/UgkxHDhEijy2DClMAFAUTw7cs9w6Zft3AJMe,37,4,"생방송 공지


별건아니구요

1. 앞으로 방송시간 랜덤


여러모로  바쁠수도 있고 아닐 수도 있을 것 같아서

정착되기전까지는 방송 시작 시간이 왔다갔다할 예정

이라고 해놓고 평소처럼 킬수도 있긴함




2. 오늘 늦방


사유는 영상 정리할 게 좀 쌓여서

새벽이나 늦밤에 킬거같아요

다들 새로운 3월 힘내세요",https://yt3.ggpht.com/j9V68anJsFdxy0V33AC5Ht7Tuu393WcbKQ4McQ9WNhZSmfyF0IIZcYnsTFAA4gXeaLtUsJ-k90I-1uY=s0,1
레몬좍,https://yt3.googleusercontent.com/IMTQD9ZbrrqrEH-Tqo9d072VnIhiTj_xCnDS41ovLnwSqKaMPK3fdy25MbusxXpNDEiA5rMNuA=s0,2026-03-02 07:49:03,3개월 전,https://www.youtube.com/post/Ugkxsx1JNEq-OC6Y2nGl0TVKU057MIEBKCRV,28,2,요정 역사상 최고 GOAT,https://yt3.ggpht.com/QrLKePQWLadSHZK5XR8RHfI5fe-rORuxJbEY6q0PgaJAmjV-GPrxgbzndmVf-1tBJrAS4o82kkX3=s0,1
와쿠와쿠 프린세스,https://yt3.googleusercontent.com/v-k6Fkgv_nHs-fYbrByeX65pWKqKdkeAkj8hQCa156_RsufyTeAdLVDcdzuQrUy1DHWKjatp=s0,2026-03-02 10:19:02,3개월 전,https://www.youtube.com/post/Ugkx640HIjayTfJ5WBYWznYKxJT5LSuAKblX,30,1,싫어! 싫다고! 다시 그곳으로 들어가고싶지 않아! 난 쉬고싶었을 뿐인데...,"https://yt3.ggpht.com/tZDVpyNPqhhNTjmG_c2u1pPsMQ8I0fb9Xbd47vq6O0PAUuDpA7y7HCQGDqqFinFjz-eSfHKQloMZMg=s0
https://yt3.ggpht.com/kKd9y_LbRvb10f-2JLUPI73f5IcEjscbMnyFYiwRzZoFckHIZDWwIwa8n3zmTFo-0K7o6sYjqucl09M=s0",2
온리리온 비밀지점,https://yt3.googleusercontent.com/PadAE7-CoLtyyLKTdk8exebQ3UPWZtjz_elHLUFDWCGtWMNV1_dBxzCuJ1rWwTc06_f_CYzDrg=s0,2026-03-01 14:07:37,3개월 전,https://www.youtube.com/post/UgkxmQS35i9TlWwE-mBJgrTN7lH3jrVeePWj,2,2,,"https://yt3.ggpht.com/oaXxiTM6EpuyMPz5kBw6da1qBX7ysO18zrGk0zuIhLYSB5IgwVMQ6uEENugJAxPWhVRtvOlOz8UmYg=s0
https://yt3.ggpht.com/QLL9QSjuogtCJewqC2IHpcJVW0uu0TUrZuig3kDgLIea1J-E_c6r10PyIDLNlLfLg1y4cy69jpyHJw=s0
https://yt3.ggpht.com/_0lkX63TUTi4t_DSD0_Hdy8imxj67l5ys6LWGJXS7buoi79iJy5pPFtqoXmK5W-bTWyktvZFK05rChQ=s0
https://yt3.ggpht.com/-2Q8S1s9CXPG79A73l05Aqmpn4lStqh4dUiJYxJDlXFj0u2au2STkh5Pjy9Xwornu6wdyyE8nNLp=s0
https://yt3.ggpht.com/vvbhoDaTBfaxe7krWaEgm4MvdbLXgwa7pealRwAhdRMOb7P184m1gZ7KHUIYKEu2ce8ZUnwIugDiOyg=s0
https://yt3.ggpht.com/wplAhiCx9uG8mn1tgNx5qHkRWwaYMH12QgPu7PGkHVZlXoRTKMXRYFnciP8ys7GR7M6ArMdSPp09tA=s0
https://yt3.ggpht.com/yCUoClJTI6tqiwhA1ITAchp7eDV55_KjhORvidORmEi5QeVyI-o2SW0sO3grfe828gt6O2purqNH8Fs=s0
https://yt3.ggpht.com/RZBo1dsrMkNqzfYDQwgtad5RpnPmT7DI-cH6IUM7dkTxYuxwDJS_AsLS__t2kmECA6INMvdFdP3yKg=s0
https://yt3.ggpht.com/tTiOkfjVFgrO1Gws3h60bfQhcuo9qUJi8bT7_-xXEF1ac57zTGAABupfPOZBVZ4dAsL_3mmvDOBI=s0
https://yt3.ggpht.com/D6VGzUGbhSoO6InSA4OjFF5YsyuuJYSU_brlXlWCxV7ntzklJtI_ZBJQNZ0OKTO5dI0u99hza9WibA=s0",10
제스퍼,https://yt3.googleusercontent.com/DvvPujkk44lLvFdN70HR9nYIm7DCJwB9-crPITkga-5PuqVb-wCMwxNiDMowiYiBk5IFyxKNhw=s0,2026-03-01 20:25:22,3개월 전,https://www.youtube.com/post/UgkxR-Iml5eA16nj7Hzy41xeBMaRYEeetmUA,20,1,드디어 시온 3a!!♥︎,https://yt3.ggpht.com/_NEA-a09SJua0nPVfj64OsqkYRnetSI6-isYu8C8p2vz-VsvSKgxK9-cBHFT2mA7lXbf4fY0Rp_lCg=s0,1
루포,https://yt3.googleusercontent.com/L-XO0jpjfoZyw0-33fBmLatRfca7etj9v7kcw-w4w5c4sIHWmlEbRnzSMLk04IHItbNDowTS=s0,2026-02-28 20:13:42,3개월 전,https://www.youtube.com/post/UgkxPkEBNzuSCAVphQnLzVvfkJD3Zj9vW0q3,3,0,벨튀!!,https://yt3.ggpht.com/1y4Gk-O7YcaFUArspjxdk4VW3jdE-QDwNAPxaHhH11-QjqwEg5LoTGTcfMf40lt2cLevra4edzRN=s0,1
루포,https://yt3.googleusercontent.com/L-XO0jpjfoZyw0-33fBmLatRfca7etj9v7kcw-w4w5c4sIHWmlEbRnzSMLk04IHItbNDowTS=s0,2026-02-28 19:20:59,3개월 전,https://www.youtube.com/post/Ugkx01hjDRH5UB2t2wkAE7kDA1e5S3g6ZKGM,1,2,피드백ㄱㄱ,https://yt3.ggpht.com/i5GqcgXL7CIoOOPzinJF-zVGwSuJCMRy6DkSf_3pjMByCLulBtrh7f58L62cj7-SQIsolmEHT1mkpA=s0,1
ABS Disk,https://yt3.googleusercontent.com/ytc/AIdro_kcqkdX-iRudrzS4KmfonNRdM0GfIZJk3qRzTj6c4NE9aM=s0,2026-02-28 17:28:36,3개월 전,https://www.youtube.com/post/Ugkxf_K8PF2Ld8S0T-NLoUujaYg0afpHK9d2,3,1,라이자의 궤도 빔폭격이와요. 이번 판은 죽을뻔했다..,https://yt3.ggpht.com/ImBOorLBZk-g69VMAmGJg0ji6dwR6Jb2eyxDgsjRvBAjyhQWC2dRstp0qcXDlRr6-jQYDPlsOEB4GA=s0,1
마리사랑단,https://yt3.googleusercontent.com/GllUzNYohgivBjdzxF3AHFjKYOKlDAxcPwzJGCHjDJKLm396fxWx2QDveqj_GVm0OX5UB2iArLA=s0,2026-02-28 17:16:24,3개월 전,https://www.youtube.com/post/UgkxNCdJbIf-v08LP_vmFssJAtYl2KiFL5dR,23,3,"A/B테스트 예시

A/B테스트로 이상한 썸네일 올리면 쟝재밌슴","https://yt3.ggpht.com/wahFftoRHC_uIIUsgGdrN2b6qOr-ScKzOTxc174jwfKN4QdZgSCBhH6fpI-ja7u4rQFfLJC-lQmo=s0
https://yt3.ggpht.com/EYNCv7LlD5oukwovyEQYnHitETif8NZ-k3-SZHTq7x_UbkBQBvHBZu57lLckrPMXn-pK-cffDNr9lw=s0",2
레몬좍,https://yt3.googleusercontent.com/IMTQD9ZbrrqrEH-Tqo9d072VnIhiTj_xCnDS41ovLnwSqKaMPK3fdy25MbusxXpNDEiA5rMNuA=s0,2026-02-28 01:55:43,3개월 전(수정됨),https://www.youtube.com/post/UgkxmFuGR0BZ6zWL22AohWdFbARCGsp6bYgr,8,2,포켓몬 프레젠트를 본 방장을 위한 두 버전 차이점,https://yt3.ggpht.com/AJI4RNy-6YRGyk9xqiWQ2UUQBCabZEGzAb6571fG4bbX_c0WZXROCZSW9ovkrNpfi1D_qrXea38QrQ=s0,1
토게의 팬텀퍼레이드 생활,https://yt3.googleusercontent.com/xqWSRg0zOx6oXwJ1Lo1BGqWewPErjQbQcLPo3dnPMzUI9WLPeHi5xKvtRHaWXGCM07Vd42rB2g=s0,2026-02-27 23:14:00,3개월 전,https://www.youtube.com/post/UgkxvERUR3WEoNHdvIJdziknEZKg9M5DZFXW,3,1,드디어 육성끝 이제 잠재력만,"https://yt3.ggpht.com/x08tr19Kca6_gBarH82gXMSXKglZx0_mH-JaVZ0AQIgdMqd5HI-ctWkFFXStYGnKW9CEEYiCRefzVIE=s0
https://yt3.ggpht.com/fsikRZ6gQNadIowVcHwhma3NV0X6Fzn97hQG8d9dScLJjyHiASsxE0UiAAZrEeaIrA6Yylccdt4oDg=s0
https://yt3.ggpht.com/SFO66bJGXsib6URl0go7ikaUSL0Jw7Kan-7Ian-GKyuAD6_68p88bQwMHv82bumg3BL7fxhm5Acy=s0
https://yt3.ggpht.com/qw4vy32K-cN4PWFqAQYgdQUCR4QJsV1NqLin7UApRm6zEY62mTbMKeiD10a4mEouI4FW9eSxIyyY8A=s0
https://yt3.ggpht.com/Y1eWkcdk-er2P6IzXTOf8mdjZqE80jgbl4-B03jIvSi9AbmCYZA99-_rL_M5ULSCn9IhfcdHGi5Zl6Q=s0",5
온리리온 비밀지점,https://yt3.googleusercontent.com/PadAE7-CoLtyyLKTdk8exebQ3UPWZtjz_elHLUFDWCGtWMNV1_dBxzCuJ1rWwTc06_f_CYzDrg=s0,2026-02-27 22:37:00,3개월 전,https://www.youtube.com/post/UgkxJf4PaDhF9aE79d1Wn1zIUlXaApEc1H78,6,1,"일단 곧 킴

차피 커뮤도 까먹고 안읽어서...",https://yt3.ggpht.com/mfr-U_YktoJEG2TL6To_WcszHn54ZtAsq3gPWsB-eDTNZSSQtT8hZHzw2qYx3rJbXiS-vyz4m-tuBF8=s0,1
루포,https://yt3.googleusercontent.com/L-XO0jpjfoZyw0-33fBmLatRfca7etj9v7kcw-w4w5c4sIHWmlEbRnzSMLk04IHItbNDowTS=s0,2026-02-27 11:23:01,3개월 전,https://www.youtube.com/post/UgkxNEviEgoBqEK7VwJ204PtwQHKo_s31-rQ,4,1,마리 낙서,https://yt3.ggpht.com/0IL1dI0d_ivhiY-CBesfJ9SZIW5_FuePRqDSGB5lEAnzlPiGB7wxvm_9avvCnDSmDDcucAZbQunw=s0,1
와쿠와쿠 프린세스,https://yt3.googleusercontent.com/v-k6Fkgv_nHs-fYbrByeX65pWKqKdkeAkj8hQCa156_RsufyTeAdLVDcdzuQrUy1DHWKjatp=s0,2026-02-27 18:27:01,3개월 전,https://www.youtube.com/post/UgkxYbuuTlpo17mOxLPujyUo9sl-pZXVTZco,14,1,리온 테극 시즌 정상화,https://yt3.ggpht.com/TegZEmLfl5rLiDjZSeLYRzXhapDlw8iqEjleajOWZ5PMyQLSaRyZP8YLjFQsdZT-pD0yeHFUNgRjPg=s0,1
레몬좍,https://yt3.googleusercontent.com/IMTQD9ZbrrqrEH-Tqo9d072VnIhiTj_xCnDS41ovLnwSqKaMPK3fdy25MbusxXpNDEiA5rMNuA=s0,2026-02-27 16:01:35,3개월 전,https://www.youtube.com/post/UgkxwODEmyV--L9g5UqDEs7ZXC4L0gvfSZiZ,1,1,"대 슈 르


https://www.youtube.com/watch?v=fPIil...",https://yt3.ggpht.com/HhDw5d2Lr1Pd5riSG-TYvh9FpnuH6EbNku-MG3M5ENE_R98Dvx2BC3SteK_17YSOD2RTjKhkCzyWwUo=s0,1
토게의 팬텀퍼레이드 생활,https://yt3.googleusercontent.com/xqWSRg0zOx6oXwJ1Lo1BGqWewPErjQbQcLPo3dnPMzUI9WLPeHi5xKvtRHaWXGCM07Vd42rB2g=s0,2026-02-27 04:14:44,3개월 전,https://www.youtube.com/post/Ugkxvf9EtKc2nOQh7DvSI15D4dlrPcWib225,1,1,8화 요약: 히구루마 히로미(리온) 영역전개 쓰고 끝,,0
돼좋사,https://yt3.googleusercontent.com/6CXYKPxHm7y4gGHzUfVSYbhB_sgKH98Oc77lsNd6_MmYbIkedIi3V4dsuf9KuRBqDmOUlCyy9w=s0,2026-02-27 01:38:10,3개월 전,https://www.youtube.com/post/UgkxVpmOP5gh4XTZceCzFwjYmDJP1gKhvJho,21,6,혹시 아멜리아 테마극장 전투 눌렀을떄 장면 어캐 생각하시는지,https://yt3.ggpht.com/3K-c8jiGBulTUMN38hpht2QdDv7FBLqOP5erdo_vVhLKbUFnj7GOuOoRL8pE9V4cJNAu5NRS-yUs=s0,1
토게의 팬텀퍼레이드 생활,https://yt3.googleusercontent.com/xqWSRg0zOx6oXwJ1Lo1BGqWewPErjQbQcLPo3dnPMzUI9WLPeHi5xKvtRHaWXGCM07Vd42rB2g=s0,2026-02-26 16:54:18,3개월 전,https://www.youtube.com/post/UgkxsId38By9RB43NLCqSX1qsToQDOWiulPZ,3,1,오늘저녁은 제육 야르(주술회전 ed들으며),https://yt3.ggpht.com/oX3uyHVI6a6uz2iiS6_JymORWKH2AwI3hZg0jASiws_NZaKKse6R906MoZxJS0rNBn-bzhraNlTGCw=s0,1
루포,https://yt3.googleusercontent.com/L-XO0jpjfoZyw0-33fBmLatRfca7etj9v7kcw-w4w5c4sIHWmlEbRnzSMLk04IHItbNDowTS=s0,2026-02-26 14:14:24,3개월 전,https://www.youtube.com/post/UgkxwH1ar-FbHAe0mkFA3_2vYmAdIjNIdQBX,5,2,루포의 이격 봄은 오는것이다.,,0
마평,https://yt3.googleusercontent.com/ygtzIRx27nE3cRLMjv_NGoiqWQ7P7spNQnGVeGR8gADfUoqzZONac_EnmAWZtQFyigpvTfEdhb8=s0,2026-02-26 02:29:01,3개월 전,https://www.youtube.com/post/UgkxaXsFeQKouphdW5opjOZM-1BpUm-04orP,15,1,"R멜리아 테극 어떻게 나올까 재밌겠다 기대된다 
림버스 거던 하드 나온다 기대된다 재밌겠다
림버스 트릭컬 업데이트한다 행복하다 재밌겠다 기대된다 어떻게 나올까? 어떤 도파민을 볼 수 있을까?너무나 기대된다 아이 재밌어 아이 행복해 아이 키커",https://yt3.ggpht.com/XxjFzU7H0-sFeP9Y5gMz29hELYRwW-ifewL6UshUjrzfCaSPUcFmzmZ84BnYG0AyXtt4yLW5E8iL=s0,1
토게의 팬텀퍼레이드 생활,https://yt3.googleusercontent.com/xqWSRg0zOx6oXwJ1Lo1BGqWewPErjQbQcLPo3dnPMzUI9WLPeHi5xKvtRHaWXGCM07Vd42rB2g=s0,2026-02-25 19:02:30,3개월 전,https://www.youtube.com/post/Ugkxp6tvqjjTqW_NwmcvfCCC_2TOp-VFv21u,4,1,ㄱ비싼 아할 무인점 근황,https://yt3.ggpht.com/nR9TQSY9ZzOp4BzEkqqL_z-aCJksUBh4d_6xXClvl0u5xrq0dCJH8S6BtAStggVvTR1iK4x0fhCixFY=s0,1
코노 히스클리프다,https://yt3.googleusercontent.com/MTy3Vepc-RhRgFUGFsYMZvStd_w5f6qLqxLwe2qHsswm6s-L_S5Qz3nPtZow4llar4ynfD189Yk=s0,2026-02-25 17:53:06,3개월 전,https://www.youtube.com/post/UgkxDU1dlDM4tzEJ5HlO65D8in1soXU-C2FY,16,4,에르핀 어째서.... 나라를 선물과 팔았느냐!!(물론 농담),"https://yt3.ggpht.com/ZzRvb-H2JQpUInqUFzMxZNNca4vcy0Q6IfKCU0DZcnDSvotzhfJOVL7qf0IC4-TS-9MJHdxNCQ7QwA=s0
https://yt3.ggpht.com/kub3i65AvTc8Z4O0WtjL6hHNJz68YY5ZWxiCuAx55jxBvaz9Qj2fjdvVeEeVSX3r1RJbAB1My9xaS4U=s0",2
빙랑,https://yt3.googleusercontent.com/o391pQURrVGFpC60fl82wVRKcdmFBpkxnOeop8s0QiL6Ud7a_2icekn6b0HWQvZASdGZv_SG=s0,2026-02-25 08:26:55,3개월 전,https://www.youtube.com/post/Ugkxh3u3aqtiAuYGxUEp4eQpucXy4NQVO3W9,2,2,몇주일을 갈아만든 작보다 배설작이 조회수 3배 가까이...,https://yt3.ggpht.com/9ypDfBaohMNw4t8cCwAtvZKiHjQvGq0ha1Eq5lNxmnoOBA5bYJyDhLiOLVMLj5N_4uEOkgC7FxLUokQ=s0,1
마평,https://yt3.googleusercontent.com/ygtzIRx27nE3cRLMjv_NGoiqWQ7P7spNQnGVeGR8gADfUoqzZONac_EnmAWZtQFyigpvTfEdhb8=s0,2026-02-25 04:18:50,3개월 전,https://www.youtube.com/post/Ugkx_CVOKGegIglFoGdLGXDzBwn2zmVKm8U7,30,2,"허허,,아가씨,,표정풀고,,,얘기해요😅😅",https://yt3.ggpht.com/PoeNH_QL5MRnE_I08QE8uzmsymgz6mCr6H_B4IdEBbutT7rMuXlXh56gmJe-HtlZlSJ6NyIZuinHUqQ=s0,1
ABS Disk,https://yt3.googleusercontent.com/ytc/AIdro_kcqkdX-iRudrzS4KmfonNRdM0GfIZJk3qRzTj6c4NE9aM=s0,2026-02-25 00:46:48,3개월 전,https://www.youtube.com/post/Ugkxv1arjcmIXkup-aj0-TCupSvMff1wsQIh,4,1,"예전에 찍어둔 건담과 라이자. 

대충 라이자가 거대 골렘 망치로 해체하려는 구도를 하고 싶지만 잘 안되었던 것이와요",https://yt3.ggpht.com/WmgU753FGwg-TeY_6FC5D3PY2KnVrGFYC-NuoP_vkb-k16uixDpgewypjy-yvP6vb3QbMjeqwBbiAA=s0,1
우기아 류,https://yt3.googleusercontent.com/f8_JUzgRQbJn3bO47lDfjrdaKpL5E_vPd1Q_I4WROT32zDmGR8KbDtJ63zVd41bV9W52l1jQ=s0,2026-02-25 00:41:25,3개월 전,https://www.youtube.com/post/UgkxjyYX6c3gn6dYyIpUNgpgD5GRUJI9GH4A,0,1,언젠가 리컨버너 나와주면 하는 녀석(빠아앙!!!!),https://yt3.ggpht.com/ES03aLevtac1INXqaQGxHfv6ETUlSoHgryH95dtzNVZvQzg0f8ax6_2okkqeqOw0G7SCHhmw6aDXj7k=s0,1
마리사랑단,https://yt3.googleusercontent.com/GllUzNYohgivBjdzxF3AHFjKYOKlDAxcPwzJGCHjDJKLm396fxWx2QDveqj_GVm0OX5UB2iArLA=s0,2026-02-24 23:56:17,3개월 전,https://www.youtube.com/post/UgkxM5c39zs3ytB5UsJVTrkVnCRZEcF_95T7,16,2,앵무 이격,"https://yt3.ggpht.com/koHpYoCP-FWi4JVLhMQqi2xw2a0Il5Uwvre4XcPkCs-S8TeIC8BTSjl1YZP3-LlmW9AObdTtD4ayKWk=s0
https://yt3.ggpht.com/ZrNb8990IhH7PZvALCRpCjZaJ7Gkn_UD1mS_Z13ekLIL-xJhWdJb9tlwWDrNXfTsYE1dCj7sfCUpG8k=s0
https://yt3.ggpht.com/NW6sU_3dOEpRcXWp8rWP6o1IkqQpngOYuMGC5v_WwE-Exwa7giSCTtepx3ynzrHKFqqbnkzR9PnTiQ=s0
https://yt3.ggpht.com/ayTGxTKXsjaHqUcDAPgmOVsOXR0b50MrzOfPpOvnHz-UTYseyjuw6ACDgBhA-ADcTNV6X60pSbub=s0
https://yt3.ggpht.com/XH2zuhId4OwrxRa7EA1EJQ-NxO5kPa0VxhNKsXjPVh5A32ZOHZKxFUnCF2Qt-_lalt7W6GL9PqzGFus=s0
https://yt3.ggpht.com/P-MYbuU0p36n-FTbQqOXIZFPUsjQ5vHiWaLftgs-W4brEWmtrV1WB3rwSlkuwuUwklz_ptAo_H8o=s0",6
마리사랑단,https://yt3.googleusercontent.com/GllUzNYohgivBjdzxF3AHFjKYOKlDAxcPwzJGCHjDJKLm396fxWx2QDveqj_GVm0OX5UB2iArLA=s0,2026-02-24 15:39:48,3개월 전,https://www.youtube.com/post/Ugkx7icThAqwKLjjvJBi1XLn0DHztV509EKM,14,2,앵무수인 안 나와서 대신 올리는 우리 앵무,"https://yt3.ggpht.com/AGmA4nrSXAgVyV0ElN-LZfqmtAJXGUi5u0JisWiTqP2OChzAE-laI86dG7Li5ReWI89UKgeGNPK3fHk=s0
https://yt3.ggpht.com/sa2N0iIOP3BUe-GYB54UrhWGL0yYtvrEbSA2fNprOdhKQgKDJt4nBfBqSiEEylIcEtVhMD_1UgZOWA=s0
https://yt3.ggpht.com/9Swz9tm11H4ETZL4NWIpdHUnGbdhwYGtW_U4NGgzaTeo45O2HGbviAJ8NJ5r7D8DV-ue4jgeDphtTKk=s0
https://yt3.ggpht.com/82F9Ow9lw82xOhCgLXTc5ZzWWZIX_beMAYB9grzY9aDp99vwDuvYcaBF06tZgYUdVFb7q0SUnbwHCQ=s0",4
루포,https://yt3.googleusercontent.com/L-XO0jpjfoZyw0-33fBmLatRfca7etj9v7kcw-w4w5c4sIHWmlEbRnzSMLk04IHItbNDowTS=s0,2026-02-24 19:06:15,3개월 전,https://www.youtube.com/post/UgkxB5m3nMbxlyW3kQXyj7jqflxZEly9uOV2,5,2,역시 아멜리아님이십니다!!,https://yt3.ggpht.com/XE8GwZ6QWXZiZ9TeCkwTuvG1Mk1cetcw9YWLsj0S34YEzENjVzHGDOR7zZthSSs-RbSdzDbKK-keTQ=s0,1
토게의 팬텀퍼레이드 생활,https://yt3.googleusercontent.com/xqWSRg0zOx6oXwJ1Lo1BGqWewPErjQbQcLPo3dnPMzUI9WLPeHi5xKvtRHaWXGCM07Vd42rB2g=s0,2026-02-24 17:55:47,3개월 전,https://www.youtube.com/post/UgkxMzgwzkJ3bOgCIso74Pp8WUb1H1Gxp8d1,3,0,슈로 군만두~,https://yt3.ggpht.com/9xxD6BkIavOoNpwdpvJJSw-KzbL1xohUo-FIPfHAEiILwAieugHyMYRHK1ETOKugxysKZYfqziX5Aw=s0,1
온리리온 비밀지점,https://yt3.googleusercontent.com/PadAE7-CoLtyyLKTdk8exebQ3UPWZtjz_elHLUFDWCGtWMNV1_dBxzCuJ1rWwTc06_f_CYzDrg=s0,2026-02-24 17:06:50,3개월 전,https://www.youtube.com/post/Ugkxw7SRbp5egtJIkd9uJ3SC_emGhejui7oJ,2,0,,https://yt3.ggpht.com/v5mPgxamaCx5eqMTRl6-W_PZpJoxz7-GfKSC6_Yy6YaEGdhjnwd0YMwrNMZVD9g2XsMsAHBCJflTVA=s0,1
루포,https://yt3.googleusercontent.com/L-XO0jpjfoZyw0-33fBmLatRfca7etj9v7kcw-w4w5c4sIHWmlEbRnzSMLk04IHItbNDowTS=s0,2026-02-24 17:02:07,3개월 전,https://www.youtube.com/post/Ugkxfg3W3xr2eRsoGhUNjv7-6PTNy-4IKPCK,5,1,역시 아멜리아님이 십니다!!!역시 아멜리아님이 십니다!!!역시 아멜리아님이 십니다!!!역시 아멜리아님이 십니다!!!역시 아멜리아님이 십니다!!!역시 아멜리아님이 십니다!!!역시 아멜리아님이 십니다!!!역시 아멜리아님이 십니다!!!역시 아멜리아님이 십니다!!!역시 아멜리아님이 십니다!!!역시 아멜리아님이 십니다!!!역시 아멜리아님이 십니다!!!역시 아멜리아님이 십니다!!!역시 아멜리아님이 십니다!!!역시 아멜리아님이 십니다!!!역시 아멜리아님이 십니다!!!역시 아멜리아님이 십니다!!!역시 아멜리아님이 십니다!!!역시 아멜리아님이 십니다!!!역시 아멜리아님이 십니다!!!역시 아멜리아님이 십니다!!!역시 아멜리아님이 십니다!!!역시 아멜리아님이 십니다!!!역시 아멜리아님이 십니다!!!역시 아멜리아님이 십니다!!!역시 아멜리아님이 십니다!!!역시 아멜리아님이 십니다!!!역시 아멜리아님이 십니다!!!역시 아멜리아님이 십니다!!!역시 아멜리아님이 십니다!!!역시 아멜리아님이 십니다!!!,,0
토게의 팬텀퍼레이드 생활,https://yt3.googleusercontent.com/xqWSRg0zOx6oXwJ1Lo1BGqWewPErjQbQcLPo3dnPMzUI9WLPeHi5xKvtRHaWXGCM07Vd42rB2g=s0,2026-02-24 09:01:53,3개월 전,https://www.youtube.com/post/UgkxiODlj6I9OTDssQO_MTnWeBcDqZzdUfiM,4,2,R41  아멜리아 떳냐?,,0
ABS Disk,https://yt3.googleusercontent.com/ytc/AIdro_kcqkdX-iRudrzS4KmfonNRdM0GfIZJk3qRzTj6c4NE9aM=s0,2026-02-24 14:18:27,3개월 전,https://www.youtube.com/post/Ugkx997lxlRHl1RTGYPHUVak3NH2N2uHGE6d,1,1,"https://www.youtube.com/shorts/SZm_Un...


비싼 디엘씨로 딸깍게임이 되어버린 모 게임 영상인 것이와요",,0
토게의 팬텀퍼레이드 생활,https://yt3.googleusercontent.com/xqWSRg0zOx6oXwJ1Lo1BGqWewPErjQbQcLPo3dnPMzUI9WLPeHi5xKvtRHaWXGCM07Vd42rB2g=s0,2026-02-24 12:40:06,3개월 전,https://www.youtube.com/post/UgkxGk84flj9jp9a3aA4sbBtmxcPPYwjWQuD,6,2,로네는 못먹는거,https://yt3.ggpht.com/fDfRBuep7Hf7CY-sEFR_Iic19hDkxbGEAmpWxYzt5mLJNTGVUXLpOSZdiSPrvrzlid9H_rddgWlugg=s0,1
레몬좍,https://yt3.googleusercontent.com/IMTQD9ZbrrqrEH-Tqo9d072VnIhiTj_xCnDS41ovLnwSqKaMPK3fdy25MbusxXpNDEiA5rMNuA=s0,2026-02-24 12:14:35,3개월 전,https://www.youtube.com/post/UgkxmHFZ9S1CQ8nQmZ5uqklXk2zPXyIy4tGa,45,5,쨍그랑!!!!,https://yt3.ggpht.com/-fqd1qCDh3GV_u2dQ24uks7SsurdFfrILoNcxHhdg873hW1-IwJm76q4-Idqn7rorTvO2hFjEmUu=s0,1
우기아 류,https://yt3.googleusercontent.com/f8_JUzgRQbJn3bO47lDfjrdaKpL5E_vPd1Q_I4WROT32zDmGR8KbDtJ63zVd41bV9W52l1jQ=s0,2026-02-24 07:10:00,3개월 전,https://www.youtube.com/post/UgkxrJE8pto-8GPZemmuWiUavdxLf-_BCgnK,6,1,메가 가디안(웅장하다),https://yt3.ggpht.com/r6PBr255dUBxoSQxRgDprQmkc71lwIfqCqoIl7ynTEKYnnGH6tmKmJn6hQ_xCaytJPsiFO7O2n3kng=s0,1
와쿠와쿠 프린세스,https://yt3.googleusercontent.com/v-k6Fkgv_nHs-fYbrByeX65pWKqKdkeAkj8hQCa156_RsufyTeAdLVDcdzuQrUy1DHWKjatp=s0,2026-02-24 04:34:38,3개월 전,https://www.youtube.com/post/UgkxX02OVdBno1zRYiLiMUNDwxmsyCUBidVC,1,1,우리집 치약,https://yt3.ggpht.com/9CQzjpU5PdYdHHWLRYhSmx0izsSzYC7Ho78nNR7hndhSrw_qCjubtnexUnQnx3bb2krAob4Xk9p13A=s0,1
마평,https://yt3.googleusercontent.com/ygtzIRx27nE3cRLMjv_NGoiqWQ7P7spNQnGVeGR8gADfUoqzZONac_EnmAWZtQFyigpvTfEdhb8=s0,2026-02-24 01:27:34,3개월 전,https://www.youtube.com/post/Ugkx8dllsWd4ASxC543UR2Mr2e99wUYb7Psn,20,3,"허허,,아가씨,,,외모가,,훤칠하내,요🤩🤩",https://yt3.ggpht.com/5ZltFecDnAyE1QG-gTt_GSbhd-js7i5IbsAhtJ7X0rTJ5p7EdzMRKSV7hYuv9fk2ad5oe4szVTAGLc8=s0,1
온리리온 비밀지점,https://yt3.googleusercontent.com/PadAE7-CoLtyyLKTdk8exebQ3UPWZtjz_elHLUFDWCGtWMNV1_dBxzCuJ1rWwTc06_f_CYzDrg=s0,2026-02-23 22:03:12,3개월 전,https://www.youtube.com/post/UgkxSyt05bOQ-86cW1abw1EUOMTPu8A4uGEB,2,0,"https://youtu.be/u6lq-mexHt0


비밀방종곡",,0
레몬좍,https://yt3.googleusercontent.com/IMTQD9ZbrrqrEH-Tqo9d072VnIhiTj_xCnDS41ovLnwSqKaMPK3fdy25MbusxXpNDEiA5rMNuA=s0,2026-02-23 20:11:07,3개월 전,https://www.youtube.com/post/UgkxjpuuioF57nkOr4lor1wPDIv7GEYYAK8p,28,5,대뾴니... 살려줘용...,"https://yt3.ggpht.com/75Kw-1gUN64YaPrKYv6O5afveBUKgElrTQtqA0I4FOJ2UYBm5H8CuGJ5j1AE6rZd2NRNLt34P8sZ3tQ=s0
https://yt3.ggpht.com/jCVaUyu2ry4qZtu5SFnOZP3zF4RaTrAGaPX4qlT9NoSyBAbHjCQZfrKw176yrLAaWS28w1My5QovaA=s0
https://yt3.ggpht.com/W61_3xtrz8ccfYkJpdL9iPh2zWldf7j0m702e5YYbQEZf90dGM-_qjMoeI212OtRRY_KV4g8J554LA=s0",3
레몬좍,https://yt3.googleusercontent.com/IMTQD9ZbrrqrEH-Tqo9d072VnIhiTj_xCnDS41ovLnwSqKaMPK3fdy25MbusxXpNDEiA5rMNuA=s0,2026-02-23 20:07:36,3개월 전,https://www.youtube.com/post/UgkxmPARNvLBMeZNsG207dnkxk3ZA7Ag2iHx,26,2,!!!,https://yt3.ggpht.com/skMUNX8H_7MTHmD6aHbjBW5BCEy857MZ_REsidLEmQGuhIzXQ1RzxiK3VR_x3UZfxjsJMIlXL-5kMA=s0,1
루포,https://yt3.googleusercontent.com/L-XO0jpjfoZyw0-33fBmLatRfca7etj9v7kcw-w4w5c4sIHWmlEbRnzSMLk04IHItbNDowTS=s0,2026-02-23 13:17:34,3개월 전,https://www.youtube.com/post/UgkxfSSbyUsB5mIZ7dk4srBjyClMfduUi9Sb,13,2,얼티밋씽 에피카!!!,https://yt3.ggpht.com/oQJrlIgqQl-s_jynv94W01fbpN9vEeaUmoqNwYo-1zRhuFz3xu-hD8-uCPw7QQ2mcNd0d2mOgv8e=s0,1
토게의 팬텀퍼레이드 생활,https://yt3.googleusercontent.com/xqWSRg0zOx6oXwJ1Lo1BGqWewPErjQbQcLPo3dnPMzUI9WLPeHi5xKvtRHaWXGCM07Vd42rB2g=s0,2026-02-23 04:50:40,3개월 전,https://www.youtube.com/post/UgkxuJxGibcjWisbaFzwb_w-6sx__D9ljict,20,2,오늘의 명언💀💀,"https://yt3.ggpht.com/kJ-eeXYO9llc1yUMzHkWVKGEkAeX9n9oNY2ef93YFZTtL9BcF4PimYJfyJ5Z6yg5pOwNjPv7px12=s0
https://yt3.ggpht.com/c9v3nQ0QXcYr48MiBEDze4pxVG1J-Z7HVs6xg49ivXv0Ixy_VS_l95ulfCj7xtNk9FH7POTwhhLifKg=s0",2
토게의 팬텀퍼레이드 생활,https://yt3.googleusercontent.com/xqWSRg0zOx6oXwJ1Lo1BGqWewPErjQbQcLPo3dnPMzUI9WLPeHi5xKvtRHaWXGCM07Vd42rB2g=s0,2026-02-23 02:52:18,3개월 전,https://www.youtube.com/post/UgkxRG1xQHcsRaEnS213o_nOZP_cBWgnjQeF,10,2,Pov:딸래미가 이상한소리를 할때,"https://yt3.ggpht.com/DRfZNx6D6mJKRCEs2779VwSAMKP2xKR1Q7JNM-2Sf-IAC9m7By5lO-9-dEGPockzjO2rHefKb7d6jA=s0
https://yt3.ggpht.com/Pd2AYf5_-3DesfEMSOZWHQiRybDPobyUGVQ6r1nGRgGkN8hfgbQk1InAd9SAwfSGoedu9eW3SaTBtA=s0
https://yt3.ggpht.com/VKTP8ZOMdGBMqPQJ3O6SIVcMYcSciSpdAiTUTGFBhIiK4I-7or__RORnNAZiHx4kZAvGFW4JEiQH=s0",3
와쿠와쿠 프린세스,https://yt3.googleusercontent.com/v-k6Fkgv_nHs-fYbrByeX65pWKqKdkeAkj8hQCa156_RsufyTeAdLVDcdzuQrUy1DHWKjatp=s0,2026-02-22 18:38:59,3개월 전,https://www.youtube.com/post/Ugkxz0S22ChMCELHWoY5SZHsIRVIr5-S_fUD,4,3,우울보안계획...,https://yt3.ggpht.com/r8w8snJjPjFef9izUORl05bQRqiEVcECICkZHKOHAbXOyDvSpIOByrtuAREijv-7RcjtO999WqlK=s0,1
레몬좍,https://yt3.googleusercontent.com/IMTQD9ZbrrqrEH-Tqo9d072VnIhiTj_xCnDS41ovLnwSqKaMPK3fdy25MbusxXpNDEiA5rMNuA=s0,2026-02-22 18:12:53,3개월 전,https://www.youtube.com/post/UgkxliKxOZO1tpqnClhsukRwcg_bWoyaeb7z,33,4,대 슈 르,https://yt3.ggpht.com/NGSponHqzr3zKTEQGhi0g0l3MGo7Ub_BJRFNFMcabvctrxyKBmj0OgaJyVOCKApXUTC5ziihVjTr=s0,1
제스퍼,https://yt3.googleusercontent.com/DvvPujkk44lLvFdN70HR9nYIm7DCJwB9-crPITkga-5PuqVb-wCMwxNiDMowiYiBk5IFyxKNhw=s0,2026-02-22 17:05:57,3개월 전,https://www.youtube.com/post/UgkxWtkWZczSKYNEdIa8SIL5leErluo7pujf,31,6,ㄷㄷ!,"https://yt3.ggpht.com/gueWi7eDc8fxuQ9gY7NXF8AwJ7zVahN5SJfJAGFDl7rau-lM_GXWdoY6cwx_Z0VNdRqChdqkJbMn=s0
https://yt3.ggpht.com/rZWEEun-VH1vxaG7RTFAgY1Rx_m4tGVDJYKOmp3R3YCGOJzmCqT4soxnT_wl0Ff7KetHq7PYMrnoXA=s0
https://yt3.ggpht.com/pos_tYQw-VcBnXf-nOy8P0ssYKH0xNQfaylDXLVJyaoxROQgmoJR9xa4h2Nhia8lEraNy0z7mVk7cw=s0",3
온리리온 비밀지점,https://yt3.googleusercontent.com/PadAE7-CoLtyyLKTdk8exebQ3UPWZtjz_elHLUFDWCGtWMNV1_dBxzCuJ1rWwTc06_f_CYzDrg=s0,2026-02-22 03:25:01,3개월 전,https://www.youtube.com/post/UgkxWvM9EOoj6tqJroAAQKCvtfhl_-aj1P6S,50,3,방송에서 할거 찾음,https://yt3.ggpht.com/MWu2Hoz7H5owiLiu3yd4kpZpDHdZ8wufOT1a1DsWh9-OMEL4GlI3rxqrTQmq8MHTeQP7_Zx9DbBC8w=s0,1
레몬좍,https://yt3.googleusercontent.com/IMTQD9ZbrrqrEH-Tqo9d072VnIhiTj_xCnDS41ovLnwSqKaMPK3fdy25MbusxXpNDEiA5rMNuA=s0,2026-02-22 01:08:29,3개월 전,https://www.youtube.com/post/UgkxeNbfJ2DIiusEaK96fZOtr0WNX5rYVyKt,28,4,비비따잇 좍좍! (따잇 당시의 모습 복원도),https://yt3.ggpht.com/Vc5tmlJXuaZHKK56799RjwSlzlGwHl2-4h5m7keUiMAf_IFWLhtIhOA8Mo3G5k5i6OEZmp0gybY-6w=s0,1
와쿠와쿠 프린세스,https://yt3.googleusercontent.com/v-k6Fkgv_nHs-fYbrByeX65pWKqKdkeAkj8hQCa156_RsufyTeAdLVDcdzuQrUy1DHWKjatp=s0,2026-02-21 22:23:24,3개월 전,https://www.youtube.com/post/Ugkxs5NgKE32eCL-2b0sVaAcsPFTaf4Fx2bd,3,2,우이이잉,https://yt3.ggpht.com/t55bvrjlt4rBQEI0wxpgu2bfpfWVNop9I8TQo-8EeYYGpoEiCqmPOXuOfvAUDc2mQvI0Y-f_9O81oW0=s0,1
제스퍼,https://yt3.googleusercontent.com/DvvPujkk44lLvFdN70HR9nYIm7DCJwB9-crPITkga-5PuqVb-wCMwxNiDMowiYiBk5IFyxKNhw=s0,2026-02-21 21:57:20,3개월 전,https://www.youtube.com/post/Ugkx7qCvfjpAKWmBpybkRboy25jn2-DpKFip,33,1,?! 우리 볼따구가 이렇게 커졌다고?!,https://yt3.ggpht.com/1-lreDR9h40yrBsfpQRN-_f9KOI5qNRPV4r7BTpP0KexPP5jd2PnnQfcFetLg8b3y1ZdNkMHuWCq=s0,1
토게의 팬텀퍼레이드 생활,https://yt3.googleusercontent.com/xqWSRg0zOx6oXwJ1Lo1BGqWewPErjQbQcLPo3dnPMzUI9WLPeHi5xKvtRHaWXGCM07Vd42rB2g=s0,2026-02-21 13:41:23,3개월 전,https://www.youtube.com/post/UgkxrUv4tPwjBdWmUuXCKmq5j3L1e9j1H2Nl,1,1,리온 게시판은 정상 영업합니다(와장창),https://yt3.ggpht.com/YUsYAPBOj550n-N5MCKZuW-nzUqI7oRswqhq47TsI_yvp0Gwgfgeb2xO2txewAkKZnBcJujEei_OBbg=s0,1
ABS Disk,https://yt3.googleusercontent.com/ytc/AIdro_kcqkdX-iRudrzS4KmfonNRdM0GfIZJk3qRzTj6c4NE9aM=s0,2026-02-21 20:10:12,3개월 전,https://www.youtube.com/post/UgkxxMX_rQ1Tss8weCC7BkmiEvBaq3pebdvi,1,1,맨날 하는 무쌍어비스의 디엘씨 캐릭터 통닭 태사님. 디엘씨 나오고는 디엘씨 캐릭터들의 소환기가 너무 세서 딸깍게임이 되어버린 것이와요.,https://yt3.ggpht.com/IUFtdvZX9yB3b5ZyEiFbW8JU-R6LxI4ELF2Y9IJz6HNw9euEj185N5spaxtJ_sZBJWJXRsak6h2wYQ=s0,1
제스퍼,https://yt3.googleusercontent.com/DvvPujkk44lLvFdN70HR9nYIm7DCJwB9-crPITkga-5PuqVb-wCMwxNiDMowiYiBk5IFyxKNhw=s0,2026-02-21 19:13:29,3개월 전,https://www.youtube.com/post/UgkxMjNSYhQuC8DmYZMcsCXf6-gXxLsvaGmv,25,3,찐???,https://yt3.ggpht.com/VISx-mrlOD5AETv-B-d5lVwlffbcnIneC7XUraAskdujOsAx6fi5He6XpZ9wQ6QRHwHDLs8afccy4Q=s0,1
루포,https://yt3.googleusercontent.com/L-XO0jpjfoZyw0-33fBmLatRfca7etj9v7kcw-w4w5c4sIHWmlEbRnzSMLk04IHItbNDowTS=s0,2026-02-21 17:39:58,3개월 전,https://www.youtube.com/post/UgkxaQNm_ItZmr_Uij_KqacZ856kzkBUMloW,10,4,시온과 리온 악의 하인 예정,https://yt3.ggpht.com/zPJmvHaRtiNcOOUY5Sn2Kbhygs4wjxw-PqaBjF5sVlcldDTumGKYYxYhOGWYWuaDu-7vcLt7eTo97w=s0,1
와쿠와쿠 프린세스,https://yt3.googleusercontent.com/v-k6Fkgv_nHs-fYbrByeX65pWKqKdkeAkj8hQCa156_RsufyTeAdLVDcdzuQrUy1DHWKjatp=s0,2026-02-21 17:07:20,3개월 전,https://www.youtube.com/post/UgkxAojacHm5iCOdeeQsqkhIdc7UIUXMfuNT,30,2,이거 봤음????,https://yt3.ggpht.com/oo2OfriMH0qf8zflLoRALTsA0jFmSH1h53nyUdUNOsEw7Iwf3fgPxLcCJZaN6BSCsyoHUKoRVoxvbA=s0,1
빙랑,https://yt3.googleusercontent.com/o391pQURrVGFpC60fl82wVRKcdmFBpkxnOeop8s0QiL6Ud7a_2icekn6b0HWQvZASdGZv_SG=s0,2026-02-21 16:44:15,3개월 전,https://www.youtube.com/post/UgkxmS5hAglm_DlpZdDvH-k_h53ZiOfL0h20,5,0,[바로 냉정탱 정상화],,0
온리리온 비밀지점,https://yt3.googleusercontent.com/PadAE7-CoLtyyLKTdk8exebQ3UPWZtjz_elHLUFDWCGtWMNV1_dBxzCuJ1rWwTc06_f_CYzDrg=s0,2026-02-21 09:33:14,3개월 전,https://www.youtube.com/post/UgkxAioAQ6JrLgiAom5u_jWCQYJPhvsEioLf,4,5,줄이 정말정말 길다,https://yt3.ggpht.com/CkDzzLY6hpe038RaJkFDShvqRuvh0kLtCfdCl9zAVsTVZlt1BKxfOgF-UFxT-1qEnZQ7tJLTGNlCIg=s0,1
빙랑,https://yt3.googleusercontent.com/o391pQURrVGFpC60fl82wVRKcdmFBpkxnOeop8s0QiL6Ud7a_2icekn6b0HWQvZASdGZv_SG=s0,2026-02-20 21:30:48,3개월 전,https://www.youtube.com/post/UgkxawFV81gU5J3ECZ6wgVm6QHRteqhNuv_k,2,1,"[그때, 신이 말하였으니, '냉정을 믿으라']",,0
루포,https://yt3.googleusercontent.com/L-XO0jpjfoZyw0-33fBmLatRfca7etj9v7kcw-w4w5c4sIHWmlEbRnzSMLk04IHItbNDowTS=s0,2026-02-20 18:59:37,3개월 전,https://www.youtube.com/post/UgkxxeJfgsV0QI6r7E-BTdLJCa2151yFALDj,5,4,설마 이런걸 좋아할리가 없겠지~?,https://yt3.ggpht.com/Z38BI3CutitP1A7HwboZqmKgMwsa2sb9vH50F7wJQ1Sdykc0-ofyjEsBBK0lsHyqLbRfVNCSSfBH=s0,1
루포,https://yt3.googleusercontent.com/L-XO0jpjfoZyw0-33fBmLatRfca7etj9v7kcw-w4w5c4sIHWmlEbRnzSMLk04IHItbNDowTS=s0,2026-02-20 16:55:14,3개월 전,https://www.youtube.com/post/Ugkx1s98PkkfdzJmz2GmtMUFsgP5xi9bDm2N,15,2,망한거 가타...ㅠ,https://yt3.ggpht.com/vvivpiNP3RRM8LR86qua6EfCYO7jdImBnhJjJ3Jn-enGiJXxqREUGDTrwvglxdvZ_kceb0NyBl-Q-g=s0,1
토게의 팬텀퍼레이드 생활,https://yt3.googleusercontent.com/xqWSRg0zOx6oXwJ1Lo1BGqWewPErjQbQcLPo3dnPMzUI9WLPeHi5xKvtRHaWXGCM07Vd42rB2g=s0,2026-02-20 16:32:10,3개월 전,https://www.youtube.com/post/UgkxBpeaTfyYlXaw3TwWw0PpYgcDxR9RL2_Q,4,1,기대 할게요 ㅎㅎ,https://yt3.ggpht.com/e-zi3pbW1LW6MuBJQGwpsZh1q--0MNrp_AI_XXN4D-atMfGPHTwX-e5dI9MUVo-6kyzSItiOVD4qsdE=s0,1
순수맘 급행마니아♧,https://yt3.googleusercontent.com/oUN8KasRZn4dZGoXgt0nEVrNZ1qUiC1EhAO8f8-mbTRoI3Bq4ryzGLvmd2ttSbIVlSt-qBsS=s0,2026-02-20 10:56:12,3개월 전,https://www.youtube.com/post/Ugkx-FLx2-L4rURtE4L_V6DOMCVhmvMA0pTC,10,6,순수 만세,,0
온리리온 비밀지점,https://yt3.googleusercontent.com/PadAE7-CoLtyyLKTdk8exebQ3UPWZtjz_elHLUFDWCGtWMNV1_dBxzCuJ1rWwTc06_f_CYzDrg=s0,2026-02-19 22:37:20,3개월 전,https://www.youtube.com/post/UgkxUd2JMeFKC9KGjrftNSCAKFbEKF-xev5v,1,1,https://youtu.be/BIQKfx3QdfQ,https://yt3.ggpht.com/Vhs4qQoLWjQWKojw1dvpoHiRNi6jF-Wh5ISQar8aOUcrpx0ikEbZV2wkV1m0IWcbMaLjuZYz3NeiJw=s0,1
우기아 류,https://yt3.googleusercontent.com/f8_JUzgRQbJn3bO47lDfjrdaKpL5E_vPd1Q_I4WROT32zDmGR8KbDtJ63zVd41bV9W52l1jQ=s0,2026-02-20 00:19:41,3개월 전,https://www.youtube.com/post/UgkxrHPsWU_4YtLcYsRjiw6Vg-tsZuM9ywCs,5,2,"건담 (귀엽다)







....근데 왜 남은거지?
심지어 하나밖에 없던데.....
건끼야아아악!!!!!!!","https://yt3.ggpht.com/CJLB8ikKOAE3XHDpsVCYtg7T2VC9GvE00P-AjtPmG_uAy7pcXgVyxmsvEa_4cU0FTnVYnsJun3VPlg=s0
https://yt3.ggpht.com/j11PK-ProGLLc7Pvprr9bq7bmtvinb620ean3nk0eDUAD-o5HSVbz4v5SL7sFXGquJDtzywC1yZB=s0",2
온리리온 비밀지점,https://yt3.googleusercontent.com/PadAE7-CoLtyyLKTdk8exebQ3UPWZtjz_elHLUFDWCGtWMNV1_dBxzCuJ1rWwTc06_f_CYzDrg=s0,2026-02-19 18:53:38,3개월 전,https://www.youtube.com/post/UgkxTWBYwrcZIijgbETb7kLtUvThmtc5OvRc,18,2,이제 맘대로 글쓸수있다 ㅋㅋ,https://yt3.ggpht.com/ijpdsTeO0w4gRJO8fg4rJgs67ptUkMun3TEBZDLHHuRX5GOGzVeh3nLUuBoAvAW4hQ0zJu5GbMKC=s0,1
레몬좍,https://yt3.googleusercontent.com/IMTQD9ZbrrqrEH-Tqo9d072VnIhiTj_xCnDS41ovLnwSqKaMPK3fdy25MbusxXpNDEiA5rMNuA=s0,2026-02-19 18:26:37,3개월 전,https://www.youtube.com/post/UgkxXtI6CNgzD4SiMNnfzUXSz6CbJz4gsLLG,26,3,꿈깨!,https://yt3.ggpht.com/A6Wji6XZjJLEQan5IZ4RgYpJGSJjghsc47SoJiY2EOX6vpwGzG488CzRf6-KUw_rW5zDCkz6KUwR=s0,1
토게의 팬텀퍼레이드 생활,https://yt3.googleusercontent.com/xqWSRg0zOx6oXwJ1Lo1BGqWewPErjQbQcLPo3dnPMzUI9WLPeHi5xKvtRHaWXGCM07Vd42rB2g=s0,2026-02-19 17:26:36,3개월 전,https://www.youtube.com/post/Ugkxvr9n6GpHp0afdneO6NYdLn9X3tX2iXp6,1,2,오늘 저녁밥 야르,https://yt3.ggpht.com/ewzomTi_u6orb166INV5s12hCl6t9vJOqePrCKFBCioyIjXNtQQD_vmzOkxb84xfexhWW5JQUcJbuQ=s0,1
레몬좍,https://yt3.googleusercontent.com/IMTQD9ZbrrqrEH-Tqo9d072VnIhiTj_xCnDS41ovLnwSqKaMPK3fdy25MbusxXpNDEiA5rMNuA=s0,2026-02-19 16:48:21,3개월 전,https://www.youtube.com/post/UgkxeH4LNZNzC7A8OakgijWTCE1eBqsk-lMa,12,1,휴방인데 방송켜서 귀여우면 개추ㅋㅋㅋㅋ,https://yt3.ggpht.com/d7gr1yEOafKCkfnX6-F-resy6uWveE4T-Lp7T4BWcKldPXe3GBguXzM2hKFZh47ox9SbzOSeKhs5Lg=s0,1
루포,https://yt3.googleusercontent.com/L-XO0jpjfoZyw0-33fBmLatRfca7etj9v7kcw-w4w5c4sIHWmlEbRnzSMLk04IHItbNDowTS=s0,2026-02-19 16:43:09,3개월 전,https://www.youtube.com/post/Ugkx_Krby3JlF3syou47HmPQ1etv1MZvPvwo,6,4,♡,"https://yt3.ggpht.com/lei5KddCnNdFHpVOP41ubPZylYdYM8E30chdag1wkIDMHDj3kvlWP530RzHuSF-cOug0KVxZ48fEug=s0
https://yt3.ggpht.com/AT8Tki5_ZROTHQO3C2pcBBkKO50iyzxYvcdJ70-QCUJGs_mm7S8LuzVc0AY9PF8Ot26Ngx6s83ye=s0
https://yt3.ggpht.com/vxKsYP0XHxSOZ1-Q3VI0LlqF_2j080rrmXgOsUiRYcYQ2yL5M_8KS9x_Ug9kvwvNaf3r7N12ioBFAg=s0
https://yt3.ggpht.com/53GB9oV2DzSwb8fljaaKcjklpEz15X0i0QG6xDD8PbTfbVx505EDCgDWymoza6LF9xrjUFHV6ytejQ=s0
https://yt3.ggpht.com/4GtGFsZLNdG4oJgGaEYlQl2cdmkAaSw11U289lJeRme18E9JN_Jg7ZtBWRBCtOIA-ifTY9T3Hx0Tjg=s0",5
토게의 팬텀퍼레이드 생활,https://yt3.googleusercontent.com/xqWSRg0zOx6oXwJ1Lo1BGqWewPErjQbQcLPo3dnPMzUI9WLPeHi5xKvtRHaWXGCM07Vd42rB2g=s0,2026-02-19 14:28:23,3개월 전,https://www.youtube.com/post/UgkxIO1moWiC5lpsGS_ez7_NeUY-Wzv6cIBv,3,2,대충 15만원 지르면나올 재화인데 대리뽑기 맡길양임💀,https://yt3.ggpht.com/Q4fnHQ0obIBdu3R47YmVFYppYcEcHmkm1MX_q7LyTeEgrcnxAc1V-wDcKj4-vYSFBRizlz0IPCfiUA=s0,1
레몬좍,https://yt3.googleusercontent.com/IMTQD9ZbrrqrEH-Tqo9d072VnIhiTj_xCnDS41ovLnwSqKaMPK3fdy25MbusxXpNDEiA5rMNuA=s0,2026-02-19 12:36:43,3개월 전,https://www.youtube.com/post/UgkxDSZydjeX-qW6JnrpHQ4z0TXb1dymEVlR,16,3,"으아앙! 스피노 네르지 마세요!
티르는 이렇게 폭력적인 역할이...
아니란 말이에여!!😢",https://yt3.ggpht.com/1E4OVa0ApUzjztwcorl4jzIOSgm7kvCnkVPYyyM8WlEN4KBHOMBJgxxzERqw1N692BgJRSpXP7lrgQ=s0,1
와쿠와쿠 프린세스,https://yt3.googleusercontent.com/v-k6Fkgv_nHs-fYbrByeX65pWKqKdkeAkj8hQCa156_RsufyTeAdLVDcdzuQrUy1DHWKjatp=s0,2026-02-19 07:28:05,3개월 전,https://www.youtube.com/post/UgkxpkoOovCCQZfOKjB3sfBPK7trTmnfevgG,21,1,우이는 귀여워,https://yt3.ggpht.com/VBJ3nZbmZhiBonDilNK3pRmLqFdqzDfC-qku2Fl1mD0a57PH4VEecBsKYJtpMwSosbIGcCEYroZl=s0,1
온리리온 2호점,https://yt3.googleusercontent.com/jlIhMicbFwdmtEkjkNHgxHZUiEBDWpoSITR1McD7DLbviDYWMkJ2gxlwW634wrMOhFKxV7806U0=s0,2026-02-19 05:30:18,3개월 전,https://www.youtube.com/post/UgkxPdJIxZiDnF7-chJ1t_YNTsTNrq87K2kz,65,6,스틸컷,https://yt3.ggpht.com/MIRiPxR_jkDf0DzUrJWMj8cMFJ4LHRgd2L9O7R2_yuK3jzKj9VEi88uZRNony26iltvXX9loDAVx=s0,1
우기아 류,https://yt3.googleusercontent.com/f8_JUzgRQbJn3bO47lDfjrdaKpL5E_vPd1Q_I4WROT32zDmGR8KbDtJ63zVd41bV9W52l1jQ=s0,2026-02-19 00:08:42,3개월 전,https://www.youtube.com/post/UgkxtXybcTwAXx3V1ohYybOrxe2p7Wv_A5qg,3,2,요즘 장난감 퀄보소,https://yt3.ggpht.com/0HDIY94t_rUVS7DpWYt08rmqbe4GRd90b7rf4nJVsu0at_CcsknZ5Xa3b9RIPTFou9Ukr_5l5G9j2w=s0,1
마평,https://yt3.googleusercontent.com/ygtzIRx27nE3cRLMjv_NGoiqWQ7P7spNQnGVeGR8gADfUoqzZONac_EnmAWZtQFyigpvTfEdhb8=s0,2026-02-18 22:36:40,3개월 전,https://www.youtube.com/post/Ugkx8E-Myu9HjdS8j2ltvXPOwpBieD9sqMb8,15,2,자자 사도여러분 호바기는 우리들의 친구에요,https://yt3.ggpht.com/SqWcQ23-iFdjIo_8a_rv2Dw6VnylwXqE_af5NotXimkekazCO45L9oqn_3kx-cF8aWa8ZnN1czSP=s0,1
제스퍼,https://yt3.googleusercontent.com/DvvPujkk44lLvFdN70HR9nYIm7DCJwB9-crPITkga-5PuqVb-wCMwxNiDMowiYiBk5IFyxKNhw=s0,2026-02-18 19:18:17,3개월 전,https://www.youtube.com/post/UgkxWzadaQDm23XQ9khNOGexaotzwBev1G_i,4,4,"전에 나온 포스터와 비교했을때 무난한걸로 보이니
법무팀 최초로 1승.?","https://yt3.ggpht.com/APEA8pcJmWWFLkPAi5QBFqoLq6brpeZUwoO-vNZNyQaTR7_ZVcJffRXlFkkR7DcwORrlObGt3j1VYQ=s0
https://yt3.ggpht.com/HnfRb3YfJ3L09Pc_fdDUh8LVJJ2QeIzYq1khRnCjKRiMzTC5GCwQbeF57uV3C-Mh6XDAKEXzUjAp=s0
https://yt3.ggpht.com/aBKn1um2R3zvUBoqG_OesIeXKkhyCUk05RVMAZ1OyisvyMD7Sgk21rALxFSTKScv5m6dWtRHgPv5Tg=s0",3
레몬좍,https://yt3.googleusercontent.com/IMTQD9ZbrrqrEH-Tqo9d072VnIhiTj_xCnDS41ovLnwSqKaMPK3fdy25MbusxXpNDEiA5rMNuA=s0,2026-02-18 10:07:41,3개월 전,https://www.youtube.com/post/UgkxwqRR8qJ91bw-CsBwWChk8grk_TaFoqXR,1,1,이드 신스킨 이거 진짜에요?,"https://yt3.ggpht.com/TX1vtDkDL01EHhblCZIuKEY8wS9U7TRJOy727ap2RRSeaM0JGFe87YbrV4bb6VkVNipxF3PVpAkwSQ=s0
https://yt3.ggpht.com/RPVEs7TU4fwQiKtqaP__fhKVCFlVyP06NY4jJ3e5nHsHoaJ3kpUPCqb5j72XKbinQHrfdnVKecLQ=s0",2
온리리온 2호점,https://yt3.googleusercontent.com/jlIhMicbFwdmtEkjkNHgxHZUiEBDWpoSITR1McD7DLbviDYWMkJ2gxlwW634wrMOhFKxV7806U0=s0,2026-02-18 08:31:20,3개월 전(수정됨),https://www.youtube.com/post/UgkxpiK7eIrd9k1164M2qemjNjKE6lFue5DK,11,1,"유튜브 커뮤니티 개설했습니다!!!


https://www.youtube.com/@온리리온2호점/comm...



자유롭게 아무 글이나 써주세요
(규칙 있긴함)
소통용 공간입니다
많관부!",https://yt3.ggpht.com/WuQ_rVw2me82v_3wAMCTwvyBc26BgPjzBsZI8RCbL3q68AKI51FOOKX53x887eUkB1OmiHURl-3cSOE=s0,1
와쿠와쿠 프린세스,https://yt3.googleusercontent.com/v-k6Fkgv_nHs-fYbrByeX65pWKqKdkeAkj8hQCa156_RsufyTeAdLVDcdzuQrUy1DHWKjatp=s0,2026-02-18 06:05:30,3개월 전,https://www.youtube.com/post/UgkxCY9E8yUtlmdQzNvmNAlt8mwshJCimGaZ,5,1,잘.잤.다.,https://yt3.ggpht.com/GUDpMaye7A3S5iFqFVzKt_Y_csgSzldgfYu3QnEAT2VP6pIgPn5a3_ti8ysDD55V27RxvYSKgTpR=s0,1
우기아 류,https://yt3.googleusercontent.com/f8_JUzgRQbJn3bO47lDfjrdaKpL5E_vPd1Q_I4WROT32zDmGR8KbDtJ63zVd41bV9W52l1jQ=s0,2026-02-18 02:49:26,3개월 전,https://www.youtube.com/post/UgkxDvAsZ-Zz_byzI-Ma8SQ9GV03oMiwL_jk,10,2,옷팔이(투명하다),https://yt3.ggpht.com/G83UvnvfLQQ8dqNQ-eJyvxuEQ_parKcJaWJ-29dbL_sg6_LpJl5q1GewMl-DWbpB_4lZV0vNJDdg0Q=s0,1
토게의 팬텀퍼레이드 생활,https://yt3.googleusercontent.com/xqWSRg0zOx6oXwJ1Lo1BGqWewPErjQbQcLPo3dnPMzUI9WLPeHi5xKvtRHaWXGCM07Vd42rB2g=s0,2026-02-18 02:30:51,3개월 전,https://www.youtube.com/post/Ugkx6cYZi3j_Q870GdzYgACSXPpIvhE7QLlQ,14,1,주팬퍼 100시간 가자! 트릭컬도 50시간 가자💀💀,https://yt3.ggpht.com/QHhvopYxS8QPkjZB2kfsmDfYJ-971QXLcsX1uttGsQ4HFd8ev9FkcZlB032ZtV3J54ypL-xSEoRzlQ=s0,1
레몬좍,https://yt3.googleusercontent.com/IMTQD9ZbrrqrEH-Tqo9d072VnIhiTj_xCnDS41ovLnwSqKaMPK3fdy25MbusxXpNDEiA5rMNuA=s0,2026-02-18 02:24:57,3개월 전,https://www.youtube.com/post/UgkxgAGFTUqpTkXKoFwJVvi-bDAfytvS3pdd,3,1,와 진짜 좋다~,"https://yt3.ggpht.com/ij2amV-74dnxNNYdUZUgcEsBp7vvpOLX1k3OIMnrpbN_T7fVBfPVeqAfNRygv_PazqzjTbxgWaP_=s0
https://yt3.ggpht.com/jgvv9Qa_CS-p4XQsJz7D55yS0yOg7551TMBHoYGAmbchJX-wy7he3SiJ1LiSnDT7Fy4cgBGZRx-o8A=s0",2
토게의 팬텀퍼레이드 생활,https://yt3.googleusercontent.com/xqWSRg0zOx6oXwJ1Lo1BGqWewPErjQbQcLPo3dnPMzUI9WLPeHi5xKvtRHaWXGCM07Vd42rB2g=s0,2026-02-18 02:24:22,3개월 전,https://www.youtube.com/post/UgkxQjmBz6GzggYo6pa86RwnffTAVy5qAs1f,24,1,허나 거절한다,"https://yt3.ggpht.com/YZznQovvkauYwpqy8zObVuKaTyDjLP9FcDabyd0FN9PqAIGBPnPEOjhSDB6GOwX3acRzqNAi-B9Z7w=s0
https://yt3.ggpht.com/1aQmKphJp3UCAZhq4x6HgNUQ19H9lkk3jxR-FtXgskfAzFjsG-q7CaXwMns49fDxDC4G5kjSnO_eEEM=s0
https://yt3.ggpht.com/wJeChduWgH_XUNAmxHBgKzz40O_wKKqFLawGNZFUZ1KRDFgfsDRqugHTGoMv-WAMeM0zwYrbgrHfPg=s0
https://yt3.ggpht.com/NsuwnW28PKZwnzFbkclByhsAhK2smKZ0bts_UOFgO-dpkOAdboZsT1XnB97znsJU9mG1P9KAGo0QVw=s0
https://yt3.ggpht.com/UrmksHJAcdQOu6KTdqiz9VGfegP5q7lPP46Yl2oseX2GlVImauSM4N35lF-Zvs3Y_cvBA0XGa8Vv=s0",5
마리사랑단,https://yt3.googleusercontent.com/GllUzNYohgivBjdzxF3AHFjKYOKlDAxcPwzJGCHjDJKLm396fxWx2QDveqj_GVm0OX5UB2iArLA=s0,2026-02-18 02:08:35,3개월 전,https://www.youtube.com/post/Ugkx4FECWW5-Ze13wqNw2HX94yoy3KTxAwbY,4,3,"1주년 및 커뮤니티 개설을 경축 드리옵니다.
축하 영상을 쪄왔습니다.

https://youtu.be/nG39RXMsNGo",https://yt3.ggpht.com/DVsPXqeQTqTeaR0vnCW9SORQGclRFmYlnEmy7Oz0jqH0XOeKHkL77fHIi1923Jui4M7gM6fUc8-o_w=s0,1
제스퍼,https://yt3.googleusercontent.com/DvvPujkk44lLvFdN70HR9nYIm7DCJwB9-crPITkga-5PuqVb-wCMwxNiDMowiYiBk5IFyxKNhw=s0,2026-02-18 02:02:39,3개월 전,https://www.youtube.com/post/UgkxpjguJfXVgixa7yqdBCGtXCWUy4YErq9H,1,1,,https://yt3.ggpht.com/TMy8VnTV2jrhGXfcS82nNnFLeD0HDr6VEhKpZtlMIDdtYTrF7NKz1k0ZgJ1qPz1MxzESdKM62C2l=s0,1
토게의 팬텀퍼레이드 생활,https://yt3.googleusercontent.com/xqWSRg0zOx6oXwJ1Lo1BGqWewPErjQbQcLPo3dnPMzUI9WLPeHi5xKvtRHaWXGCM07Vd42rB2g=s0,2026-02-18 02:01:00,3개월 전,https://www.youtube.com/post/UgkxXSODiNQdnkNhMl6Gqm0FovIQsPj-300H,1,1,주팬퍼는 이제 이걸로 끝이다 안녕이다💀,"https://yt3.ggpht.com/iHiyPXNmvs7Rl9iM205hkbd_Vz8j7I7RSE7MiXZe1JdW40TkEpg1XzOw2RcZQZwdRlJKQcHwrEom=s0
https://yt3.ggpht.com/jJyVqw5PknPdCGvQWaVu1CBmwyZE0z--8Fttv0uhi-NqjX847K-KsJAJv2ZTtNo8eQPKyoKI2-DzZg=s0
https://yt3.ggpht.com/aww2zNvKfNHBwj-qsd2ll9YBaRdiZ96LTZW0Sa2TOTF7iu9iTcipQOM5sPl2tTNA2gNlS_z8y50oDqY=s0",3
레몬좍,https://yt3.googleusercontent.com/IMTQD9ZbrrqrEH-Tqo9d072VnIhiTj_xCnDS41ovLnwSqKaMPK3fdy25MbusxXpNDEiA5rMNuA=s0,2026-02-17 17:58:44,3개월 전,https://www.youtube.com/post/Ugkx3s8Cnj4SJtR02enetEbR2hPAba1zjkth,23,2,비비따잇.,https://yt3.ggpht.com/6goLsFqrwTPa3AHmZmB3t5QDpIc05pvEcJyAsHH1gEpCQZ0evyhB_s9ElIQklxhoFl2rm8kL-K80=s0,1
ABS Disk,https://yt3.googleusercontent.com/ytc/AIdro_kcqkdX-iRudrzS4KmfonNRdM0GfIZJk3qRzTj6c4NE9aM=s0,2026-02-18 01:57:50,3개월 전,https://www.youtube.com/post/UgkxooRnWZgexQmVMhdaDdoj0eJflSg8_2r8,11,2,트릭컬 모드는 구상은 그럭저럭 되는데 귀찮은 것이와요,https://yt3.ggpht.com/zmjyV0h_OsgvCw2bkjAnB0tkWtLa60w2DR_sZTC3_OzQGyva22oelhzTqpSJpuoj_k9p61AOEqbAskM=s0,1
제스퍼,https://yt3.googleusercontent.com/DvvPujkk44lLvFdN70HR9nYIm7DCJwB9-crPITkga-5PuqVb-wCMwxNiDMowiYiBk5IFyxKNhw=s0,2026-02-18 01:57:13,3개월 전,https://www.youtube.com/post/UgkxmlDUDI3LbgxNEDCKCItnlu_yoXsLqlEq,8,1,,https://yt3.ggpht.com/OCfcHSGqogiW_moP7ZW6LXcnykEIPhZXK5hi2jv-vxlYUAy9-VChp7GEeMbc9cLsfETJsZW1nnRbQw=s0,1
시온덜크,https://yt3.googleusercontent.com/6mvvsj3958XDKu8FDXYsz0uF79VN8htrgBzqadJLFRh4H9DnoYjKoU3mGC_zvOpJPaq5zLf3=s0,2026-02-18 01:56:05,3개월 전,https://www.youtube.com/post/Ugkx3DLxySoPpdfmAimOQ_Nkwo5AiaUo2SYF,20,2,벨라 해물탕,https://yt3.ggpht.com/wIe55GOJJn17An8owwSLeXclpEuP5XxOne0m5zcVHmXwIqO_E3Iqx4_Dxev-IRznZoU__0yfdeQaww=s0,1
우기아 류,https://yt3.googleusercontent.com/f8_JUzgRQbJn3bO47lDfjrdaKpL5E_vPd1Q_I4WROT32zDmGR8KbDtJ63zVd41bV9W52l1jQ=s0,2026-02-18 01:55:54,3개월 전,https://www.youtube.com/post/UgkxysGdA44naXIA3gypNReIDYQZQHuwjtFF,6,1,"디코에만 올려놓기엔 노력이 아까워서 대충 올려봅니다.
키디언,캐시,라이카,죠안,키라마엘,토네리코,네티,아네트입니다.",https://yt3.ggpht.com/wujE2RltMv640rc2tTFI2eD_GKPKw4sEXzo-tFgxypP3tRHIVLNWeuawyHBttr2yNLHT4LyR6hxA2w=s0,1
레몬좍,https://yt3.googleusercontent.com/IMTQD9ZbrrqrEH-Tqo9d072VnIhiTj_xCnDS41ovLnwSqKaMPK3fdy25MbusxXpNDEiA5rMNuA=s0,2026-02-18 01:54:20,3개월 전,https://www.youtube.com/post/UgkxLIH6bpKHLxk4m6nhpkxsmacmTI6z-uzK,37,1,잘자... 리온...,https://yt3.ggpht.com/YjUmqg-ln-rPXdoG-hdU4Q_Zt9cCcp7Ni5FF_TLTBDWDpTsiVwDYNAXY8nnGWH2NdG-57nLXoP4Uxw=s0,1
우기아 류,https://yt3.googleusercontent.com/f8_JUzgRQbJn3bO47lDfjrdaKpL5E_vPd1Q_I4WROT32zDmGR8KbDtJ63zVd41bV9W52l1jQ=s0,2026-02-17 17:50:57,3개월 전,https://www.youtube.com/post/UgkxQmnankKzcKc37ocKNbf6R5otXohcD3yw,4,2,안젤리나는 무슨수인일까,https://yt3.ggpht.com/liV3yqWfIe7vuZTww87BF9TOfj2wIZbUiLnsmKA3_NQo1qJA-A7B2u9a6XolTF-Y9jLvhTN-5YAWPLs=s0,1
천월,https://yt3.googleusercontent.com/PfewclUzgY1nV-GjtAyhzDIg0YoKONFLLxZaYGyJZFMwIqjUEX9rG7kdYsFRZKO1z1Tv7pEr3w=s0,2026-02-18 01:50:25,3개월 전,https://www.youtube.com/post/UgkxLXb8Hqvgc1h72mrLDjWQcZEfO50RuldM,30,1,으에엥! 스피키는 음식제료가 아니란 말이예요!,https://yt3.ggpht.com/OZuHae7YcOvaYZJi8D97rBPH-mPX3IZIqKyz5a3j9Jg371L-_ue1KSD3VsX8Ahp6VCPiTtfxc3zzYQ=s0,1
천월,https://yt3.googleusercontent.com/PfewclUzgY1nV-GjtAyhzDIg0YoKONFLLxZaYGyJZFMwIqjUEX9rG7kdYsFRZKO1z1Tv7pEr3w=s0,2026-02-18 01:49:08,3개월 전,https://www.youtube.com/post/UgkxQEjq92cer2uslt1m39qYMkT2_uMboF_O,26,1,으에엥! 스피키는 요리제료가 아니란 말이예요.,https://yt3.ggpht.com/enu5H0OxM_WpIRuN7_3g3n8sJDn6eYNxLPkQg0-cAiirq-BtWZGq9W6pbgxuPHJiZCwPIX2kpBpv=s0,1
ABS Disk,https://yt3.googleusercontent.com/ytc/AIdro_kcqkdX-iRudrzS4KmfonNRdM0GfIZJk3qRzTj6c4NE9aM=s0,2026-02-18 01:47:31,3개월 전,https://www.youtube.com/post/UgkxYlaC_0uAyjlR8q-FGdq9W6AyoB5tZdbV,10,1,영원살이들 신무장으로 천하통일하고 한장,https://yt3.ggpht.com/7-lyFzcIOIm2qhctGx0d_1Nw2XwFvizCIZACShj5DH8tIdXza_iO_dNCmNoNtBKzp1m68U0IrfIJS3c=s0,1
토게의 팬텀퍼레이드 생활,https://yt3.googleusercontent.com/xqWSRg0zOx6oXwJ1Lo1BGqWewPErjQbQcLPo3dnPMzUI9WLPeHi5xKvtRHaWXGCM07Vd42rB2g=s0,2026-02-18 01:47:00,3개월 전,https://www.youtube.com/post/Ugkx_bL0HC64f2GB0baBYUIzGdsPuVLPMiNn,40,2,이히히,"https://yt3.ggpht.com/fKTIz00qVMumEk3B6S6hF_AuIXpYK76qlvhqW_YGhbC_R4yztk3xaaFQwEWYhV1xzTsIwa1A42GBMw=s0
https://yt3.ggpht.com/Z6xo5HrNWJLqkHFZC5-kNt4xqA9Hwb7zwI3DmrJRgBI6xuaaouTRi9qEoe6rRyhtEV1rB50JbCZ16A=s0",2
우기아 류,https://yt3.googleusercontent.com/f8_JUzgRQbJn3bO47lDfjrdaKpL5E_vPd1Q_I4WROT32zDmGR8KbDtJ63zVd41bV9W52l1jQ=s0,2026-02-18 01:46:27,3개월 전,https://www.youtube.com/post/UgkxkFNOVdZg_1x8Gg3Ouj3R9MqENox6TtVO,20,4,어쩜이리 끔찍한 사진이,https://yt3.ggpht.com/tHW0iiBcpWucF1sdvvG35aN1Vy2zJILn6Z1uWLlpiQeg2NVQuOHE9NAV5L9HYWkb593izKG4vypLsw=s0,1
레몬좍,https://yt3.googleusercontent.com/IMTQD9ZbrrqrEH-Tqo9d072VnIhiTj_xCnDS41ovLnwSqKaMPK3fdy25MbusxXpNDEiA5rMNuA=s0,2026-02-18 01:45:54,3개월 전,https://www.youtube.com/post/Ugkxst7oSAyAnJa0lDiMOirnx-C0juNAfKLm,2,2,우옷! 우오오오옷!,https://yt3.ggpht.com/oVLPJ1-1Zpw9HygOJYqOA_L5O-v9foierCgJceEuABiUaLoa4acr-frxLmWSAPZbRYBqVY3Q6Uf7tg=s0,1
시온덜크,https://yt3.googleusercontent.com/6mvvsj3958XDKu8FDXYsz0uF79VN8htrgBzqadJLFRh4H9DnoYjKoU3mGC_zvOpJPaq5zLf3=s0,2026-02-18 01:44:49,3개월 전,https://www.youtube.com/post/UgkxgEz1bnA7i2K6hOVYlH2SJHG56UgJR06K,26,2,우로스 정면샷,https://yt3.ggpht.com/zL_F1g1oL2E2mqXdnByamN3L3x6_34AWFkwKvmpnSlSJm4y71hfZvrgHPpnOkAtDHPOhv1EabLYZHA=s0,1
토게의 팬텀퍼레이드 생활,https://yt3.googleusercontent.com/xqWSRg0zOx6oXwJ1Lo1BGqWewPErjQbQcLPo3dnPMzUI9WLPeHi5xKvtRHaWXGCM07Vd42rB2g=s0,2026-02-18 01:42:40,3개월 전,https://www.youtube.com/post/Ugkxv60E8N1ICeh1D5bez1phw5qtI5HkYxNA,10,2,리뉴아 어사이드 리워크 유출 ㄷㄷ,https://yt3.ggpht.com/T8ihhrdOW4MrCG0WiX-KXPlD7Sxu4GaKkykB_x828OVtTDcGCkn_aF3NEPIDAGL2leE9vZtHLcH9VUg=s0,1
토게의 팬텀퍼레이드 생활,https://yt3.googleusercontent.com/xqWSRg0zOx6oXwJ1Lo1BGqWewPErjQbQcLPo3dnPMzUI9WLPeHi5xKvtRHaWXGCM07Vd42rB2g=s0,2026-02-18 01:40:04,3개월 전,https://www.youtube.com/post/UgkxsUnLXZ7YQbCtqxC1JjM0YpUIrE5lt1pu,2,2,저는 남자지만 이녀석은 제 남편입니디,https://yt3.ggpht.com/Nlwv7wFmxurHvSYRE8JsDFsV1MYe3k7BaSwRMnyv4OVKwysrgWq4rsMcn4zHwGQiFN8gvgjlVHwy=s0,1
은의 용족 사와요,https://yt3.googleusercontent.com/1vXQ07EdfLkmv2DHCL0QVZt5pT49ZtruWKAF2m6kxkKA-MrWJqdtW-sSoblN4PUyiDjCkpjl=s0,2026-02-18 01:36:09,3개월 전,https://www.youtube.com/post/UgkxQW7bbQv7SmeJHy853cQaxPXMlgtkwnuE,6,4,"당신은 행복한 비비를 봤습니다.
행복한 비비가 당신에게 행복을 나눠줍니다

당신은 이제 아픔도 줄어들고 걱정도 불안도 줄어들며
남들에게 말 못하는 상처마저 아물기 시작합니다.

댓글에 

""비비야 고마워""
라고 써주사와요",https://yt3.ggpht.com/GBKpqfuY8kFYbJCGTTGPnrWK1s7IVRU-XTRBadZv9uE4fTCtNgxDx6KQ1as1C0lWB8gxwuSIWWGV9w=s0,1
레몬좍,https://yt3.googleusercontent.com/IMTQD9ZbrrqrEH-Tqo9d072VnIhiTj_xCnDS41ovLnwSqKaMPK3fdy25MbusxXpNDEiA5rMNuA=s0,2026-02-18 01:34:35,3개월 전,https://www.youtube.com/post/UgkxioAtcahpQ6HxxooHikQ3Rj5L4aSiwDcL,18,3,,https://yt3.ggpht.com/YoZklQ5p0keeuCL534g3BKm8_qNAxqrpsFy-tKP5vkwTLGQIol0dShwe7DUoSn57iWHPuONvjf1shWU=s0,1
은의 용족 사와요,https://yt3.googleusercontent.com/1vXQ07EdfLkmv2DHCL0QVZt5pT49ZtruWKAF2m6kxkKA-MrWJqdtW-sSoblN4PUyiDjCkpjl=s0,2026-02-18 01:32:47,3개월 전,https://www.youtube.com/post/UgkxwK9hgS27Ag3o8XO0TvPgSS39TYtcQB1Y,7,3,귀여운 짤이나 올려야지,https://yt3.ggpht.com/Kc45qmG6oAjNbaCzVMpFFgijcRdmew8pInTp5eAGsf6QOc_X9h_iTUWJ8lZlaVVyZf8Goz690VbYjQ=s0,1
토게의 팬텀퍼레이드 생활,https://yt3.googleusercontent.com/xqWSRg0zOx6oXwJ1Lo1BGqWewPErjQbQcLPo3dnPMzUI9WLPeHi5xKvtRHaWXGCM07Vd42rB2g=s0,2026-02-17 17:31:57,3개월 전,https://www.youtube.com/post/UgkxDNNs7SjueP7XFIZmmlHdFDD6K5tx9h1q,2,1,초보입니다 ㅠㅠ,"https://yt3.ggpht.com/wwdNlKZpUD1vMZqJfdRIM3i5Aw4fpDZlvl8er_DNrl6JJ8VTMANo2Jq-BwGLIg9pUrSQ82TeeFAAnw=s0
https://yt3.ggpht.com/d_fj10yVkWF2w456p_EJgCYFBFV2O73hd-oSpnje4ndK6gKczcGdM0cETpopzAAeXFkh7ghSmErE2HA=s0
https://yt3.ggpht.com/H0zpBxhF1lyZSl1Hokr3_LLUM10_VkwtR8TcFJkkxnpXPPWzRleW_qo_4TZyYC8Y3HRzsHN6pJFf3EE=s0",3
시온덜크,https://yt3.googleusercontent.com/6mvvsj3958XDKu8FDXYsz0uF79VN8htrgBzqadJLFRh4H9DnoYjKoU3mGC_zvOpJPaq5zLf3=s0,2026-02-18 01:31:25,3개월 전,https://www.youtube.com/post/UgkxVczT9k1yq70a1xTpjKv7Gyzmr487c8o9,22,8,내 아내임,https://yt3.ggpht.com/5jNsjzw0ZXuZx0Chf1p54RZCz7QvIivWFLVRoWWdoK_bVAkGkinKnpFygzKquoWvuhtAnXvUURZaqQ=s0,1
토게의 팬텀퍼레이드 생활,https://yt3.googleusercontent.com/xqWSRg0zOx6oXwJ1Lo1BGqWewPErjQbQcLPo3dnPMzUI9WLPeHi5xKvtRHaWXGCM07Vd42rB2g=s0,2026-02-18 01:28:23,3개월 전,https://www.youtube.com/post/Ugkx_XlcwOuY_iwa5sPm2m6S-b58aQBMm5_I,32,2,오늘의 명언(1번째사진),"https://yt3.ggpht.com/u4-iOzT1UD07xYNuNALM9Fa-uoOV4lcEHaFWmGhqaLEQ1yWRjl5dy73xZ7l8kyKVPGS0bY38xo5qHMs=s0
https://yt3.ggpht.com/DfsAsGwIBVr6y1i2V6Zti9kBy6yUSmAvIxEYnMHC39BqsaC7ZpaHL423dwFzW52xhAvi3OoJTHXiuvs=s0
https://yt3.ggpht.com/DWB6n7gdmY6s-kNv4nzhb6TsBDkD3S7J7K0jHqIHp6QcmbpCCJ4rG3UasNn3RjtuVykTVTZaIbgSUw=s0
https://yt3.ggpht.com/wjs4Ve3ExoNuDfrkYqTkFPIffnV30GfU-c7EFuesBhX0qZWibY6F03Z0cIhT7YmSEw2hig1_JvCl=s0",4
레몬좍,https://yt3.googleusercontent.com/IMTQD9ZbrrqrEH-Tqo9d072VnIhiTj_xCnDS41ovLnwSqKaMPK3fdy25MbusxXpNDEiA5rMNuA=s0,2026-02-18 01:27:12,3개월 전,https://www.youtube.com/post/Ugkxvk_lbYxh80YHCr2AJlWDAE173RU3xv25,23,3,비비따잇ㅋㅋㅋㅋ 좍좍ㅋㅋㅋㅋ,https://yt3.ggpht.com/DkVJ6M7OqC6g80b-mTLeFUDgrH8QpoMYEyJp8zmDc3xNAxeJ_ps7mk8-O9FhIO4_pyCGMBw1_biYeQ=s0,1
시온덜크,https://yt3.googleusercontent.com/6mvvsj3958XDKu8FDXYsz0uF79VN8htrgBzqadJLFRh4H9DnoYjKoU3mGC_zvOpJPaq5zLf3=s0,2026-02-18 01:25:10,3개월 전,https://www.youtube.com/post/UgkxUceSaAt_tepc-Th9cug7pTfXLponyFYq,4,2,삼각김밥 리온 냠냠,https://yt3.ggpht.com/ENi7fcSllwkwQwhRvhc2QSfoYQv7VMu17_DIfOJq_BN1oDxf1ayt0fGEQYgzFBo048JutNnYvo3xJ_8=s0,1
제스퍼,https://yt3.googleusercontent.com/DvvPujkk44lLvFdN70HR9nYIm7DCJwB9-crPITkga-5PuqVb-wCMwxNiDMowiYiBk5IFyxKNhw=s0,2026-02-18 01:21:26,3개월 전,https://www.youtube.com/post/UgkxJIKNq6MPJBhWAkhVMafl8aN2hQZoqoUL,14,2,,https://yt3.ggpht.com/J8is1_0v2LgqyFgZBNGTnfgw0cPkrvdeJwHxLfhZwMbGN-GU0n8NdMUw2tgFBFE6xzeEutB8_MumAPI=s0,1
레몬좍,https://yt3.googleusercontent.com/IMTQD9ZbrrqrEH-Tqo9d072VnIhiTj_xCnDS41ovLnwSqKaMPK3fdy25MbusxXpNDEiA5rMNuA=s0,2026-02-18 01:19:24,3개월 전,https://www.youtube.com/post/UgkxQxm4WCqtnFIkJZBF-luD1ookc-XROdGU,1,2,푸하하,https://yt3.ggpht.com/0dcjBwILDdLo9yi7vO05EW4RQh-f9VVBA4nGcewXhLUi3paWuzQFeft205UubGMwX8yFUddcygxVtg=s0,1
토게의 팬텀퍼레이드 생활,https://yt3.googleusercontent.com/xqWSRg0zOx6oXwJ1Lo1BGqWewPErjQbQcLPo3dnPMzUI9WLPeHi5xKvtRHaWXGCM07Vd42rB2g=s0,2026-02-18 01:16:19,3개월 전,https://www.youtube.com/post/Ugkxmnf9Tv2j1x6Jlq_e1jA2vWFhgSp55U9g,3,1,와아,https://yt3.ggpht.com/yQKX4Gr-bpRpn5DvFiDKrMIOfYKh7k1IwDHTOlYuNpl792gfaQX7D95kVy9N3k8N_RZJYzNf5WAF=s0,1
온리리온 2호점,https://yt3.googleusercontent.com/jlIhMicbFwdmtEkjkNHgxHZUiEBDWpoSITR1McD7DLbviDYWMkJ2gxlwW634wrMOhFKxV7806U0=s0,2026-02-13 20:33:19,3개월 전,https://www.youtube.com/post/Ugkxt4SzdZFkRMb2gZwnEvadWZCpEknXQNFM,103,5,"오늘 방송 즐거웠습니다


내일 일정 생각해서 오늘 저?녁 방송은 없을 것 같아요
모두 내일 봬요~


초대 응해주신 덜크님 감사드립니다

더 정진하겠읍니다",https://yt3.ggpht.com/OccWHZg2o-eixiu2zjiILGlfMneWiWMFTbis5NEWR1lqbHknjT6T5DCY48ZCQBhzPhx-9G0abCXz=s0,1
온리리온 2호점,https://yt3.googleusercontent.com/jlIhMicbFwdmtEkjkNHgxHZUiEBDWpoSITR1McD7DLbviDYWMkJ2gxlwW634wrMOhFKxV7806U0=s0,2026-02-11 23:49:54,3개월 전,https://www.youtube.com/post/UgkxEADsBOat6SnOb12_yv9_O57O1aVE9d0F,1,9,영상 못올리는 대신 부계에 올린 볼?팝 공유,,0
온리리온 2호점,https://yt3.googleusercontent.com/jlIhMicbFwdmtEkjkNHgxHZUiEBDWpoSITR1McD7DLbviDYWMkJ2gxlwW634wrMOhFKxV7806U0=s0,2026-02-11 19:16:14,3개월 전,https://www.youtube.com/post/UgkxHxL-Kn87dSLUAWGg2od8BPt7BK9zoUM_,26,8,"영상 편집 프로그램을 바꿔서 다음 업로드가 조금 느려질 것 같아요!

일주일 더 걸릴지도 모르겠어요 ㅜ


다음작 : 귀여운 이드


기대해주세요","https://yt3.ggpht.com/O2XTkzJp8hNlebDt2Nzd_GVsaYDpcUJbAwtvzCVHz5sZ2_UIElYceoYrHdLo57FC4m1aglgjHG7wjJw=s0
https://yt3.ggpht.com/bAuXba-lvrVs7a9rLZgtI3GJqpnE1tonjUYhiRH8_5ZD-gvZFH2l9b0B6y0q6n2Aqrek2pL8QD8YnQ=s0",2
온리리온 2호점,https://yt3.googleusercontent.com/jlIhMicbFwdmtEkjkNHgxHZUiEBDWpoSITR1McD7DLbviDYWMkJ2gxlwW634wrMOhFKxV7806U0=s0,2026-02-06 19:03:18,4개월 전,https://www.youtube.com/post/UgkxB-WETfLCrEBe5uYPXNXM5J6vxDwH8iw1,21,10,"휴방 공지


개인 사정으로 휴방합니다ㅠㅠ

길어질 수도 있을 것 같아요
추가 공지 있을때까지 쭉 못온다고 생각해주세요

미안해요

유툽 댓글까지 못보는건 아님!",,0
온리리온 2호점,https://yt3.googleusercontent.com/jlIhMicbFwdmtEkjkNHgxHZUiEBDWpoSITR1McD7DLbviDYWMkJ2gxlwW634wrMOhFKxV7806U0=s0,2026-02-05 13:54:26,4개월 전,https://www.youtube.com/post/UgkxYNVdqNkZAhlR16VfCTByu3nnIA1hT7Oy,101,14,"모모 어딨나 했었는데 밑에 있었음



리온 빔!


그리고 촌쟌니","https://yt3.ggpht.com/qe6ONoKLtI-Y6u4Kk2R82-L9z1wzABkTeLDr-7xFQ4U7X72QartCi1nZHutZPPQve3QzZCpf8Bko=s0
https://yt3.ggpht.com/nUK482psM7OJfuqr_bdLP3iYoHKSD8pTHvAaWyCk1WG0Y2wa-habBGQucRu16rz0sGX8Ls9XF_KHU4g=s0
https://yt3.ggpht.com/whA1yq85x0ycCqUR1WiqPuAy42oZhmcB-bCi5eGX9Kq_66cWdfC_TPxWpTmQdTCVVhYX0wjmVSSJqA=s0
https://yt3.ggpht.com/AGKE5QE_bIpHTEE3Fj0-B76VY2cm2vrXbM-89hYJr5ObCvvERxJbij12QQ6tGwYAq_-RA8JpPAo3Kw=s0",4
온리리온 2호점,https://yt3.googleusercontent.com/jlIhMicbFwdmtEkjkNHgxHZUiEBDWpoSITR1McD7DLbviDYWMkJ2gxlwW634wrMOhFKxV7806U0=s0,2026-02-04 10:20:20,4개월 전,https://www.youtube.com/post/UgkxEdC-oabj_2a-CWUsqi5Exfu23bZQgMrd,16,2,과연 유용할까?,https://yt3.ggpht.com/bi_LCpTmigGngzYT69sZ-f1zAJ7OUfAmpnyypwSegykGbbU8FY6UY0NJ1_H2rs875_xHp4mHAzDTGQ=s0,1
온리리온 2호점,https://yt3.googleusercontent.com/jlIhMicbFwdmtEkjkNHgxHZUiEBDWpoSITR1McD7DLbviDYWMkJ2gxlwW634wrMOhFKxV7806U0=s0,2026-02-04 18:16:30,4개월 전,https://www.youtube.com/post/Ugkx7AMbSc9IrZ9tgyiY8XRpOQbWa-KUQJPN,21,5,처절했던 그날의 흔적,"https://yt3.ggpht.com/dFqbFYGapSJgDaDfci-nOcdUk7yZeTBYoEmWEoNVpiYUl_ugZXaawfgSoASAP5Mgt5qwpvYONeG4Iw=s0
https://yt3.ggpht.com/godIiZ6dRcTMURlaEWc48cEBE791Jm2IdMdmrUq8u3npmR_8L1d3iO3Y6UFQXtkrRVuRF8bK05y4vg=s0
https://yt3.ggpht.com/OkJQzX8aRlD4lai1fkhEtIsbhhggJ4MiDxVoISfkD3GwvBd5k2Z4dDUiWXdoUJVZhfFdRQNI4Vu3Tg=s0
https://yt3.ggpht.com/8dCwqEo-_xeHrA2dphBNnIWQczVw-GlqrXb1nVt0H1Xd3qav_9ltyjS-rmzhTyzXOM925AekHHWUww=s0
https://yt3.ggpht.com/r4rtKRzM9ajdRmmUjOzc9DL1w-TeqxYidRKBK-SgINx_8hh4O1NTWpg3xzl17ymwxujOHDak3Vzx=s0",5
온리리온 2호점,https://yt3.googleusercontent.com/jlIhMicbFwdmtEkjkNHgxHZUiEBDWpoSITR1McD7DLbviDYWMkJ2gxlwW634wrMOhFKxV7806U0=s0,2026-01-29 07:16:33,4개월 전,https://www.youtube.com/post/UgkxckMEfE0dNt6-NNFmvLAXnWxYbHnFgF9m,23,4,기갱했으니까 살려주ㅜㅇㅅ,https://yt3.ggpht.com/WVW2wYyA3Fwxn6VJCj_vzjc1pnVj1dQdsEqg5TWIaUFCcHe62t2Wg65aOuz8a7IWQQsbLlknBzoOVg=s0,1
온리리온 2호점,https://yt3.googleusercontent.com/jlIhMicbFwdmtEkjkNHgxHZUiEBDWpoSITR1McD7DLbviDYWMkJ2gxlwW634wrMOhFKxV7806U0=s0,2026-01-28 10:18:03,4개월 전,https://www.youtube.com/post/UgkxSrRszEOiEJFHl3c0Ns2Ut1B5epiwSH94,32,6,"😀😨😭




자막 추가 예정","https://yt3.ggpht.com/I1kAz8UoDeOpjf7FRSnyqdF8jz-bmCl3otUoHlhBsw33XIarRKAFOR2mAzJpFYTMAkLxLNL9Fknx2Hc=s0
https://yt3.ggpht.com/ufoZMjFexli2TS6PFouzeTELj7ZP8iz6qzzZxwPQhOpfv7sAzK94BkkYrlazOZG0fL1uBHXp4bx_j3c=s0",2
온리리온 2호점,https://yt3.googleusercontent.com/jlIhMicbFwdmtEkjkNHgxHZUiEBDWpoSITR1McD7DLbviDYWMkJ2gxlwW634wrMOhFKxV7806U0=s0,2026-01-20 16:03:38,4개월 전(수정됨),https://www.youtube.com/post/UgkxSLrYbHMYxkvENch3rsrSbQqCCHT_g3og,48,4,"생방송 휴방 공지



오늘 (1/20) 휴방인 거사와요 ㅠㅠ

대신 휴방날인 목요일날 방송하고
일정 끝나면 긴긴 방송과 컨텐츠로 찾아뵙겠습니다

+원래 치지직에만 생방 공지를 남겼는데
일단 유튭 커뮤니티에도 올릴게요 못보실거같아서

계속 여기에 올릴지는 고민해봐야겠네용



감삼다",https://yt3.ggpht.com/zcI_vTq4jfMHg7bkvjjWfGJE4OWFQ7EeZrdAXVWxxAFswNx90o2nNcEU1mJSFm7w1IbVUDI-F3Pu2g=s0,1
온리리온 2호점,https://yt3.googleusercontent.com/jlIhMicbFwdmtEkjkNHgxHZUiEBDWpoSITR1McD7DLbviDYWMkJ2gxlwW634wrMOhFKxV7806U0=s0,2026-01-19 08:59:35,4개월 전,https://www.youtube.com/post/UgkxwJgAGvgFdt_9uXlUD7pnwmGriM-Ta7TN,26,3,"근황 아닌 근황



오늘 오후에 셰이디 노래가 올라올 예정이고요


디아나 노래인 '너를 떠나보내는 이 밤'이 리메이크 될 예정입니다
사실 노래는 진작에 만들어놨는데 영상이 고민이에요
좋아해주시는 분들이 꽤 있으셔서 언젠가는 나올겁니다


그리고 셰이디 다음 나올 곡은 '노래 한 곡으로 알아보는 트릭컬의 모든 밈' 노래입니다
좋은 댓글 써주신 분이 가사 활용을 허락해주셔서
아주 기대되는 노래가 나올 것 같습니다 ㅎㅎ



혹시 궁금한거 있으시면 댓글로 :>",https://yt3.ggpht.com/KbPZWnj4yyn3x0KxQXjOdIiMQANAk9SSB2oCWpjpf4dpgJZ6BrisW-Mfs4EJ7BH3DVkLYP0cYqX0Dmk=s0,1
온리리온 2호점,https://yt3.googleusercontent.com/jlIhMicbFwdmtEkjkNHgxHZUiEBDWpoSITR1McD7DLbviDYWMkJ2gxlwW634wrMOhFKxV7806U0=s0,2026-01-01 00:08:09,5개월 전,https://www.youtube.com/post/UgkxNLEkNAVTFOCd3zZBpNcQAqYP-tyy1Dh7,98,7,"2026은 볼따구의 해


모두 새해 복 많이 받으세요!!
새해 볼도 받으시고


행복한 에피카(말)의 해가 되기를",https://yt3.ggpht.com/g8YcutZX8n7RmiwpFUHomWg8BK2xM85HNlGj5s0w09S7tAcYMk14EXgYY0tyjd5UYM7F_G94uv4_sg=s0,1
온리리온 2호점,https://yt3.googleusercontent.com/jlIhMicbFwdmtEkjkNHgxHZUiEBDWpoSITR1McD7DLbviDYWMkJ2gxlwW634wrMOhFKxV7806U0=s0,2025-12-29 11:09:39,5개월 전,https://www.youtube.com/post/UgkxBKOewgpxmNKhm5yBGW747jWkeAJA5tX3,33,5,"때늦은 2025리캡 자랑


버황

그리고 죠황


모두 연말 잘 마무리하세요~","https://yt3.ggpht.com/fHMaPU3rRVe06a-a6aj0K1-LjX3CGPqQhNGxyvpE-FehTv4BlnNqjGjMe8jckQEOJwA9dpkiod3mKQ=s0
https://yt3.ggpht.com/THRCdzgmFBkw-e1EWjPq-Jph8XaSTjhMPtHfBvQY2siKhfM8oPOT93udv4c2x_ikuobkBXfdxKUFQg=s0
https://yt3.ggpht.com/E2fntBE_GYd-0laF60MidKsNILVjRJnxz_oY6R5KMHsXFov941NNHc1-w8-5NmJdUzyKnjLwgaadbA=s0",3
온리리온 2호점,https://yt3.googleusercontent.com/jlIhMicbFwdmtEkjkNHgxHZUiEBDWpoSITR1McD7DLbviDYWMkJ2gxlwW634wrMOhFKxV7806U0=s0,2025-12-26 11:02:25,5개월 전(수정됨),https://www.youtube.com/post/UgkxMSZxTRb4iXKS80QF2LpSDzsuDGKbFAto,3,0,"첫 생방송 시작했습니다!


유튜브 밀린 댓글 읽고 소통하는 시간 가져봅니다!

많관부

유튜브, 치지직 둘다 있습니다


https://chzzk.naver.com/live/7ec65aed...",,0
온리리온 2호점,https://yt3.googleusercontent.com/jlIhMicbFwdmtEkjkNHgxHZUiEBDWpoSITR1McD7DLbviDYWMkJ2gxlwW634wrMOhFKxV7806U0=s0,2025-12-13 14:00:00,5개월 전(수정됨),https://www.youtube.com/post/UgkxewYnzbpgeNCQoYzcE_kYuis2YZwQWxDD,17,5,"(속보) 온리리온 버터같이 복귀




학업 이슈로 인해 2주 정도 못 들어왔습니다

공지 못드려서 너무 죄송해요!

대신 마이볼 신곡을 들고왔습니다


아직 다 끝난 건 아니라서
다음 곡 들고오면서 밀린 댓글도 확인하고 채널 정상화 하겠습니다!

참고로 다음 노래는 스피키 곡입니다
그 스피키 말고 쪼아요 거리는 이상한 스피키 맞아요","https://yt3.ggpht.com/8iN9ETALo1wTnIcmrdWWRb8OgJMRRnod36-bufS5_pGYxfv-ZUtLT9M7rULZLk9lbmnTdNY_s1sLUA=s0
https://yt3.ggpht.com/KJ9dANgpaP_KhDjO5SsycjfZpZC24GA9ALz97GBh5B6heX5hJ1KlRK9qMZIFfubicZazkxlrVUA0=s0
https://yt3.ggpht.com/m6pSXU25U87zsr2k70HzqR5egXry7AkZKJPmAsvnB7YdIGkStQyvEir9lc6OXXWJGUCU7SZHrIUgvw=s0",3
온리리온 2호점,https://yt3.googleusercontent.com/jlIhMicbFwdmtEkjkNHgxHZUiEBDWpoSITR1McD7DLbviDYWMkJ2gxlwW634wrMOhFKxV7806U0=s0,2025-11-18 17:41:58,6개월 전,https://www.youtube.com/post/UgkxcSpszuIsjqtQVMAYoq1JDoncdzAf0_MX,9,1,,"https://yt3.ggpht.com/1bp4TVMpSiRpOcFY-hw5JEXFC7T68FJG_gdeH0vTjmJMRzkHoul_64_FmRc4riaDtbM2I9uiUaQEfQ=s0
https://yt3.ggpht.com/UgtdHvGjhyIpnuN8wA5K-ZdLkyg9489ykWkkulLhPlCEgCtRC-qIg21-pdzStXpnjUsZkrjb4M7Ukw=s0",2
온리리온 2호점,https://yt3.googleusercontent.com/jlIhMicbFwdmtEkjkNHgxHZUiEBDWpoSITR1McD7DLbviDYWMkJ2gxlwW634wrMOhFKxV7806U0=s0,2025-11-09 20:42:42,6개월 전(수정됨),https://www.youtube.com/post/UgkxOnjqCJYDqDuv4Sf3uoiNHeMlrRlsUw8A,12,0,"밀렸던 쇼츠와
신곡 뮤비

장전 완료


신곡은
천천히 올라옵니다


그리고 유튜브 뮤직앱에서 못듣던 노래들
일부는 바뀌어서 이제 들을 수 있어요!
일부는 아직도 안바뀜...",https://yt3.ggpht.com/mSGd9Utx2pnzl-X-wzvCRzINJmaDYPxyLEZcT6DXlslhwTF7aY75ctcBhqxgn3bBBkVxYObEw1-A=s0,1
온리리온 2호점,https://yt3.googleusercontent.com/jlIhMicbFwdmtEkjkNHgxHZUiEBDWpoSITR1McD7DLbviDYWMkJ2gxlwW634wrMOhFKxV7806U0=s0,2025-10-26 17:20:38,7개월 전,https://www.youtube.com/post/UgkxeS_MIu3F0BaBzZXgOyYlv65uKP0GRTEl,6,0,"라이브 시작했습니다!
많이들 보러 와주세요",,0
온리리온 2호점,https://yt3.googleusercontent.com/jlIhMicbFwdmtEkjkNHgxHZUiEBDWpoSITR1McD7DLbviDYWMkJ2gxlwW634wrMOhFKxV7806U0=s0,2025-10-25 18:32:11,7개월 전,https://www.youtube.com/post/UgkxvRCAHL3vITBzJpAYoJG7It2Q7ioCm6Hr,17,0,"10.26일 일요일, 라이브 콘서트를 개최합니다!
내일 저녁 5시 30분 유튜브에서 생방송으로 진행될 예정이니
첫번째 미니 라이브 많은 관심 부탁드립니다!","https://yt3.ggpht.com/p5n4YkhzmNhJQ5E8fSgMo4t7JZbhPRGLlbXYmPpILLbiXkOVGKxkQmyT0MFUHRffq_Rm9aJK2inM4g=s0
https://yt3.ggpht.com/2nN3lqnzNEWGL08GGfCYavl7jnJ7RnuysM_c0MltjZ8KstUHJY5hPAugGHkTW2jkVhop4TvM_LybuQ=s0",2
온리리온 2호점,https://yt3.googleusercontent.com/jlIhMicbFwdmtEkjkNHgxHZUiEBDWpoSITR1McD7DLbviDYWMkJ2gxlwW634wrMOhFKxV7806U0=s0,2025-10-20 20:53:38,7개월 전,https://www.youtube.com/post/UgkxR_MKvflHaevioYR_8YFJCCnm0-89tucU,15,1,"[트릭컬 볼팝] 들리지 않는 그리움 - 에르핀 (MV)에 사용된
콘셉샷 & 스틸컷입니다!

이쁜게 많이 나왔어요
특히 네르가 귀여움

영상 : 

https://youtu.be/apOkWHthhLQ","https://yt3.ggpht.com/LUf20xM4nBu4MaXtyvml99dBmtTU6SZ34xavlDT-1j46r-e-MPI8Z0lFYxrCYl3acgETGZbGxKVP9A=s0
https://yt3.ggpht.com/L_KT59a6sObG6wdMdzc-mErCr55W3OGE-3jmkc_sXOj9C8zHZF24fWUc7ytxLrSRvlEvkZkNgVEZ9w=s0
https://yt3.ggpht.com/abPMJC4cxY9-eqWQxBXiZ-FmVaThvp5kahBb4qFsXybRiNRO6wsS-pMuVftwDBo8ZIb7JpqkHW5siQ=s0
https://yt3.ggpht.com/Pqf3-IbW-8-_xBUtXbH49sNjJs9qk1zmsf1EUf8P5xhJRtvd0dzfyTQ_rWTHWedOWp_zpp9LxzNwGA=s0
https://yt3.ggpht.com/4jSPudeNgZGeag69CiokGQ-LbnxDShMYVjW0P0pdv4KhKzz0qSq2_Y3AErP9GyYyq9FgiUqXBS-YjQ=s0
https://yt3.ggpht.com/ojUKYICAbx8NTAukxHflCTzjBoruM0RKoQTdqYehz5PUS9vrYJvViYcKiqC0JsX46Vq8cCp5iJXRhA=s0
https://yt3.ggpht.com/Gq_tTrn1EvIwVPHIqjS1EJe7PlN1ZrjNggQX0KenTl3O8GyHsB4NvjRpORZKBAtJInS3dPOtJP43=s0
https://yt3.ggpht.com/M9jAGesy8Mf0AiUpHUgASWohbF-XCkSWf46MuLUdn_8tCphX2DFbKLdtT9l1jOmhnjGdR4hm75B40jc=s0",8
온리리온 2호점,https://yt3.googleusercontent.com/jlIhMicbFwdmtEkjkNHgxHZUiEBDWpoSITR1McD7DLbviDYWMkJ2gxlwW634wrMOhFKxV7806U0=s0,2025-10-17 12:15:17,7개월 전,https://www.youtube.com/post/UgkxBN8Zr4F8PnZPa7eYLm49hZt6wKbXZmCk,9,0,"(메인스 스포주의!!!)


시즌2 최신화 스포있어요!
















엔딩영상

노래 진짜 좋다
ㅠㅠㅠㅠㅠㅠ","https://yt3.ggpht.com/vi8e_2j9xxqb_OZTGlS0IPnwAcX_zK4wVc9EK59UddnSpLu8b63kNUh5_dH-13Xryrp7mSFlyvEnJw=s0
https://yt3.ggpht.com/1SAswgW74_NU23Y6l1Bb-R1DcjTfg8FndzcHuwHLowIhMpi8SaUKpkPlxl24LZFniCy-ZsMElbHItw=s0
https://yt3.ggpht.com/z0ciCAEUYNT8WBkjSvyzlkPROzqv6dLaX0BypmDLu_BcSBooMhzlHREoRTwU6GQaldE0s52nlL2f=s0",3
온리리온 2호점,https://yt3.googleusercontent.com/jlIhMicbFwdmtEkjkNHgxHZUiEBDWpoSITR1McD7DLbviDYWMkJ2gxlwW634wrMOhFKxV7806U0=s0,2025-10-10 17:17:19,7개월 전,https://www.youtube.com/post/UgkxsuhA9SnuaIiD8nPk4pDKwzbRPCA3qDDx,8,0,"여러분들의 성원 덕분에 '어느덧 당신이 온지' 노래가 볼팝 대회 3등을 수상했습니다!!!
볼팝의 부흥을 위해 대회를 개최해주신 시온덜크님,
그리고 투표해주신 분, 시청해주신 모든 분들께 진심으로 감사드립니다!


트릭컬을 사랑해주시는 모든 분들과 많은 공감을 나눌 수 있어 기뻤습니다.
앞으로도 트릭컬, 그리고 볼팝과 함께할 수 있도록 노력하겠습니다!",,0
온리리온 2호점,https://yt3.googleusercontent.com/jlIhMicbFwdmtEkjkNHgxHZUiEBDWpoSITR1McD7DLbviDYWMkJ2gxlwW634wrMOhFKxV7806U0=s0,2025-09-27 13:08:14,8개월 전,https://www.youtube.com/post/UgkxaS0L4qZ3BHyCWgjWSo0SnP-h4MsR8oFV,6,0,"트릭컬 2주년 운동회 왔습니다!

밖에 공식 ost가 크게 들리는데 너무 좋네요
돌아가면 곧 새 노래 올라갈 것 같습니다!","https://yt3.ggpht.com/qC2PIsF-lGOZwLl6z1YR6k3Vs6TMc0byg-aRbaXWf74M5Htqn0lqBjT6AbVAvGFYbaNMS2GoUeGAWg=s0
https://yt3.ggpht.com/sZxbkTErzR_Tix4AtkVoSkUrTIdQcla9tMiahNJ33Z9IkV5G_KNXbkWEyggl5GZ6ilG7dtlTA9jPzw=s0
https://yt3.ggpht.com/QfnkznZP_icvh52wRVsCMCY1VJmF9PIs5Ev4YQlUSGF3y3CeMao6mOPuFxzHLcSGvkF3QDw2qSE1tA=s0",3
온리리온 2호점,https://yt3.googleusercontent.com/jlIhMicbFwdmtEkjkNHgxHZUiEBDWpoSITR1McD7DLbviDYWMkJ2gxlwW634wrMOhFKxV7806U0=s0,2025-09-27 04:00:00,8개월 전,https://www.youtube.com/post/UgkxOYwfw687rUKQ6HQySdXA6EuTUsi0ipPt,6,2,"안녕하세요 온리리온입니다!

오늘은 9.27, 정확히 트릭컬의 2주년 되는 날입니다!
트릭컬 리바이브의 2주년을 진심으로 축하하며

동시에 제 영상에 많은 관심을 가지고 찾아와주신 모든 시청자 분들에게 감사의 말씀 드립니다!
앞으로도 열심히 활동할 예정이니 잘 부탁드리겠습니다!","https://yt3.ggpht.com/Gjj235yzcABikYcaoqPZs0iHX-TZ2iSR3cMEOadwgh-18gM56ZcvADDl_y57fqjPI7NOHzR3ceN_dxI=s0
https://yt3.ggpht.com/Ac1zgeR1BOjFUM_trrWqsGRU0W2AWb1EOBEa4b8nJRN5LeELmpsZ6J9J2fsVCLYamwBTl87qDjBSlw=s0",2
